threshold,recall,precision,f1,roc_auc,avg_precision,tn,fp,fn,tp,fpr,predicted_positive,model,n_models
0.09575554397982039,1.0,0.08527131782945736,0.15714285714285714,0.8750412366275508,0.3382631165592624,578,708,0,66,0.5505443234836703,774,ExtraTrees+LogisticRegression+AdaBoost_SMOTE,3
0.07231843695104657,1.0,0.08472400513478819,0.15621301775147928,0.877809981620246,0.33707478652475104,573,713,0,66,0.5544323483670296,779,LightGBM+ExtraTrees+LogisticRegression+AdaBoost_SMOTE,4
0.0743166579848653,1.0,0.08472400513478819,0.15621301775147928,0.8776803807908007,0.32597600100712876,573,713,0,66,0.5544323483670296,779,RandomForest+ExtraTrees+LogisticRegression+AdaBoost_SMOTE,4
0.13613331596973058,1.0,0.08461538461538462,0.15602836879432624,0.8673358782223479,0.2871851479596155,572,714,0,66,0.5552099533437014,780,LogisticRegression+AdaBoost_SMOTE,2
0.059854749560837264,1.0,0.08450704225352113,0.15584415584415584,0.8797775578490975,0.34266353290607926,571,715,0,66,0.5559875583203733,781,LightGBM+RandomForest+ExtraTrees+LogisticRegression+AdaBoost_SMOTE,5
0.0627756568776469,1.0,0.0842911877394636,0.15547703180212014,0.8790470804467694,0.32530776899178754,569,717,0,66,0.557542768273717,783,XGBoost_SMOTE+RandomForest+ExtraTrees+LogisticRegression+AdaBoost_SMOTE,5
0.09142458260139542,1.0,0.0842911877394636,0.15547703180212014,0.8739573024176446,0.33584542480795093,569,717,0,66,0.557542768273717,783,LightGBM+LogisticRegression+AdaBoost_SMOTE,3
0.052647566708826615,1.0,0.08418367346938775,0.15529411764705883,0.8804491257834959,0.3378191523384637,568,718,0,66,0.5583203732503889,784,LightGBM+XGBoost_SMOTE+RandomForest+ExtraTrees+LogisticRegression+AdaBoost_SMOTE,6
0.050294948639749086,1.0,0.08418367346938775,0.15529411764705883,0.8790942080211132,0.33872764530740246,568,718,0,66,0.5583203732503889,784,XGBoost+LightGBM+RandomForest+ExtraTrees+LogisticRegression+AdaBoost_SMOTE,6
0.07596957109705864,1.0,0.08418367346938775,0.15529411764705883,0.8772915783024647,0.3344481030898097,568,718,0,66,0.5583203732503889,784,XGBoost_SMOTE+ExtraTrees+LogisticRegression+AdaBoost_SMOTE,4
0.052729038070423784,1.0,0.0840764331210191,0.15511163337250294,0.8789174796173241,0.3300235337630958,567,719,0,66,0.5590979782270606,785,XGBoost+XGBoost_SMOTE+RandomForest+ExtraTrees+LogisticRegression+AdaBoost_SMOTE,6
0.05995251519475388,1.0,0.0840764331210191,0.15511163337250294,0.8780809651727226,0.3343237742012116,567,719,0,66,0.5590979782270606,785,XGBoost+RandomForest+ExtraTrees+LogisticRegression+AdaBoost_SMOTE,5
0.0583539383676989,1.0,0.0840764331210191,0.15511163337250294,0.8780338375983788,0.3409784266905786,567,719,0,66,0.5590979782270606,785,XGBoost+LightGBM+ExtraTrees+LogisticRegression+AdaBoost_SMOTE,5
0.07244064399344234,1.0,0.0840764331210191,0.15511163337250294,0.8765375371129648,0.33561648563128765,567,719,0,66,0.5590979782270606,785,XGBoost+ExtraTrees+LogisticRegression+AdaBoost_SMOTE,4
0.04548304918389541,1.0,0.08396946564885496,0.15492957746478872,0.8798953767849569,0.33651510783269667,566,720,0,66,0.5598755832037325,786,XGBoost+LightGBM+XGBoost_SMOTE+RandomForest+ExtraTrees+LogisticRegression+AdaBoost_SMOTE,7
0.061177080050591935,1.0,0.08396946564885496,0.15492957746478872,0.8796126113388943,0.33878173075521334,566,720,0,66,0.5598755832037325,786,LightGBM+XGBoost_SMOTE+ExtraTrees+LogisticRegression+AdaBoost_SMOTE,5
0.09408887731315373,1.0,0.08396946564885496,0.15492957746478872,0.8736509731844102,0.30583100703541327,566,720,0,66,0.5598755832037325,786,RandomForest+LogisticRegression+AdaBoost_SMOTE,3
0.06127484568450855,1.0,0.08375634517766498,0.15456674473067916,0.8782694754700975,0.3339365223889173,564,722,0,66,0.5614307931570762,788,XGBoost+XGBoost_SMOTE+ExtraTrees+LogisticRegression+AdaBoost_SMOTE,5
0.06369807799265956,1.0,0.08375634517766498,0.15456674473067916,0.8780809651727226,0.3222958993358257,564,722,0,66,0.5614307931570762,788,RandomForest+ExtraTrees+LogisticRegression+GradientBoosting_SMOTE+AdaBoost_SMOTE,5
0.051396890714544646,1.0,0.08365019011406843,0.1543859649122807,0.8794241010415194,0.33935859744635155,563,723,0,66,0.562208398133748,789,XGBoost+LightGBM+XGBoost_SMOTE+ExtraTrees+LogisticRegression+AdaBoost_SMOTE,6
0.06919242295962362,1.0,0.08365019011406843,0.1543859649122807,0.875170837456996,0.3357264031730372,563,723,0,66,0.562208398133748,789,XGBoost+LightGBM+LogisticRegression+AdaBoost_SMOTE,4
0.07712259749082445,1.0,0.08354430379746836,0.1542056074766355,0.8763961543899336,0.3309174235199182,562,724,0,66,0.5629860031104199,790,ExtraTrees+LogisticRegression+GradientBoosting_SMOTE+AdaBoost_SMOTE,4
0.09158752532458979,1.0,0.08354430379746836,0.1542056074766355,0.8727673311654649,0.3324158115766406,562,724,0,66,0.5629860031104199,790,XGBoost+LogisticRegression+AdaBoost_SMOTE,3
0.053416250971337155,1.0,0.08343868520859671,0.15402567094515754,0.8795772656581367,0.34051478457610224,561,725,0,66,0.5637636080870918,791,LightGBM+RandomForest+ExtraTrees+LogisticRegression+GradientBoosting_SMOTE+AdaBoost_SMOTE,6
0.04614192140890445,1.0,0.08343868520859671,0.15402567094515754,0.8785522409161599,0.33807219570087377,561,725,0,66,0.5637636080870918,791,XGBoost+LightGBM+RandomForest+ExtraTrees+LogisticRegression+GradientBoosting_SMOTE+AdaBoost_SMOTE,7
0.05349772233293434,1.0,0.08343868520859671,0.15402567094515754,0.8778688910881758,0.3323058828232353,561,725,0,66,0.5637636080870918,791,XGBoost+RandomForest+ExtraTrees+LogisticRegression+GradientBoosting_SMOTE+AdaBoost_SMOTE,6
0.048158451182399475,1.0,0.08333333333333333,0.15384615384615385,0.8787878787878788,0.32836242350983297,560,726,0,66,0.5645412130637636,792,LightGBM+XGBoost_SMOTE+RandomForest+ExtraTrees+LogisticRegression+GradientBoosting_SMOTE+AdaBoost_SMOTE,7
0.05585034040201187,1.0,0.08333333333333333,0.15384615384615385,0.8775154342805976,0.3189893055122298,560,726,0,66,0.5645412130637636,792,XGBoost_SMOTE+RandomForest+ExtraTrees+LogisticRegression+GradientBoosting_SMOTE+AdaBoost_SMOTE,6
0.07106843695104657,1.0,0.08333333333333333,0.15384615384615385,0.8773269239832225,0.3289862498977601,560,726,0,66,0.5645412130637636,792,LightGBM+RandomForest+LogisticRegression+AdaBoost_SMOTE,4
0.07119064399344234,1.0,0.08333333333333333,0.15384615384615385,0.875736368349121,0.3263557579735474,560,726,0,66,0.5645412130637636,792,XGBoost+RandomForest+LogisticRegression+AdaBoost_SMOTE,4
0.09629276146274485,1.0,0.08333333333333333,0.15384615384615385,0.873309298270418,0.30736159826402254,560,726,0,66,0.5645412130637636,792,XGBoost_SMOTE+LogisticRegression+AdaBoost_SMOTE,3
0.06209950116560459,1.0,0.0832282471626734,0.15366705471478465,0.8783283849380272,0.3348449028446744,559,727,0,66,0.5653188180404355,793,LightGBM+ExtraTrees+LogisticRegression+GradientBoosting_SMOTE+AdaBoost_SMOTE,5
0.060177080050591934,1.0,0.08312342569269521,0.15348837209302327,0.8785993684905038,0.32718601567409905,558,728,0,66,0.5660964230171073,794,LightGBM+XGBoost_SMOTE+RandomForest+LogisticRegression+AdaBoost_SMOTE,5
0.0573539383676989,1.0,0.08312342569269521,0.15348837209302327,0.8772208869409491,0.3299239862922578,558,728,0,66,0.5660964230171073,794,XGBoost+LightGBM+RandomForest+LogisticRegression+AdaBoost_SMOTE,5
0.06502040848241424,1.0,0.0830188679245283,0.15331010452961671,0.8764668457514492,0.3227186932876571,557,729,0,66,0.5668740279937792,795,XGBoost_SMOTE+ExtraTrees+LogisticRegression+GradientBoosting_SMOTE+AdaBoost_SMOTE,5
0.07471957109705864,1.0,0.0830188679245283,0.15331010452961671,0.8762783354540742,0.313794207386211,557,729,0,66,0.5668740279937792,795,XGBoost_SMOTE+RandomForest+LogisticRegression+AdaBoost_SMOTE,4
0.1029550957512724,1.0,0.0829145728643216,0.1531322505800464,0.8793651915735897,0.3367668233164839,556,730,0,66,0.567651632970451,796,LightGBM+XGBoost_SMOTE+RandomForest+ExtraTrees+LogisticRegression+AdaBoost_SMOTE+EasyEnsemble,7
0.0482282837780542,1.0,0.0829145728643216,0.1531322505800464,0.8775743437485273,0.32167566190086333,556,730,0,66,0.567651632970451,796,XGBoost+XGBoost_SMOTE+RandomForest+ExtraTrees+LogisticRegression+GradientBoosting_SMOTE+AdaBoost_SMOTE,7
0.07272135006323992,1.0,0.0829145728643216,0.1531322505800464,0.8767142655167538,0.3366205126991755,556,730,0,66,0.567651632970451,796,LightGBM+XGBoost_SMOTE+LogisticRegression+AdaBoost_SMOTE,4
0.042450637788888065,1.0,0.08281053952321205,0.15295480880648898,0.878387294405957,0.33404681885132764,555,731,0,66,0.5684292379471229,797,XGBoost+LightGBM+XGBoost_SMOTE+RandomForest+ExtraTrees+LogisticRegression+GradientBoosting_SMOTE+AdaBoost_SMOTE,8
0.11953943096665924,1.0,0.08281053952321205,0.15295480880648898,0.8780809651727225,0.3271948731785644,555,731,0,66,0.5684292379471229,797,XGBoost_SMOTE+RandomForest+ExtraTrees+LogisticRegression+AdaBoost_SMOTE+EasyEnsemble,6
0.06027484568450855,1.0,0.08281053952321205,0.15295480880648898,0.8768792120269571,0.320827878412897,555,731,0,66,0.5684292379471229,797,XGBoost+XGBoost_SMOTE+RandomForest+LogisticRegression+AdaBoost_SMOTE,5
0.0621972667995212,1.0,0.08281053952321205,0.15295480880648898,0.876879212026957,0.3349573326553472,555,731,0,66,0.5684292379471229,797,XGBoost+ExtraTrees+LogisticRegression+GradientBoosting_SMOTE+AdaBoost_SMOTE,5
0.09783012998776595,1.0,0.08281053952321205,0.15295480880648898,0.8722960554220274,0.3013762170360062,555,731,0,66,0.5684292379471229,797,LogisticRegression+GradientBoosting_SMOTE+AdaBoost_SMOTE,3
0.050563557381211315,1.0,0.08270676691729323,0.1527777777777778,0.8783401668316131,0.3279538900594279,554,732,0,66,0.5692068429237948,798,XGBoost+LightGBM+XGBoost_SMOTE+RandomForest+LogisticRegression+AdaBoost_SMOTE,6
0.052165574977055186,1.0,0.08270676691729323,0.1527777777777778,0.8778453273010038,0.33702175533839074,554,732,0,66,0.5692068429237948,798,XGBoost+LightGBM+ExtraTrees+LogisticRegression+GradientBoosting_SMOTE+AdaBoost_SMOTE,6
0.09030807111289599,1.0,0.0825,0.15242494226327943,0.8784226400867148,0.3352246986521202,552,734,0,66,0.5707620528771384,800,XGBoost+LightGBM+XGBoost_SMOTE+RandomForest+ExtraTrees+LogisticRegression+AdaBoost_SMOTE+EasyEnsemble,8
0.05451819304613272,1.0,0.0825,0.15242494226327943,0.878187002214996,0.330531467453954,552,734,0,66,0.5707620528771384,800,LightGBM+XGBoost_SMOTE+ExtraTrees+LogisticRegression+GradientBoosting_SMOTE+AdaBoost_SMOTE,6
0.0545996644077299,1.0,0.0825,0.15242494226327943,0.8767849568782694,0.331530958341042,552,734,0,66,0.5707620528771384,800,XGBoost+XGBoost_SMOTE+ExtraTrees+LogisticRegression+GradientBoosting_SMOTE+AdaBoost_SMOTE,6
0.047086443187300646,1.0,0.08239700374531835,0.1522491349480969,0.877809981620246,0.3337747741822459,551,735,0,66,0.5715396578538102,801,XGBoost+LightGBM+XGBoost_SMOTE+ExtraTrees+LogisticRegression+GradientBoosting_SMOTE+AdaBoost_SMOTE,7
0.0610995011656046,1.0,0.08239700374531835,0.1522491349480969,0.8776568170036287,0.33284389891893945,551,735,0,66,0.5715396578538102,801,LightGBM+RandomForest+LogisticRegression+GradientBoosting_SMOTE+AdaBoost_SMOTE,5
0.1377038571451718,1.0,0.08239700374531835,0.1522491349480969,0.8768438663461992,0.3303845143882853,551,735,0,66,0.5715396578538102,801,LightGBM+RandomForest+LogisticRegression+AdaBoost_SMOTE+EasyEnsemble,5
0.07387437645700574,1.0,0.08239700374531835,0.1522491349480969,0.8753593477543711,0.3342041287769152,551,735,0,66,0.5715396578538102,801,LightGBM+LogisticRegression+GradientBoosting_SMOTE+AdaBoost_SMOTE,4
0.07587259749082445,1.0,0.08239700374531835,0.1522491349480969,0.8750058909467929,0.3085955233771586,551,735,0,66,0.5715396578538102,801,RandomForest+LogisticRegression+GradientBoosting_SMOTE+AdaBoost_SMOTE,4
0.11823927837648447,1.0,0.08229426433915212,0.15207373271889402,0.8783990762995428,0.3436097842174174,550,736,0,66,0.5723172628304821,802,LightGBM+XGBoost_SMOTE+ExtraTrees+LogisticRegression+AdaBoost_SMOTE+EasyEnsemble,6
0.1395187566795478,1.0,0.08229426433915212,0.15207373271889402,0.8764197181771054,0.3415876129258476,550,736,0,66,0.5723172628304821,802,LightGBM+XGBoost_SMOTE+LogisticRegression+AdaBoost_SMOTE+EasyEnsemble,5
0.1411973171599911,1.0,0.08229426433915212,0.15207373271889402,0.8763372449220039,0.33419287017262184,550,736,0,66,0.5723172628304821,802,XGBoost_SMOTE+ExtraTrees+LogisticRegression+AdaBoost_SMOTE+EasyEnsemble,5
0.07284355710563568,1.0,0.08229426433915212,0.15207373271889402,0.8753357839671991,0.3316375994704415,550,736,0,66,0.5723172628304821,802,XGBoost+XGBoost_SMOTE+LogisticRegression+AdaBoost_SMOTE,4
0.1027164977777452,1.0,0.0821917808219178,0.1518987341772152,0.8778453273010038,0.33172584220990325,549,737,0,66,0.573094867807154,803,XGBoost+XGBoost_SMOTE+RandomForest+ExtraTrees+LogisticRegression+AdaBoost_SMOTE+EasyEnsemble,7
0.05867626885745357,1.0,0.0821917808219178,0.1518987341772152,0.8770912861115039,0.32904655995182525,549,737,0,66,0.573094867807154,803,XGBoost+LightGBM+XGBoost_SMOTE+LogisticRegression+AdaBoost_SMOTE,5
0.06242183165535927,1.0,0.0821917808219178,0.1518987341772152,0.8761722984118008,0.3297305288242617,549,737,0,66,0.573094867807154,803,LightGBM+XGBoost_SMOTE+LogisticRegression+GradientBoosting_SMOTE+AdaBoost_SMOTE,5
0.0775255106030178,1.0,0.0821917808219178,0.1518987341772152,0.8734624628870352,0.3097272804818225,549,737,0,66,0.573094867807154,803,XGBoost_SMOTE+LogisticRegression+GradientBoosting_SMOTE+AdaBoost_SMOTE,4
0.17389666688325345,1.0,0.0821917808219178,0.1518987341772152,0.8728026768462227,0.3091057945827235,549,737,0,66,0.573094867807154,803,XGBoost_SMOTE+LogisticRegression+AdaBoost_SMOTE+EasyEnsemble,4
0.0536848597127994,1.0,0.08208955223880597,0.15172413793103448,0.8774211791319102,0.32660608626215293,548,738,0,66,0.5738724727838258,804,LightGBM+XGBoost_SMOTE+RandomForest+LogisticRegression+GradientBoosting_SMOTE+AdaBoost_SMOTE,6
0.11579488095430986,1.0,0.08198757763975155,0.1515499425947187,0.8788703520429804,0.34102602688475947,547,739,0,66,0.5746500777604977,805,LightGBM+RandomForest+ExtraTrees+LogisticRegression+AdaBoost_SMOTE+EasyEnsemble,6
0.10160208127188113,1.0,0.08198757763975155,0.1515499425947187,0.8777628540459023,0.33737502281139964,547,739,0,66,0.5746500777604977,805,XGBoost+LightGBM+XGBoost_SMOTE+ExtraTrees+LogisticRegression+AdaBoost_SMOTE+EasyEnsemble,7
0.13826404025338154,1.0,0.08198757763975155,0.1515499425947187,0.8770912861115039,0.32917466044087945,547,739,0,66,0.5746500777604977,805,RandomForest+ExtraTrees+LogisticRegression+AdaBoost_SMOTE+EasyEnsemble,5
0.0611972667995212,1.0,0.08198757763975155,0.1515499425947187,0.875748150242707,0.32290256787365695,547,739,0,66,0.5746500777604977,805,XGBoost+RandomForest+LogisticRegression+GradientBoosting_SMOTE+AdaBoost_SMOTE,5
0.06402040848241423,1.0,0.08198757763975155,0.1515499425947187,0.8754300391158867,0.3091476495931247,547,739,0,66,0.5746500777604977,805,XGBoost_SMOTE+RandomForest+LogisticRegression+GradientBoosting_SMOTE+AdaBoost_SMOTE,5
0.1396165223134644,1.0,0.08198757763975155,0.1515499425947187,0.8748998539045196,0.33872562753830116,547,739,0,66,0.5746500777604977,805,XGBoost+XGBoost_SMOTE+LogisticRegression+AdaBoost_SMOTE+EasyEnsemble,5
0.1712675503167269,1.0,0.08198757763975155,0.1515499425947187,0.8737687921202696,0.31252934608621347,547,739,0,66,0.5746500777604977,805,RandomForest+LogisticRegression+AdaBoost_SMOTE+EasyEnsemble,4
0.1179322972329565,1.0,0.08188585607940446,0.15137614678899083,0.8779513643432773,0.32733871408903203,546,740,0,66,0.5754276827371695,806,LightGBM+XGBoost_SMOTE+RandomForest+LogisticRegression+AdaBoost_SMOTE+EasyEnsemble,6
0.11796091407403608,1.0,0.08188585607940446,0.15137614678899083,0.87704415853716,0.3306944097771751,546,740,0,66,0.5754276827371695,806,XGBoost+XGBoost_SMOTE+ExtraTrees+LogisticRegression+AdaBoost_SMOTE+EasyEnsemble,6
0.04637215747301494,1.0,0.08188585607940446,0.15137614678899083,0.8769970309628163,0.3282793317385881,546,740,0,66,0.5754276827371695,806,XGBoost+LightGBM+XGBoost_SMOTE+RandomForest+LogisticRegression+GradientBoosting_SMOTE+AdaBoost_SMOTE,7
0.11504969739502002,1.0,0.08188585607940446,0.15137614678899083,0.876313681134832,0.3317446127677588,546,740,0,66,0.5754276827371695,806,XGBoost+LightGBM+RandomForest+LogisticRegression+AdaBoost_SMOTE+EasyEnsemble,6
0.053766331074396566,1.0,0.08188585607940446,0.15137614678899083,0.8757245864555352,0.3196925684025513,546,740,0,66,0.5754276827371695,806,XGBoost+XGBoost_SMOTE+RandomForest+LogisticRegression+GradientBoosting_SMOTE+AdaBoost_SMOTE,6
0.14111733350660277,1.0,0.08188585607940446,0.15137614678899083,0.8753593477543711,0.31657277185038907,546,740,0,66,0.5754276827371695,806,XGBoost_SMOTE+RandomForest+LogisticRegression+AdaBoost_SMOTE+EasyEnsemble,5
0.06251959728927588,1.0,0.08188585607940446,0.15137614678899083,0.8746524341392148,0.3256533609113331,546,740,0,66,0.5754276827371695,806,XGBoost+XGBoost_SMOTE+LogisticRegression+GradientBoosting_SMOTE+AdaBoost_SMOTE,5
0.16931732143146477,1.0,0.08188585607940446,0.15137614678899083,0.8742047221829492,0.3394755318647778,546,740,0,66,0.5754276827371695,806,LightGBM+LogisticRegression+AdaBoost_SMOTE+EasyEnsemble,4
0.10144138963314961,1.0,0.08178438661710037,0.15120274914089346,0.8771737593666054,0.3285956485239155,545,741,0,66,0.5762052877138414,807,XGBoost+LightGBM+XGBoost_SMOTE+RandomForest+LogisticRegression+AdaBoost_SMOTE+EasyEnsemble,7
0.05133224164372186,1.0,0.08178438661710037,0.15120274914089346,0.8768085206654413,0.3313267174392458,545,741,0,66,0.5762052877138414,807,XGBoost+LightGBM+RandomForest+LogisticRegression+GradientBoosting_SMOTE+AdaBoost_SMOTE,6
0.11668162123867454,1.0,0.08178438661710037,0.15120274914089346,0.8762783354540742,0.3367583006598791,545,741,0,66,0.5762052877138414,807,XGBoost+LightGBM+XGBoost_SMOTE+LogisticRegression+AdaBoost_SMOTE+EasyEnsemble,6
0.11801376859455366,1.0,0.08178438661710037,0.15120274914089346,0.8760780432631132,0.3241799074411503,545,741,0,66,0.5762052877138414,807,XGBoost+XGBoost_SMOTE+RandomForest+LogisticRegression+AdaBoost_SMOTE+EasyEnsemble,6
0.11551651665186147,1.0,0.08168316831683169,0.15102974828375287,0.8773976153447383,0.33339618857767117,544,742,0,66,0.5769828926905132,808,XGBoost+RandomForest+ExtraTrees+LogisticRegression+AdaBoost_SMOTE+EasyEnsemble,6
0.05243418371851743,1.0,0.08168316831683169,0.15102974828375287,0.876313681134832,0.3279461886043251,544,742,0,66,0.5769828926905132,808,XGBoost+LightGBM+XGBoost_SMOTE+LogisticRegression+GradientBoosting_SMOTE+AdaBoost_SMOTE,6
0.07399658349940151,1.0,0.08168316831683169,0.15102974828375287,0.873874829162543,0.33210121303847495,544,742,0,66,0.5769828926905132,808,XGBoost+LogisticRegression+GradientBoosting_SMOTE+AdaBoost_SMOTE,4
0.2246067337556359,1.0,0.08168316831683169,0.15102974828375287,0.869209199302512,0.30199218121776095,544,742,0,66,0.5769828926905132,808,LogisticRegression+AdaBoost_SMOTE+EasyEnsemble,3
0.09950688348144575,1.0,0.0815822002472188,0.15085714285714286,0.8779042367689336,0.3375911076405487,543,743,0,66,0.5777604976671851,809,XGBoost+LightGBM+RandomForest+ExtraTrees+LogisticRegression+AdaBoost_SMOTE+EasyEnsemble,7
0.13670385714517183,1.0,0.0815822002472188,0.15085714285714286,0.8775389980677695,0.34732498941218437,543,743,0,66,0.5777604976671851,809,LightGBM+ExtraTrees+LogisticRegression+AdaBoost_SMOTE+EasyEnsemble,5
0.13736981998223374,1.0,0.0815822002472188,0.15085714285714286,0.8754064753287147,0.3302107324756521,543,743,0,66,0.5777604976671851,809,XGBoost+RandomForest+LogisticRegression+AdaBoost_SMOTE+EasyEnsemble,5
0.17001755031672694,1.0,0.0815822002472188,0.15085714285714286,0.8750412366275508,0.3416812661042627,543,743,0,66,0.5777604976671851,809,ExtraTrees+LogisticRegression+AdaBoost_SMOTE+EasyEnsemble,4
0.059598689972466236,1.0,0.08148148148148149,0.1506849315068493,0.8755832037325039,0.3385740844679727,542,744,0,66,0.578538102643857,810,XGBoost+LightGBM+LogisticRegression+GradientBoosting_SMOTE+AdaBoost_SMOTE,5
0.13580963687402403,1.0,0.08138101109741061,0.15051311288483465,0.8747113436071445,0.34203566371584615,541,745,0,66,0.5793157076205288,811,XGBoost+LightGBM+LogisticRegression+AdaBoost_SMOTE+EasyEnsemble,5
0.16889977497779218,1.0,0.08138101109741061,0.15051311288483465,0.8729676233564259,0.33772297917439803,541,745,0,66,0.5793157076205288,811,XGBoost+LogisticRegression+AdaBoost_SMOTE+EasyEnsemble,4
0.09132033189748752,1.0,0.08098159509202454,0.14982973893303064,0.8779395824496913,0.32867516687928544,537,749,0,66,0.5824261275272161,815,LightGBM+XGBoost_SMOTE+RandomForest+ExtraTrees+LogisticRegression+GradientBoosting_SMOTE+AdaBoost_SMOTE+EasyEnsemble,8
0.11421636406168671,1.0,0.08098159509202454,0.14982973893303064,0.8768203025590273,0.3394429161353495,537,749,0,66,0.5824261275272161,815,XGBoost+LightGBM+ExtraTrees+LogisticRegression+AdaBoost_SMOTE+EasyEnsemble,6
0.10347323645427145,1.0,0.08098159509202454,0.14982973893303064,0.8765611009001366,0.3271515940362649,537,749,0,66,0.5824261275272161,815,LightGBM+XGBoost_SMOTE+RandomForest+LogisticRegression+GradientBoosting_SMOTE+AdaBoost_SMOTE+EasyEnsemble,7
0.13636981998223377,1.0,0.08098159509202454,0.14982973893303064,0.8759602243272538,0.35105824371411337,537,749,0,66,0.5824261275272161,815,XGBoost+ExtraTrees+LogisticRegression+AdaBoost_SMOTE+EasyEnsemble,5
0.12014392845349146,1.0,0.08098159509202454,0.14982973893303064,0.8748055987558321,0.30908198566444667,537,749,0,66,0.5824261275272161,815,XGBoost_SMOTE+RandomForest+LogisticRegression+GradientBoosting_SMOTE+AdaBoost_SMOTE+EasyEnsemble,6
0.10387336724584982,1.0,0.08078335373317014,0.14949037372593432,0.876855648239785,0.31880092416131733,535,751,0,66,0.5839813374805599,817,XGBoost_SMOTE+RandomForest+ExtraTrees+LogisticRegression+GradientBoosting_SMOTE+AdaBoost_SMOTE+EasyEnsemble,7
0.09076144422802015,1.0,0.08078335373317014,0.14949037372593432,0.876136952731043,0.3271875830615734,535,751,0,66,0.5839813374805599,817,XGBoost+LightGBM+XGBoost_SMOTE+RandomForest+LogisticRegression+GradientBoosting_SMOTE+AdaBoost_SMOTE+EasyEnsemble,8
0.10323463848074425,1.0,0.08068459657701711,0.1493212669683258,0.8752886563928555,0.3211501321770127,534,752,0,66,0.5847589424572317,818,XGBoost+XGBoost_SMOTE+RandomForest+LogisticRegression+GradientBoosting_SMOTE+AdaBoost_SMOTE+EasyEnsemble,7
0.08137128375824014,1.0,0.08058608058608059,0.14915254237288136,0.8772208869409491,0.33229275298757766,533,753,0,66,0.5855365474339036,819,XGBoost+LightGBM+XGBoost_SMOTE+RandomForest+ExtraTrees+LogisticRegression+GradientBoosting_SMOTE+AdaBoost_SMOTE+EasyEnsemble,9
0.1188437758633167,1.0,0.08058608058608059,0.14915254237288136,0.8754889485838164,0.33328854341157577,533,753,0,66,0.5855365474339036,819,LightGBM+XGBoost_SMOTE+LogisticRegression+GradientBoosting_SMOTE+AdaBoost_SMOTE+EasyEnsemble,6
0.14192271414418975,1.0,0.08058608058608059,0.14915254237288136,0.8730972241858712,0.3142442408065956,533,753,0,66,0.5855365474339036,819,XGBoost_SMOTE+LogisticRegression+GradientBoosting_SMOTE+AdaBoost_SMOTE+EasyEnsemble,5
0.09111155867065122,1.0,0.08038976857490865,0.1488162344983089,0.876490409538621,0.32265105624505575,531,755,0,66,0.5870917573872473,821,XGBoost+XGBoost_SMOTE+RandomForest+ExtraTrees+LogisticRegression+GradientBoosting_SMOTE+AdaBoost_SMOTE+EasyEnsemble,8
0.10275895073998573,1.0,0.08029197080291971,0.14864864864864866,0.8774447429190819,0.32981749843769614,530,756,0,66,0.5878693623639192,822,LightGBM+XGBoost_SMOTE+ExtraTrees+LogisticRegression+GradientBoosting_SMOTE+AdaBoost_SMOTE+EasyEnsemble,7
0.10212022197488017,1.0,0.08019441069258809,0.1484814398200225,0.8753593477543711,0.3355515499309952,529,757,0,66,0.588646967340591,823,XGBoost+LightGBM+XGBoost_SMOTE+LogisticRegression+GradientBoosting_SMOTE+AdaBoost_SMOTE+EasyEnsemble,7
0.1185654115608683,1.0,0.08019441069258809,0.1484814398200225,0.8741575946086055,0.33309052484692614,529,757,0,66,0.588646967340591,823,XGBoost+XGBoost_SMOTE+LogisticRegression+GradientBoosting_SMOTE+AdaBoost_SMOTE+EasyEnsemble,6
0.09013644422802014,1.0,0.08009708737864078,0.14831460674157304,0.8768909939205429,0.3366713386716459,528,758,0,66,0.5894245723172629,824,XGBoost+LightGBM+XGBoost_SMOTE+ExtraTrees+LogisticRegression+GradientBoosting_SMOTE+AdaBoost_SMOTE+EasyEnsemble,8
0.11931059512015812,1.0,0.08009708737864078,0.14831460674157304,0.8760309156887696,0.33074601340339926,528,758,0,66,0.5894245723172629,824,XGBoost_SMOTE+ExtraTrees+LogisticRegression+GradientBoosting_SMOTE+AdaBoost_SMOTE+EasyEnsemble,6
0.11639937844114208,1.0,0.07990314769975787,0.14798206278026907,0.8772797964088788,0.3319868433198901,526,760,0,66,0.5909797822706065,826,LightGBM+RandomForest+LogisticRegression+GradientBoosting_SMOTE+AdaBoost_SMOTE+EasyEnsemble,6
0.10252035276645854,1.0,0.07990314769975787,0.14798206278026907,0.8759955700080116,0.32885412872140496,526,760,0,66,0.5909797822706065,826,XGBoost+XGBoost_SMOTE+ExtraTrees+LogisticRegression+GradientBoosting_SMOTE+AdaBoost_SMOTE+EasyEnsemble,7
0.13898943723758023,1.0,0.07971014492753623,0.1476510067114094,0.874994109053207,0.3124742288170862,524,762,0,66,0.5925349922239502,828,RandomForest+LogisticRegression+GradientBoosting_SMOTE+AdaBoost_SMOTE+EasyEnsemble,5
0.1000250241844448,1.0,0.07961399276236429,0.14748603351955308,0.8763725906027617,0.33126653316296634,523,763,0,66,0.5933125972006221,829,XGBoost+LightGBM+RandomForest+LogisticRegression+GradientBoosting_SMOTE+AdaBoost_SMOTE+EasyEnsemble,7
0.11686619769798351,1.0,0.07951807228915662,0.14732142857142858,0.8776685988972148,0.3206704225255897,522,764,0,66,0.5940902021772939,830,RandomForest+ExtraTrees+LogisticRegression+GradientBoosting_SMOTE+AdaBoost_SMOTE+EasyEnsemble,6
0.11612101413869369,1.0,0.07951807228915662,0.14732142857142858,0.8756185494132618,0.326206645744307,522,764,0,66,0.5940902021772939,830,XGBoost+RandomForest+LogisticRegression+GradientBoosting_SMOTE+AdaBoost_SMOTE+EasyEnsemble,6
0.10066375294955035,1.0,0.07942238267148015,0.14715719063545152,0.8789881709788396,0.3369190653954652,521,765,0,66,0.5948678071539658,831,LightGBM+RandomForest+ExtraTrees+LogisticRegression+GradientBoosting_SMOTE+AdaBoost_SMOTE+EasyEnsemble,7
0.01111679936208519,1.0,0.07932692307692307,0.14699331848552338,0.86654649135209,0.2980712962137347,520,766,0,66,0.5956454121306376,832,XGBoost_SMOTE+LogisticRegression,2
0.08830314616138919,1.0,0.07923169267707082,0.1468298109010011,0.8777746359394882,0.3372100239172048,519,767,0,66,0.5964230171073095,833,XGBoost+LightGBM+RandomForest+ExtraTrees+LogisticRegression+GradientBoosting_SMOTE+AdaBoost_SMOTE+EasyEnsemble,8
0.13742925412937051,1.0,0.07913669064748201,0.14666666666666667,0.8756421132004335,0.3421629779369847,518,768,0,66,0.5972006220839814,834,LightGBM+LogisticRegression+GradientBoosting_SMOTE+AdaBoost_SMOTE+EasyEnsemble,5
0.10042515497602315,1.0,0.07904191616766468,0.146503884572697,0.8774093972383241,0.33177167122836776,517,769,0,66,0.5979782270606532,835,XGBoost+RandomForest+ExtraTrees+LogisticRegression+GradientBoosting_SMOTE+AdaBoost_SMOTE+EasyEnsemble,7
0.07745332638789224,1.0,0.07904191616766468,0.146503884572697,0.8770088128564022,0.326037471624041,517,769,0,66,0.5979782270606532,835,RandomForest+ExtraTrees+LogisticRegression+AdaBoost_SMOTE+BalancedRandomForest,5
0.06487895796736438,1.0,0.07894736842105263,0.14634146341463414,0.8782341297893398,0.34062173075685015,516,770,0,66,0.5987558320373251,836,LightGBM+RandomForest+ExtraTrees+LogisticRegression+AdaBoost_SMOTE+BalancedRandomForest,6
0.11556604510780873,1.0,0.07894736842105263,0.14634146341463414,0.8777392902587304,0.34219281944629737,516,770,0,66,0.5987558320373251,836,LightGBM+ExtraTrees+LogisticRegression+GradientBoosting_SMOTE+AdaBoost_SMOTE+EasyEnsemble,6
0.09931073847015906,1.0,0.07885304659498207,0.1461794019933555,0.8772562326217069,0.3386338140121045,515,771,0,66,0.5995334370139969,837,XGBoost+LightGBM+ExtraTrees+LogisticRegression+GradientBoosting_SMOTE+AdaBoost_SMOTE+EasyEnsemble,7
0.06808043837494283,1.0,0.07875894988066826,0.14601769911504425,0.8779513643432773,0.32443735705685645,514,772,0,66,0.6003110419906688,838,RandomForest+ExtraTrees+LogisticRegression+GradientBoosting_SMOTE+AdaBoost_SMOTE+BalancedRandomForest,6
0.11482086154851893,1.0,0.07875894988066826,0.14601769911504425,0.8752533107120977,0.34141048438874283,514,772,0,66,0.6003110419906688,838,XGBoost+LightGBM+LogisticRegression+GradientBoosting_SMOTE+AdaBoost_SMOTE+EasyEnsemble,6
0.17092429654697527,1.0,0.07875894988066826,0.14601769911504425,0.8726966398039493,0.30656409662678247,514,772,0,66,0.6003110419906688,838,LogisticRegression+GradientBoosting_SMOTE+AdaBoost_SMOTE+EasyEnsemble,4
0.058642500832574704,1.0,0.07866507747318235,0.14585635359116023,0.8786818417456054,0.3385982113787146,513,773,0,66,0.6010886469673405,839,LightGBM+RandomForest+ExtraTrees+LogisticRegression+GradientBoosting_SMOTE+AdaBoost_SMOTE+BalancedRandomForest,7
0.055967098834070646,1.0,0.07866507747318235,0.14585635359116023,0.8775861256421131,0.3350815186722919,513,773,0,66,0.6010886469673405,839,XGBoost+LightGBM+RandomForest+ExtraTrees+LogisticRegression+AdaBoost_SMOTE+BalancedRandomForest,7
0.06496042932896157,1.0,0.07866507747318235,0.14585635359116023,0.8768320844526132,0.3346111254914212,513,773,0,66,0.6010886469673405,839,XGBoost+RandomForest+ExtraTrees+LogisticRegression+AdaBoost_SMOTE+BalancedRandomForest,6
0.13798943723758023,1.0,0.07866507747318235,0.14585635359116023,0.8762665535604883,0.33139045526594707,513,773,0,66,0.6010886469673405,839,ExtraTrees+LogisticRegression+GradientBoosting_SMOTE+AdaBoost_SMOTE+EasyEnsemble,5
0.06598090004215995,1.0,0.07857142857142857,0.1456953642384106,0.8781045289598944,0.3397300840879699,512,774,0,66,0.6018662519440124,840,LightGBM+XGBoost_SMOTE+ExtraTrees+LogisticRegression+AdaBoost_SMOTE+BalancedRandomForest,6
0.05871233342822942,1.0,0.07857142857142857,0.1456953642384106,0.8771855412601913,0.33086792099862666,512,774,0,66,0.6018662519440124,840,XGBoost+RandomForest+ExtraTrees+LogisticRegression+GradientBoosting_SMOTE+AdaBoost_SMOTE+BalancedRandomForest,7
0.07585474956083726,1.0,0.07857142857142857,0.1456953642384106,0.8771855412601913,0.342141115349343,512,774,0,66,0.6018662519440124,840,LightGBM+ExtraTrees+LogisticRegression+AdaBoost_SMOTE+BalancedRandomForest,5
0.07877565687764691,1.0,0.07857142857142857,0.1456953642384106,0.8766200103680664,0.32294650261044655,512,774,0,66,0.6018662519440124,840,XGBoost_SMOTE+ExtraTrees+LogisticRegression+AdaBoost_SMOTE+BalancedRandomForest,5
0.0943166579848653,1.0,0.07857142857142857,0.1456953642384106,0.8755125123709883,0.3357071333351355,512,774,0,66,0.6018662519440124,840,ExtraTrees+LogisticRegression+AdaBoost_SMOTE+BalancedRandomForest,4
0.05162418123279139,1.0,0.07847800237812129,0.14553472987872107,0.8778335454074179,0.3364535045166752,511,775,0,66,0.6026438569206843,841,XGBoost+LightGBM+RandomForest+ExtraTrees+LogisticRegression+GradientBoosting_SMOTE+AdaBoost_SMOTE+BalancedRandomForest,8
0.06362828197308242,1.0,0.07847800237812129,0.14553472987872107,0.8770088128564023,0.3417064547717164,511,775,0,66,0.6026438569206843,841,XGBoost+LightGBM+ExtraTrees+LogisticRegression+AdaBoost_SMOTE+BalancedRandomForest,6
0.11528768080536035,1.0,0.07847800237812129,0.14553472987872107,0.8765257552193789,0.3415121359352418,511,775,0,66,0.6026438569206843,841,XGBoost+ExtraTrees+LogisticRegression+GradientBoosting_SMOTE+AdaBoost_SMOTE+EasyEnsemble,6
0.07595251519475388,1.0,0.07847800237812129,0.14553472987872107,0.8759013148593242,0.3372185027505749,511,775,0,66,0.6026438569206843,841,XGBoost+ExtraTrees+LogisticRegression+AdaBoost_SMOTE+BalancedRandomForest,5
0.06606237140375713,1.0,0.07838479809976247,0.14537444933920704,0.8764197181771054,0.33290814876466845,510,776,0,66,0.6034214618973561,842,XGBoost+XGBoost_SMOTE+ExtraTrees+LogisticRegression+AdaBoost_SMOTE+BalancedRandomForest,6
0.06628715649566475,1.0,0.07829181494661921,0.14521452145214522,0.8774683067062539,0.32584373370631253,509,777,0,66,0.604199066874028,843,XGBoost_SMOTE+RandomForest+ExtraTrees+LogisticRegression+AdaBoost_SMOTE+BalancedRandomForest,6
0.057303377252946354,1.0,0.07829181494661921,0.14521452145214522,0.8769027758141288,0.3285034482176748,509,777,0,66,0.604199066874028,843,XGBoost+XGBoost_SMOTE+RandomForest+ExtraTrees+LogisticRegression+AdaBoost_SMOTE+BalancedRandomForest,7
0.007794305321140906,1.0,0.07829181494661921,0.14521452145214522,0.871271030680051,0.3265651551537883,509,777,0,66,0.604199066874028,843,LightGBM+XGBoost_SMOTE+LogisticRegression,3
0.06674958430467048,1.0,0.07819905213270142,0.14505494505494507,0.8780456194919648,0.33740650979381187,508,778,0,66,0.6049766718506998,844,LightGBM+ExtraTrees+LogisticRegression+GradientBoosting_SMOTE+AdaBoost_SMOTE+BalancedRandomForest,6
0.056911620612466844,1.0,0.07819905213270142,0.14505494505494507,0.8772444507281211,0.339995404371456,508,778,0,66,0.6049766718506998,844,XGBoost+LightGBM+XGBoost_SMOTE+ExtraTrees+LogisticRegression+AdaBoost_SMOTE+BalancedRandomForest,7
0.07969807799265956,1.0,0.07819905213270142,0.14505494505494507,0.8768909939205429,0.3296033746064897,508,778,0,66,0.6049766718506998,844,ExtraTrees+LogisticRegression+GradientBoosting_SMOTE+AdaBoost_SMOTE+BalancedRandomForest,5
0.06683105566626767,1.0,0.07819905213270142,0.14505494505494507,0.8764197181771054,0.3310832363339707,508,778,0,66,0.6049766718506998,844,XGBoost+ExtraTrees+LogisticRegression+GradientBoosting_SMOTE+AdaBoost_SMOTE+BalancedRandomForest,6
0.13709521696643243,1.0,0.07819905213270142,0.14505494505494507,0.8738277015881992,0.34042649317498797,508,778,0,66,0.6049766718506998,844,XGBoost+LogisticRegression+GradientBoosting_SMOTE+AdaBoost_SMOTE+EasyEnsemble,5
0.05039477721075281,1.0,0.07810650887573964,0.14489571899012074,0.8777746359394882,0.3366675158774282,507,779,0,66,0.6057542768273717,845,XGBoost+LightGBM+XGBoost_SMOTE+RandomForest+ExtraTrees+LogisticRegression+AdaBoost_SMOTE+BalancedRandomForest,8
0.0652290380704238,1.0,0.07810650887573964,0.14489571899012074,0.875936660540082,0.32244389177891175,507,779,0,66,0.6057542768273717,845,XGBoost+XGBoost_SMOTE+RandomForest+LogisticRegression+AdaBoost_SMOTE+BalancedRandomForest,6
0.07777565687764691,1.0,0.07810650887573964,0.14489571899012074,0.875759932136293,0.3169695309549647,507,779,0,66,0.6057542768273717,845,XGBoost_SMOTE+RandomForest+LogisticRegression+AdaBoost_SMOTE+BalancedRandomForest,5
0.057108216555626645,1.0,0.07801418439716312,0.14473684210526316,0.8785168952354022,0.33799778654306734,506,780,0,66,0.6065318818040435,846,LightGBM+XGBoost_SMOTE+RandomForest+ExtraTrees+LogisticRegression+AdaBoost_SMOTE+BalancedRandomForest,7
0.06514756670882661,1.0,0.07801418439716312,0.14473684210526316,0.8773504877703945,0.32898897999858595,506,780,0,66,0.6065318818040435,846,LightGBM+XGBoost_SMOTE+RandomForest+LogisticRegression+AdaBoost_SMOTE+BalancedRandomForest,6
0.057570492837475874,1.0,0.07801418439716312,0.14473684210526316,0.8770677223243319,0.3357503541537083,506,780,0,66,0.6065318818040435,846,XGBoost+LightGBM+ExtraTrees+LogisticRegression+GradientBoosting_SMOTE+AdaBoost_SMOTE+BalancedRandomForest,7
0.05619733489818113,1.0,0.07801418439716312,0.14473684210526316,0.8769381214948866,0.3292184911062469,506,780,0,66,0.6065318818040435,846,XGBoost+LightGBM+XGBoost_SMOTE+RandomForest+LogisticRegression+AdaBoost_SMOTE+BalancedRandomForest,7
0.06902421368853875,1.0,0.07801418439716312,0.14473684210526316,0.875948442433668,0.3169887486381856,506,780,0,66,0.6065318818040435,846,XGBoost_SMOTE+ExtraTrees+LogisticRegression+GradientBoosting_SMOTE+AdaBoost_SMOTE+BalancedRandomForest,6
0.008158243757416426,1.0,0.07801418439716312,0.14473684210526316,0.8695508742165041,0.32495995769513153,506,780,0,66,0.6065318818040435,846,XGBoost+XGBoost_SMOTE+LogisticRegression,3
0.05945426557809009,1.0,0.07792207792207792,0.14457831325301204,0.8770795042179179,0.32853958453101106,505,781,0,66,0.6073094867807154,847,LightGBM+XGBoost_SMOTE+ExtraTrees+LogisticRegression+GradientBoosting_SMOTE+AdaBoost_SMOTE+BalancedRandomForest,7
0.09471957109705864,1.0,0.07792207792207792,0.14457831325301204,0.8744521419482539,0.3252474301767592,505,781,0,66,0.6073094867807154,847,XGBoost_SMOTE+LogisticRegression+AdaBoost_SMOTE+BalancedRandomForest,4
0.07617708005059194,1.0,0.07783018867924528,0.14442013129102846,0.8766200103680664,0.3357976896753436,504,782,0,66,0.6080870917573873,848,LightGBM+XGBoost_SMOTE+LogisticRegression+AdaBoost_SMOTE+BalancedRandomForest,5
0.05964942627540979,1.0,0.07783018867924528,0.14442013129102846,0.8757834959234648,0.3258056322419952,504,782,0,66,0.6080870917573873,848,XGBoost+XGBoost_SMOTE+ExtraTrees+LogisticRegression+GradientBoosting_SMOTE+AdaBoost_SMOTE+BalancedRandomForest,7
0.0930666579848653,1.0,0.07783018867924528,0.14442013129102846,0.8748998539045195,0.3115760781812631,504,782,0,66,0.6080870917573873,848,RandomForest+LogisticRegression+AdaBoost_SMOTE+BalancedRandomForest,4
0.05244757010540833,1.0,0.07773851590106007,0.14426229508196722,0.8761016070502852,0.3346386032614119,503,783,0,66,0.6088646967340591,849,XGBoost+LightGBM+XGBoost_SMOTE+ExtraTrees+LogisticRegression+GradientBoosting_SMOTE+AdaBoost_SMOTE+BalancedRandomForest,8
0.07495251519475388,1.0,0.07773851590106007,0.14426229508196722,0.8755125123709881,0.32952678140246733,503,783,0,66,0.6088646967340591,849,XGBoost+RandomForest+LogisticRegression+AdaBoost_SMOTE+BalancedRandomForest,5
0.1207555439798204,1.0,0.07773851590106007,0.14426229508196722,0.8723314011027852,0.3106170331081968,503,783,0,66,0.6088646967340591,849,LogisticRegression+AdaBoost_SMOTE+BalancedRandomForest,3
0.07485474956083726,1.0,0.07764705882352942,0.14410480349344978,0.876867430133371,0.33122922097245144,502,784,0,66,0.609642301710731,850,LightGBM+RandomForest+LogisticRegression+AdaBoost_SMOTE+BalancedRandomForest,5
0.06279494863974909,1.0,0.07764705882352942,0.14410480349344978,0.8766200103680664,0.33167640005890037,502,784,0,66,0.609642301710731,850,XGBoost+LightGBM+RandomForest+LogisticRegression+AdaBoost_SMOTE+BalancedRandomForest,6
0.13203431482880038,1.0,0.07764705882352942,0.14410480349344978,0.876490409538621,0.33817512969730795,502,784,0,66,0.609642301710731,850,LightGBM+LogisticRegression+GradientBoosting_SMOTE+AdaBoost_SMOTE+BalancedRandomForest+EasyEnsemble,6
0.0588727368966852,1.0,0.07755581668625147,0.14394765539803708,0.8765493190065508,0.3279464346819216,501,785,0,66,0.6104199066874028,851,LightGBM+XGBoost_SMOTE+RandomForest+LogisticRegression+GradientBoosting_SMOTE+AdaBoost_SMOTE+BalancedRandomForest,7
0.07627484568450855,1.0,0.07755581668625147,0.14394765539803708,0.8750176728403789,0.33189525292983735,501,785,0,66,0.6104199066874028,851,XGBoost+XGBoost_SMOTE+LogisticRegression+AdaBoost_SMOTE+BalancedRandomForest,5
0.19224375377106012,1.0,0.07755581668625147,0.14394765539803708,0.8723196192091993,0.3176214840124367,501,785,0,66,0.6104199066874028,851,LogisticRegression+AdaBoost_SMOTE+BalancedRandomForest+EasyEnsemble,4
0.05969932601874751,1.0,0.07746478873239436,0.1437908496732026,0.8765846646873086,0.31944089206687026,500,786,0,66,0.6111975116640747,852,XGBoost_SMOTE+RandomForest+ExtraTrees+LogisticRegression+GradientBoosting_SMOTE+AdaBoost_SMOTE+BalancedRandomForest,7
0.1294691953117756,1.0,0.07746478873239436,0.1437908496732026,0.8763725906027617,0.33034161731381206,500,786,0,66,0.6111975116640747,852,LightGBM+RandomForest+LogisticRegression+AdaBoost_SMOTE+BalancedRandomForest+EasyEnsemble,6
0.06389689071454464,1.0,0.07746478873239436,0.1437908496732026,0.876125170837457,0.33043533776862494,500,786,0,66,0.6111975116640747,852,XGBoost+LightGBM+XGBoost_SMOTE+LogisticRegression+AdaBoost_SMOTE+BalancedRandomForest,6
0.11352883328673007,1.0,0.07746478873239436,0.1437908496732026,0.8759130967529102,0.341732384104698,500,786,0,66,0.6111975116640747,852,XGBoost+LightGBM+LogisticRegression+GradientBoosting_SMOTE+AdaBoost_SMOTE+BalancedRandomForest+EasyEnsemble,7
0.09106843695104658,1.0,0.07746478873239436,0.1437908496732026,0.8755478580517461,0.3385292863317484,500,786,0,66,0.6111975116640747,852,LightGBM+LogisticRegression+AdaBoost_SMOTE+BalancedRandomForest,4
0.058942569492339905,1.0,0.07746478873239436,0.1437908496732026,0.8751001460954805,0.31867675196340994,500,786,0,66,0.6111975116640747,852,XGBoost+XGBoost_SMOTE+RandomForest+LogisticRegression+GradientBoosting_SMOTE+AdaBoost_SMOTE+BalancedRandomForest,7
0.13211578619039757,1.0,0.07746478873239436,0.1437908496732026,0.8750176728403789,0.3362411516731883,500,786,0,66,0.6111975116640747,852,XGBoost+LogisticRegression+GradientBoosting_SMOTE+AdaBoost_SMOTE+BalancedRandomForest+EasyEnsemble,6
0.06835034040201186,1.0,0.07746478873239436,0.1437908496732026,0.8749705452660352,0.31380820448054114,500,786,0,66,0.6111975116640747,852,XGBoost_SMOTE+RandomForest+LogisticRegression+GradientBoosting_SMOTE+AdaBoost_SMOTE+BalancedRandomForest,6
0.1289130124972123,1.0,0.07746478873239436,0.1437908496732026,0.8748762901173477,0.33971141434853,500,786,0,66,0.6111975116640747,852,XGBoost+LightGBM+LogisticRegression+AdaBoost_SMOTE+BalancedRandomForest+EasyEnsemble,6
0.15419642618979312,1.0,0.07746478873239436,0.1437908496732026,0.8748645082237617,0.3395359746410437,500,786,0,66,0.6111975116640747,852,LightGBM+LogisticRegression+AdaBoost_SMOTE+BalancedRandomForest+EasyEnsemble,5
0.1549561189910511,1.0,0.07746478873239436,0.1437908496732026,0.8746642160328008,0.3166117228038293,500,786,0,66,0.6111975116640747,852,RandomForest+LogisticRegression+AdaBoost_SMOTE+BalancedRandomForest+EasyEnsemble,5
0.15803975462161543,1.0,0.07746478873239436,0.1437908496732026,0.8743696686931524,0.323237348273752,500,786,0,66,0.6111975116640747,852,LogisticRegression+GradientBoosting_SMOTE+AdaBoost_SMOTE+BalancedRandomForest+EasyEnsemble,5
0.15429419182370974,1.0,0.07746478873239436,0.1437908496732026,0.873863047268957,0.34096808766425957,500,786,0,66,0.6111975116640747,852,XGBoost+LogisticRegression+AdaBoost_SMOTE+BalancedRandomForest+EasyEnsemble,5
0.052491232380828826,1.0,0.07737397420867527,0.14363438520130578,0.8771619774730195,0.3281706839904215,499,787,0,66,0.6119751166407466,853,LightGBM+XGBoost_SMOTE+RandomForest+ExtraTrees+LogisticRegression+GradientBoosting_SMOTE+AdaBoost_SMOTE+BalancedRandomForest,8
0.04703672898258518,1.0,0.07737397420867527,0.14363438520130578,0.8767142655167539,0.3333403797157464,499,787,0,66,0.6119751166407466,853,XGBoost+LightGBM+XGBoost_SMOTE+RandomForest+ExtraTrees+LogisticRegression+GradientBoosting_SMOTE+AdaBoost_SMOTE+BalancedRandomForest,9
0.12926086197844225,1.0,0.07737397420867527,0.14363438520130578,0.8767024836231678,0.339360565177293,499,787,0,66,0.6119751166407466,853,LightGBM+ExtraTrees+LogisticRegression+AdaBoost_SMOTE+BalancedRandomForest+EasyEnsemble,6
0.05266199799098357,1.0,0.07737397420867527,0.14363438520130578,0.876113388943871,0.3223539601226037,499,787,0,66,0.6119751166407466,853,XGBoost+XGBoost_SMOTE+RandomForest+ExtraTrees+LogisticRegression+GradientBoosting_SMOTE+AdaBoost_SMOTE+BalancedRandomForest,8
0.1296968827919819,1.0,0.07737397420867527,0.14363438520130578,0.8751354917762383,0.33032806780145735,499,787,0,66,0.6119751166407466,853,XGBoost+RandomForest+LogisticRegression+AdaBoost_SMOTE+BalancedRandomForest+EasyEnsemble,6
0.1547061189910511,1.0,0.07737397420867527,0.14363438520130578,0.8749823271596211,0.3404930796276705,499,787,0,66,0.6119751166407466,853,ExtraTrees+LogisticRegression+AdaBoost_SMOTE+BalancedRandomForest+EasyEnsemble,5
0.06591625097133717,1.0,0.07728337236533958,0.14347826086956522,0.8774093972383241,0.3346520828266563,498,788,0,66,0.6127527216174183,854,LightGBM+RandomForest+LogisticRegression+GradientBoosting_SMOTE+AdaBoost_SMOTE+BalancedRandomForest,6
0.0770995011656046,1.0,0.07728337236533958,0.14347826086956522,0.8766317922616522,0.33685720295632315,498,788,0,66,0.6127527216174183,854,LightGBM+LogisticRegression+GradientBoosting_SMOTE+AdaBoost_SMOTE+BalancedRandomForest,5
0.11128083909532707,1.0,0.07728337236533958,0.14347826086956522,0.8763490268155898,0.34433231873741454,498,788,0,66,0.6127527216174183,854,XGBoost+LightGBM+ExtraTrees+LogisticRegression+AdaBoost_SMOTE+BalancedRandomForest+EasyEnsemble,7
0.0646655749770552,1.0,0.07728337236533958,0.14347826086956522,0.8762665535604883,0.3332017568015243,498,788,0,66,0.6127527216174183,854,XGBoost+LightGBM+LogisticRegression+GradientBoosting_SMOTE+AdaBoost_SMOTE+BalancedRandomForest,6
0.1114594105238985,1.0,0.07728337236533958,0.14347826086956522,0.8761605165182149,0.33492372599378784,498,788,0,66,0.6127527216174183,854,XGBoost+LightGBM+RandomForest+LogisticRegression+AdaBoost_SMOTE+BalancedRandomForest+EasyEnsemble,7
0.051825637788888074,1.0,0.07728337236533958,0.14347826086956522,0.8760073519015976,0.3282506910230048,498,788,0,66,0.6127527216174183,854,XGBoost+LightGBM+XGBoost_SMOTE+RandomForest+LogisticRegression+GradientBoosting_SMOTE+AdaBoost_SMOTE+BalancedRandomForest,8
0.07869807799265956,1.0,0.07728337236533958,0.14347826086956522,0.8757834959234649,0.31489087036964364,498,788,0,66,0.6127527216174183,854,RandomForest+LogisticRegression+GradientBoosting_SMOTE+AdaBoost_SMOTE+BalancedRandomForest,5
0.09119064399344234,1.0,0.07728337236533958,0.14347826086956522,0.8742871954380508,0.33315095215864626,498,788,0,66,0.6127527216174183,854,XGBoost+LogisticRegression+AdaBoost_SMOTE+BalancedRandomForest,4
0.11385535928969966,1.0,0.07719298245614035,0.14332247557003258,0.8773976153447383,0.33419069614808306,497,789,0,66,0.6135303265940902,855,LightGBM+RandomForest+LogisticRegression+GradientBoosting_SMOTE+AdaBoost_SMOTE+BalancedRandomForest+EasyEnsemble,7
0.11405051998701936,1.0,0.07719298245614035,0.14332247557003258,0.8758070597106367,0.32661217224298744,497,789,0,66,0.6135303265940902,855,XGBoost+RandomForest+LogisticRegression+GradientBoosting_SMOTE+AdaBoost_SMOTE+BalancedRandomForest+EasyEnsemble,7
0.0733539383676989,1.0,0.07719298245614035,0.14332247557003258,0.8756421132004335,0.3339382931016555,497,789,0,66,0.6135303265940902,855,XGBoost+LightGBM+LogisticRegression+AdaBoost_SMOTE+BalancedRandomForest,5
0.1294885494586486,1.0,0.07719298245614035,0.14332247557003258,0.875371129647957,0.3372771319915346,497,789,0,66,0.6135303265940902,855,XGBoost+ExtraTrees+LogisticRegression+AdaBoost_SMOTE+BalancedRandomForest+EasyEnsemble,6
0.09587259749082447,1.0,0.07719298245614035,0.14332247557003258,0.8742989773316368,0.3138372629503948,497,789,0,66,0.6135303265940902,855,LogisticRegression+GradientBoosting_SMOTE+AdaBoost_SMOTE+BalancedRandomForest,4
0.05685620712319017,1.0,0.07710280373831775,0.14316702819956617,0.8767260474103398,0.33403352001937536,496,790,0,66,0.614307931570762,856,XGBoost+LightGBM+RandomForest+LogisticRegression+GradientBoosting_SMOTE+AdaBoost_SMOTE+BalancedRandomForest,7
0.10004852710306669,1.0,0.07710280373831775,0.14316702819956617,0.8765728827937227,0.333367179740665,496,790,0,66,0.614307931570762,856,XGBoost+LightGBM+RandomForest+LogisticRegression+GradientBoosting_SMOTE+AdaBoost_SMOTE+BalancedRandomForest+EasyEnsemble,8
0.06599772233293433,1.0,0.07710280373831775,0.14316702819956617,0.8757834959234648,0.32455359884627777,496,790,0,66,0.614307931570762,856,XGBoost+RandomForest+LogisticRegression+GradientBoosting_SMOTE+AdaBoost_SMOTE+BalancedRandomForest,6
0.13249215635208325,1.0,0.07710280373831775,0.14316702819956617,0.8756656769876054,0.31653794420030545,496,790,0,66,0.614307931570762,856,RandomForest+LogisticRegression+GradientBoosting_SMOTE+AdaBoost_SMOTE+BalancedRandomForest+EasyEnsemble,6
0.07719726679952121,1.0,0.07710280373831775,0.14316702819956617,0.8750883642018945,0.3339971588328844,496,790,0,66,0.614307931570762,856,XGBoost+LogisticRegression+GradientBoosting_SMOTE+AdaBoost_SMOTE+BalancedRandomForest,5
0.11367678786112823,1.0,0.07701283547257877,0.14301191765980498,0.8775861256421132,0.33643657578434666,495,791,0,66,0.6150855365474339,857,LightGBM+ExtraTrees+LogisticRegression+GradientBoosting_SMOTE+AdaBoost_SMOTE+BalancedRandomForest+EasyEnsemble,7
0.13228382301874994,1.0,0.07701283547257877,0.14301191765980498,0.8765964465808944,0.33496847721607864,495,791,0,66,0.6150855365474339,857,ExtraTrees+LogisticRegression+GradientBoosting_SMOTE+AdaBoost_SMOTE+BalancedRandomForest+EasyEnsemble,6
0.08002040848241423,1.0,0.07701283547257877,0.14301191765980498,0.8738512653753712,0.3132292075459948,495,791,0,66,0.6150855365474339,857,XGBoost_SMOTE+LogisticRegression+GradientBoosting_SMOTE+AdaBoost_SMOTE+BalancedRandomForest,5
0.09783948420841118,1.0,0.07692307692307693,0.14285714285714285,0.8770088128564022,0.33673644617897075,494,792,0,66,0.6158631415241057,858,XGBoost+LightGBM+RandomForest+ExtraTrees+LogisticRegression+AdaBoost_SMOTE+BalancedRandomForest+EasyEnsemble,8
0.0998922771030667,1.0,0.07692307692307693,0.14285714285714285,0.8767613930910976,0.3370311886410363,494,792,0,66,0.6158631415241057,858,XGBoost+LightGBM+ExtraTrees+LogisticRegression+GradientBoosting_SMOTE+AdaBoost_SMOTE+BalancedRandomForest+EasyEnsemble,8
0.11152589953598449,1.0,0.07692307692307693,0.14285714285714285,0.8764197181771054,0.33615058145874444,494,792,0,66,0.6158631415241057,858,XGBoost+RandomForest+ExtraTrees+LogisticRegression+AdaBoost_SMOTE+BalancedRandomForest+EasyEnsemble,7
0.11387194855844794,1.0,0.07692307692307693,0.14285714285714285,0.8762076440925585,0.33214585405454794,494,792,0,66,0.6158631415241057,858,XGBoost+ExtraTrees+LogisticRegression+GradientBoosting_SMOTE+AdaBoost_SMOTE+BalancedRandomForest+EasyEnsemble,7
0.06701819304613273,1.0,0.07692307692307693,0.14285714285714285,0.8757834959234648,0.33146107742322906,494,792,0,66,0.6158631415241057,858,LightGBM+XGBoost_SMOTE+LogisticRegression+GradientBoosting_SMOTE+AdaBoost_SMOTE+BalancedRandomForest,6
0.0670996644077299,1.0,0.07692307692307693,0.14285714285714285,0.8744874876290117,0.3308428292979052,494,792,0,66,0.6158631415241057,858,XGBoost+XGBoost_SMOTE+LogisticRegression+GradientBoosting_SMOTE+AdaBoost_SMOTE+BalancedRandomForest,6
0.15608864936736622,1.0,0.07692307692307693,0.14285714285714285,0.8738159196946134,0.32429924726033144,494,792,0,66,0.6158631415241057,858,XGBoost_SMOTE+LogisticRegression+AdaBoost_SMOTE+BalancedRandomForest+EasyEnsemble,5
0.006431407857896581,1.0,0.07692307692307693,0.14285714285714285,0.8713417220415665,0.3319194419810134,494,792,0,66,0.6158631415241057,858,XGBoost+LightGBM+XGBoost_SMOTE+LogisticRegression,4
0.11133073883866478,1.0,0.07683352735739232,0.14270270270270272,0.8776332532164569,0.33685673219945855,493,793,0,66,0.6166407465007776,859,LightGBM+RandomForest+ExtraTrees+LogisticRegression+AdaBoost_SMOTE+BalancedRandomForest+EasyEnsemble,7
0.1295467658258759,1.0,0.07683352735739232,0.14270270270270272,0.8767142655167539,0.33177449457308367,493,793,0,66,0.6166407465007776,859,RandomForest+ExtraTrees+LogisticRegression+AdaBoost_SMOTE+BalancedRandomForest+EasyEnsemble,6
0.13041297062537152,1.0,0.07683352735739232,0.14270270270270272,0.8757834959234648,0.3353485119974893,493,793,0,66,0.6166407465007776,859,LightGBM+XGBoost_SMOTE+LogisticRegression+AdaBoost_SMOTE+BalancedRandomForest+EasyEnsemble,6
0.11226836079269502,1.0,0.07683352735739232,0.14270270270270272,0.8754300391158867,0.33181299567896994,493,793,0,66,0.6166407465007776,859,XGBoost+LightGBM+XGBoost_SMOTE+LogisticRegression+AdaBoost_SMOTE+BalancedRandomForest+EasyEnsemble,7
0.014792497519409817,1.0,0.07683352735739232,0.14270270270270272,0.8605259437296762,0.28093995974803593,493,793,0,66,0.6166407465007776,859,XGBoost_SMOTE+GradientBoosting_SMOTE,2
0.11392184830178564,1.0,0.07674418604651163,0.14254859611231102,0.8776921626843865,0.3268008211777891,492,794,0,66,0.6174183514774495,860,RandomForest+ExtraTrees+LogisticRegression+GradientBoosting_SMOTE+AdaBoost_SMOTE+BalancedRandomForest+EasyEnsemble,7
0.05780072890158637,1.0,0.07674418604651163,0.14254859611231102,0.8755478580517461,0.32968906718835445,492,794,0,66,0.6174183514774495,860,XGBoost+LightGBM+XGBoost_SMOTE+LogisticRegression+GradientBoosting_SMOTE+AdaBoost_SMOTE+BalancedRandomForest,7
0.10075635858826365,1.0,0.07674418604651163,0.14254859611231102,0.8750883642018945,0.32818584658376837,492,794,0,66,0.6174183514774495,860,XGBoost+LightGBM+XGBoost_SMOTE+LogisticRegression+GradientBoosting_SMOTE+AdaBoost_SMOTE+BalancedRandomForest+EasyEnsemble,8
0.13064065810557784,1.0,0.07674418604651163,0.14254859611231102,0.8744992695225977,0.3330369465177852,492,794,0,66,0.6174183514774495,860,XGBoost+XGBoost_SMOTE+LogisticRegression+AdaBoost_SMOTE+BalancedRandomForest+EasyEnsemble,6
0.0999359393784872,1.0,0.07665505226480836,0.1423948220064725,0.8782930392572694,0.33958088239246087,491,795,0,66,0.6181959564541213,861,LightGBM+RandomForest+ExtraTrees+LogisticRegression+GradientBoosting_SMOTE+AdaBoost_SMOTE+BalancedRandomForest+EasyEnsemble,8
0.1121396891074613,1.0,0.07665505226480836,0.1423948220064725,0.8771266317922617,0.33889650974253227,491,795,0,66,0.6181959564541213,861,LightGBM+XGBoost_SMOTE+ExtraTrees+LogisticRegression+AdaBoost_SMOTE+BalancedRandomForest+EasyEnsemble,7
0.11466430955849617,1.0,0.07665505226480836,0.1423948220064725,0.8754418210094725,0.3346580998869342,491,795,0,66,0.6181959564541213,861,LightGBM+XGBoost_SMOTE+LogisticRegression+GradientBoosting_SMOTE+AdaBoost_SMOTE+BalancedRandomForest+EasyEnsemble,7
0.010995232278485206,1.0,0.07665505226480836,0.1423948220064725,0.8633300344031292,0.3125282893614978,491,795,0,66,0.6181959564541213,861,XGBoost+XGBoost_SMOTE+GradientBoosting_SMOTE,3
0.08920980186939262,1.0,0.0765661252900232,0.14224137931034483,0.877444742919082,0.3364617151950153,490,796,0,66,0.6189735614307932,862,XGBoost+LightGBM+RandomForest+ExtraTrees+LogisticRegression+GradientBoosting_SMOTE+AdaBoost_SMOTE+BalancedRandomForest+EasyEnsemble,9
0.10010670498864194,1.0,0.0765661252900232,0.14224137931034483,0.8767142655167538,0.33163348206724436,490,796,0,66,0.6189735614307932,862,XGBoost+RandomForest+ExtraTrees+LogisticRegression+GradientBoosting_SMOTE+AdaBoost_SMOTE+BalancedRandomForest+EasyEnsemble,8
0.13049054113947187,1.0,0.0765661252900232,0.14224137931034483,0.8762076440925586,0.3387212527789094,490,796,0,66,0.6189735614307932,862,XGBoost_SMOTE+ExtraTrees+LogisticRegression+AdaBoost_SMOTE+BalancedRandomForest+EasyEnsemble,6
0.11233484980478102,1.0,0.0765661252900232,0.14224137931034483,0.875948442433668,0.33177933018101524,490,796,0,66,0.6189735614307932,862,XGBoost+XGBoost_SMOTE+ExtraTrees+LogisticRegression+AdaBoost_SMOTE+BalancedRandomForest+EasyEnsemble,7
0.1334359316656792,1.0,0.0765661252900232,0.14224137931034483,0.8735920637164805,0.3185408073447836,490,796,0,66,0.6189735614307932,862,XGBoost_SMOTE+LogisticRegression+GradientBoosting_SMOTE+AdaBoost_SMOTE+BalancedRandomForest+EasyEnsemble,6
0.09854731569360814,1.0,0.07647740440324449,0.14208826695371368,0.876690701729582,0.33916801153543513,489,797,0,66,0.619751166407465,863,XGBoost+LightGBM+XGBoost_SMOTE+ExtraTrees+LogisticRegression+AdaBoost_SMOTE+BalancedRandomForest+EasyEnsemble,8
0.09870356569360814,1.0,0.07647740440324449,0.14208826695371368,0.8761016070502852,0.3297816061240399,489,797,0,66,0.619751166407465,863,XGBoost+LightGBM+XGBoost_SMOTE+RandomForest+LogisticRegression+AdaBoost_SMOTE+BalancedRandomForest+EasyEnsemble,8
0.13069887447280518,1.0,0.07647740440324449,0.14208826695371368,0.8753946934351289,0.32028599593800294,489,797,0,66,0.619751166407465,863,XGBoost_SMOTE+RandomForest+LogisticRegression+AdaBoost_SMOTE+BalancedRandomForest+EasyEnsemble,6
0.11251342123335244,1.0,0.07647740440324449,0.14208826695371368,0.8751237098826523,0.32540885868265484,489,797,0,66,0.619751166407465,863,XGBoost+XGBoost_SMOTE+RandomForest+LogisticRegression+AdaBoost_SMOTE+BalancedRandomForest+EasyEnsemble,7
0.11485947025581589,1.0,0.07647740440324449,0.14208826695371368,0.8741811583957773,0.3301550860315076,489,797,0,66,0.619751166407465,863,XGBoost+XGBoost_SMOTE+LogisticRegression+GradientBoosting_SMOTE+AdaBoost_SMOTE+BalancedRandomForest+EasyEnsemble,7
0.008755068437713419,1.0,0.07647740440324449,0.14208826695371368,0.8656628493331447,0.3226867550546055,489,797,0,66,0.619751166407465,863,XGBoost+LightGBM+XGBoost_SMOTE+GradientBoosting_SMOTE,4
0.11231826053603274,1.0,0.0763888888888889,0.14193548387096774,0.8767260474103398,0.3301805500608291,488,798,0,66,0.6205287713841369,864,LightGBM+XGBoost_SMOTE+RandomForest+LogisticRegression+AdaBoost_SMOTE+BalancedRandomForest+EasyEnsemble,7
0.11473079857058217,1.0,0.07630057803468208,0.14178302900107412,0.875759932136293,0.32686720793757107,487,799,0,66,0.6213063763608087,865,XGBoost_SMOTE+ExtraTrees+LogisticRegression+GradientBoosting_SMOTE+AdaBoost_SMOTE+BalancedRandomForest+EasyEnsemble,7
0.10064377086368415,1.0,0.07621247113163972,0.14163090128755365,0.876513973325793,0.33171660662637387,486,800,0,66,0.6220839813374806,866,LightGBM+XGBoost_SMOTE+ExtraTrees+LogisticRegression+GradientBoosting_SMOTE+AdaBoost_SMOTE+BalancedRandomForest+EasyEnsemble,8
0.0898389854117899,1.0,0.07612456747404844,0.1414790996784566,0.8760662613695273,0.3354449022769506,485,801,0,66,0.6228615863141524,867,XGBoost+LightGBM+XGBoost_SMOTE+ExtraTrees+LogisticRegression+GradientBoosting_SMOTE+AdaBoost_SMOTE+BalancedRandomForest+EasyEnsemble,9
0.10080002086368414,1.0,0.07612456747404844,0.1414790996784566,0.8759013148593242,0.3273221673865911,485,801,0,66,0.6228615863141524,867,LightGBM+XGBoost_SMOTE+RandomForest+LogisticRegression+GradientBoosting_SMOTE+AdaBoost_SMOTE+BalancedRandomForest+EasyEnsemble,8
0.1008145364738389,1.0,0.07612456747404844,0.1414790996784566,0.8754771666902305,0.32873756874437493,485,801,0,66,0.6228615863141524,867,XGBoost+XGBoost_SMOTE+ExtraTrees+LogisticRegression+GradientBoosting_SMOTE+AdaBoost_SMOTE+BalancedRandomForest+EasyEnsemble,8
0.11490936999915359,1.0,0.07612456747404844,0.1414790996784566,0.8748173806494179,0.3135477578327057,485,801,0,66,0.6228615863141524,867,XGBoost_SMOTE+RandomForest+LogisticRegression+GradientBoosting_SMOTE+AdaBoost_SMOTE+BalancedRandomForest+EasyEnsemble,7
0.09859097796902863,1.0,0.07603686635944701,0.14132762312633834,0.8777864178330741,0.33693475479960716,484,802,0,66,0.6236391912908242,868,LightGBM+XGBoost_SMOTE+RandomForest+ExtraTrees+LogisticRegression+AdaBoost_SMOTE+BalancedRandomForest+EasyEnsemble,8
0.08801428061654056,1.0,0.07603686635944701,0.14132762312633834,0.8771148498986757,0.33620916978146903,484,802,0,66,0.6236391912908242,868,XGBoost+LightGBM+XGBoost_SMOTE+RandomForest+ExtraTrees+LogisticRegression+AdaBoost_SMOTE+BalancedRandomForest+EasyEnsemble,9
0.11238474954811872,1.0,0.07603686635944701,0.14132762312633834,0.8770677223243319,0.32674354687191876,484,802,0,66,0.6236391912908242,868,XGBoost_SMOTE+RandomForest+ExtraTrees+LogisticRegression+AdaBoost_SMOTE+BalancedRandomForest+EasyEnsemble,7
0.010539857318072563,1.0,0.07603686635944701,0.14132762312633834,0.8660280880343089,0.3206067869602799,484,802,0,66,0.6236391912908242,868,LightGBM+XGBoost_SMOTE+GradientBoosting_SMOTE,3
0.09876174357918338,1.0,0.0759493670886076,0.1411764705882353,0.8765493190065508,0.331191062891761,483,803,0,66,0.6244167962674961,869,XGBoost+XGBoost_SMOTE+RandomForest+ExtraTrees+LogisticRegression+AdaBoost_SMOTE+BalancedRandomForest+EasyEnsemble,8
0.08997787430067879,1.0,0.0759493670886076,0.1411764705882353,0.8755242942645742,0.32896186595422566,483,803,0,66,0.6244167962674961,869,XGBoost+LightGBM+XGBoost_SMOTE+RandomForest+LogisticRegression+GradientBoosting_SMOTE+AdaBoost_SMOTE+BalancedRandomForest+EasyEnsemble,9
0.10097078647383889,1.0,0.0759493670886076,0.1411764705882353,0.8747466892879023,0.32104216850134165,483,803,0,66,0.6244167962674961,869,XGBoost+XGBoost_SMOTE+RandomForest+LogisticRegression+GradientBoosting_SMOTE+AdaBoost_SMOTE+BalancedRandomForest+EasyEnsemble,8
0.10085819874925939,1.0,0.07586206896551724,0.14102564102564102,0.8762665535604883,0.320952599952475,482,804,0,66,0.6251944012441679,870,XGBoost_SMOTE+RandomForest+ExtraTrees+LogisticRegression+GradientBoosting_SMOTE+AdaBoost_SMOTE+BalancedRandomForest+EasyEnsemble,8
0.0898777963232748,1.0,0.07577497129735936,0.14087513340448238,0.8769145577077148,0.3294562893661131,481,805,0,66,0.6259720062208398,871,LightGBM+XGBoost_SMOTE+RandomForest+ExtraTrees+LogisticRegression+GradientBoosting_SMOTE+AdaBoost_SMOTE+BalancedRandomForest+EasyEnsemble,9
0.08123008687061092,1.0,0.07577497129735936,0.14087513340448238,0.876502191432207,0.332582219456537,481,805,0,66,0.6259720062208398,871,XGBoost+LightGBM+XGBoost_SMOTE+RandomForest+ExtraTrees+LogisticRegression+GradientBoosting_SMOTE+AdaBoost_SMOTE+BalancedRandomForest+EasyEnsemble,10
0.09002958797674568,1.0,0.07577497129735936,0.14087513340448238,0.8758777510721524,0.3243620175054845,481,805,0,66,0.6259720062208398,871,XGBoost+XGBoost_SMOTE+RandomForest+ExtraTrees+LogisticRegression+GradientBoosting_SMOTE+AdaBoost_SMOTE+BalancedRandomForest+EasyEnsemble,9
0.009810613478248104,1.0,0.07440811724915446,0.1385099685204617,0.8709411376596448,0.32753378194663235,465,821,0,66,0.6384136858475894,887,LightGBM+XGBoost_SMOTE+LogisticRegression+GradientBoosting_SMOTE,4
0.011931123151347004,1.0,0.07390817469204927,0.13764337851929093,0.8673947876902776,0.2975070640627088,459,827,0,66,0.6430793157076206,893,XGBoost_SMOTE+LogisticRegression+GradientBoosting_SMOTE,3
0.006674955698590912,1.0,0.0738255033557047,0.1375,0.8730265328243555,0.33738341823854845,458,828,0,66,0.6438569206842923,894,XGBoost+XGBoost_SMOTE+ExtraTrees+LogisticRegression,4
0.007992425522983322,1.0,0.0738255033557047,0.1375,0.8727202035911211,0.3243877909940441,458,828,0,66,0.6438569206842923,894,XGBoost_SMOTE+ExtraTrees+LogisticRegression,3
0.008204270511450696,1.0,0.07366071428571429,0.13721413721413722,0.8710000471275743,0.3273173183416076,456,830,0,66,0.645412130637636,896,XGBoost+LightGBM+XGBoost_SMOTE+LogisticRegression+GradientBoosting_SMOTE,5
0.006674955698590912,1.0,0.07317073170731707,0.13636363636363635,0.8715420142325275,0.32488046658253084,450,836,0,66,0.6500777604976672,902,XGBoost+XGBoost_SMOTE+RandomForest+LogisticRegression,4
0.00898193296884443,1.0,0.07300884955752213,0.1360824742268041,0.8709175738724728,0.32143800079129453,448,838,0,66,0.6516329704510109,904,XGBoost+XGBoost_SMOTE+RandomForest+LogisticRegression+GradientBoosting_SMOTE,5
0.007992425522983322,1.0,0.07300884955752213,0.1360824742268041,0.870894010085301,0.31882614604947673,448,838,0,66,0.6516329704510109,904,XGBoost_SMOTE+RandomForest+LogisticRegression,3
0.010546779654702118,1.0,0.07300884955752213,0.1360824742268041,0.8700457137471135,0.31393097769610256,448,838,0,66,0.6516329704510109,904,XGBoost_SMOTE+RandomForest+LogisticRegression+GradientBoosting_SMOTE,4
0.009393067024575518,1.0,0.07292817679558011,0.13594232749742532,0.8693977095998868,0.3201067565277214,447,839,0,66,0.6524105754276828,905,XGBoost+XGBoost_SMOTE+LogisticRegression+GradientBoosting_SMOTE,4
0.00615822899085568,1.0,0.0728476821192053,0.13580246913580246,0.8748645082237617,0.33850355207076654,446,840,0,66,0.6531881804043546,906,LightGBM+XGBoost_SMOTE+ExtraTrees+LogisticRegression,4
0.010510842363510253,1.0,0.07276736493936053,0.13566289825282632,0.8716951788491447,0.31757820831941247,445,841,0,66,0.6539657853810265,907,XGBoost_SMOTE+ExtraTrees+LogisticRegression+GradientBoosting_SMOTE,4
0.00547109243776728,1.0,0.07268722466960352,0.13552361396303902,0.8742282859701211,0.33909143839213973,444,842,0,66,0.6547433903576982,908,XGBoost+LightGBM+XGBoost_SMOTE+ExtraTrees+LogisticRegression,5
0.08343940628912425,1.0,0.07268722466960352,0.13552361396303902,0.8730265328243556,0.3277762679533121,444,842,0,66,0.6547433903576982,908,LightGBM+XGBoost_SMOTE+RandomForest+LogisticRegression+EasyEnsemble,5
0.007504054750170736,1.0,0.07268722466960352,0.13552361396303902,0.868620104623215,0.3326454260565054,444,842,0,66,0.6547433903576982,908,XGBoost+LightGBM+XGBoost_SMOTE+ExtraTrees+GradientBoosting_SMOTE,5
0.07057450524093686,1.0,0.07260726072607261,0.13538461538461538,0.8758188416042226,0.3379500488179833,443,843,0,66,0.6555209953343701,909,LightGBM+XGBoost_SMOTE+RandomForest+ExtraTrees+LogisticRegression+EasyEnsemble,6
0.06982932168164704,1.0,0.07260726072607261,0.13538461538461538,0.8730265328243555,0.3300617378974925,443,843,0,66,0.6555209953343701,909,XGBoost+LightGBM+XGBoost_SMOTE+RandomForest+LogisticRegression+EasyEnsemble,6
0.06074656144141175,1.0,0.07252747252747253,0.13524590163934427,0.8752768744992696,0.33563717414369787,442,844,0,66,0.656298600311042,910,XGBoost+LightGBM+XGBoost_SMOTE+RandomForest+ExtraTrees+LogisticRegression+EasyEnsemble,7
0.008764453619660415,1.0,0.07252747252747253,0.13524590163934427,0.8720604175503087,0.32878571516681737,442,844,0,66,0.656298600311042,910,XGBoost+XGBoost_SMOTE+ExtraTrees+LogisticRegression+GradientBoosting_SMOTE,5
0.008871424208863905,1.0,0.07244785949506037,0.13510747185261002,0.8671120222442151,0.3213479221980148,441,845,0,66,0.6570762052877138,911,XGBoost+XGBoost_SMOTE+ExtraTrees+GradientBoosting_SMOTE,4
0.01069499834627321,1.0,0.07244785949506037,0.13510747185261002,0.8668528205853244,0.31246150531197875,441,845,0,66,0.6570762052877138,911,XGBoost_SMOTE+ExtraTrees+GradientBoosting_SMOTE,3
0.007510898105243394,1.0,0.07244785949506037,0.13510747185261002,0.866216598331684,0.32130703293982726,441,845,0,66,0.6570762052877138,911,XGBoost+LightGBM+XGBoost_SMOTE+RandomForest+GradientBoosting_SMOTE,5
0.008568551602656243,1.0,0.07228915662650602,0.1348314606741573,0.8738159196946134,0.33199327725104294,439,847,0,66,0.6586314152410575,913,LightGBM+XGBoost_SMOTE+ExtraTrees+LogisticRegression+GradientBoosting_SMOTE,5
0.007594217373115817,1.0,0.07228915662650602,0.1348314606741573,0.8733799896319336,0.33747167078055545,439,847,0,66,0.6586314152410575,913,XGBoost+LightGBM+XGBoost_SMOTE+ExtraTrees+LogisticRegression+GradientBoosting_SMOTE,6
0.00547109243776728,1.0,0.07221006564551423,0.1346938775510204,0.8728969319949103,0.32623403335317475,438,848,0,66,0.6594090202177294,914,XGBoost+LightGBM+XGBoost_SMOTE+RandomForest+LogisticRegression,5
0.008842392988554423,1.0,0.07221006564551423,0.1346938775510204,0.8668999481596682,0.31975112600940914,438,848,0,66,0.6594090202177294,914,LightGBM+XGBoost_SMOTE+RandomForest+GradientBoosting_SMOTE,4
0.08399958939733396,1.0,0.07213114754098361,0.1345565749235474,0.8745699608841133,0.3293582781544677,437,849,0,66,0.6601866251944012,915,XGBoost_SMOTE+RandomForest+ExtraTrees+LogisticRegression+EasyEnsemble,5
0.008568551602656243,1.0,0.07213114754098361,0.1345565749235474,0.8728380225269805,0.3305342892416589,437,849,0,66,0.6601866251944012,915,LightGBM+XGBoost_SMOTE+RandomForest+LogisticRegression+GradientBoosting_SMOTE,5
0.007594217373115817,1.0,0.07213114754098361,0.1345565749235474,0.8721428908054103,0.32907919385635714,437,849,0,66,0.6601866251944012,915,XGBoost+LightGBM+XGBoost_SMOTE+RandomForest+LogisticRegression+GradientBoosting_SMOTE,6
0.08310536912618617,1.0,0.07213114754098361,0.1345565749235474,0.8716480512748009,0.32834753314286025,437,849,0,66,0.6601866251944012,915,XGBoost+XGBoost_SMOTE+RandomForest+LogisticRegression+EasyEnsemble,5
0.008529892988554423,1.0,0.07213114754098361,0.1345565749235474,0.8697393845138791,0.32640597587550463,437,849,0,66,0.6601866251944012,915,LightGBM+XGBoost_SMOTE+ExtraTrees+GradientBoosting_SMOTE,4
0.07029614093848847,1.0,0.07197382769901854,0.1342828077314344,0.8744521419482539,0.3317634132434398,435,851,0,66,0.661741835147745,917,XGBoost+XGBoost_SMOTE+RandomForest+ExtraTrees+LogisticRegression+EasyEnsemble,6
0.10343698674666744,1.0,0.07197382769901854,0.1342828077314344,0.8709882652339884,0.3206340523729948,435,851,0,66,0.661741835147745,917,XGBoost_SMOTE+RandomForest+LogisticRegression+EasyEnsemble,4
0.10095455961411305,1.0,0.07197382769901854,0.1342828077314344,0.8676539893491683,0.32556847282346624,435,851,0,66,0.661741835147745,917,XGBoost+LightGBM+XGBoost_SMOTE+EasyEnsemble,4
0.12686226634880154,1.0,0.07181719260065289,0.13401015228426397,0.8721075451246524,0.31641819446618014,433,853,0,66,0.6632970451010887,919,XGBoost_SMOTE+LogisticRegression+BalancedRandomForest+EasyEnsemble,4
0.00615822899085568,1.0,0.07173913043478261,0.13387423935091278,0.8736038456100664,0.3273180842078735,432,854,0,66,0.6640746500777605,920,LightGBM+XGBoost_SMOTE+RandomForest+LogisticRegression,4
0.10203432232412397,1.0,0.07173913043478261,0.13387423935091278,0.8722960554220275,0.32943394663729964,432,854,0,66,0.6640746500777605,920,XGBoost+XGBoost_SMOTE+LogisticRegression+BalancedRandomForest+EasyEnsemble,5
0.1339278871803514,1.0,0.07173913043478261,0.13387423935091278,0.8655803760780433,0.31771459033565724,432,854,0,66,0.6640746500777605,920,XGBoost+XGBoost_SMOTE+EasyEnsemble,3
0.010803496117017072,1.0,0.07173913043478261,0.13387423935091278,0.8633418162967151,0.29891581601598183,432,854,0,66,0.6640746500777605,920,XGBoost_SMOTE+RandomForest+GradientBoosting_SMOTE,3
0.10162094095793577,1.0,0.07166123778501629,0.1337386018237082,0.8742047221829493,0.33154411639518755,431,855,0,66,0.6648522550544324,921,LightGBM+XGBoost_SMOTE+LogisticRegression+BalancedRandomForest+EasyEnsemble,5
0.08513787516918209,1.0,0.07166123778501629,0.1337386018237082,0.873486026674207,0.333561572153453,431,855,0,66,0.6648522550544324,921,XGBoost+LightGBM+XGBoost_SMOTE+LogisticRegression+BalancedRandomForest+EasyEnsemble,6
0.08508076611038484,1.0,0.07158351409978309,0.13360323886639677,0.8656864131203167,0.3097308826309299,430,856,0,66,0.6656298600311042,922,XGBoost+XGBoost_SMOTE+RandomForest+GradientBoosting_SMOTE+EasyEnsemble,5
0.08806357561174638,1.0,0.07150595882990249,0.13346814964610718,0.8723903105707149,0.3240440067098302,429,857,0,66,0.666407465007776,923,XGBoost+XGBoost_SMOTE+LogisticRegression+GradientBoosting_SMOTE+BalancedRandomForest+EasyEnsemble,6
0.13347251221993875,1.0,0.07150595882990249,0.13346814964610718,0.8689735614307932,0.3252784385558557,429,857,0,66,0.666407465007776,923,LightGBM+XGBoost_SMOTE+EasyEnsemble,3
0.07129009693561604,1.0,0.07150595882990249,0.13346814964610718,0.867489042838965,0.32212609823817356,429,857,0,66,0.666407465007776,923,XGBoost+LightGBM+XGBoost_SMOTE+RandomForest+GradientBoosting_SMOTE+EasyEnsemble,6
0.0852369352701033,1.0,0.07142857142857142,0.13333333333333333,0.8743107592252227,0.3379892363644829,428,858,0,66,0.6671850699844479,924,XGBoost+XGBoost_SMOTE+ExtraTrees+LogisticRegression+BalancedRandomForest+EasyEnsemble,6
0.0755767275807073,1.0,0.07142857142857142,0.13333333333333333,0.8734035534191055,0.33165814938480787,428,858,0,66,0.6671850699844479,924,XGBoost+LightGBM+XGBoost_SMOTE+LogisticRegression+GradientBoosting_SMOTE+BalancedRandomForest+EasyEnsemble,7
0.13042688230419117,1.0,0.07142857142857142,0.13333333333333333,0.8722135821669259,0.33365356979250826,428,858,0,66,0.6671850699844479,924,LightGBM+RandomForest+EasyEnsemble,3
0.10513178148901292,1.0,0.07142857142857142,0.13333333333333333,0.8716833969555587,0.30954831598205323,428,858,0,66,0.6671850699844479,924,XGBoost_SMOTE+LogisticRegression+GradientBoosting_SMOTE+BalancedRandomForest+EasyEnsemble,5
0.1991914798722091,1.0,0.07142857142857142,0.13333333333333333,0.8636010179556058,0.3018617579595477,428,858,0,66,0.6671850699844479,924,XGBoost_SMOTE+EasyEnsemble,2
0.09931372119456017,1.0,0.07135135135135136,0.13319878910191726,0.8748291625430039,0.3462120347619912,427,859,0,66,0.6679626749611197,925,LightGBM+RandomForest+ExtraTrees+EasyEnsemble,4
0.10173981307904123,1.0,0.07135135135135136,0.13319878910191726,0.8744521419482539,0.3274951662251952,427,859,0,66,0.6679626749611197,925,XGBoost_SMOTE+ExtraTrees+LogisticRegression+BalancedRandomForest+EasyEnsemble,5
0.08771909113992289,1.0,0.07135135135135136,0.13319878910191726,0.8736391912908242,0.32645056486977264,427,859,0,66,0.6679626749611197,925,LightGBM+XGBoost_SMOTE+LogisticRegression+GradientBoosting_SMOTE+BalancedRandomForest+EasyEnsemble,6
0.09826488638920865,1.0,0.07135135135135136,0.13319878910191726,0.8678424996465431,0.32626927022119045,427,859,0,66,0.6679626749611197,925,XGBoost+LightGBM+RandomForest+EasyEnsemble,4
0.008611224447094949,1.0,0.07135135135135136,0.13319878910191726,0.8642490221028324,0.31108900710119286,427,859,0,66,0.6679626749611197,925,XGBoost+XGBoost_SMOTE+RandomForest+GradientBoosting_SMOTE,4
0.07986190911136691,1.0,0.07127429805615551,0.13306451612903225,0.8710353928083322,0.33792491503103633,426,860,0,66,0.6687402799377916,926,XGBoost+LightGBM+RandomForest+ExtraTrees+EasyEnsemble,5
0.10557632572541556,1.0,0.07127429805615551,0.13306451612903225,0.8649912813987464,0.30326235567243276,426,860,0,66,0.6687402799377916,926,XGBoost_SMOTE+RandomForest+GradientBoosting_SMOTE+EasyEnsemble,4
0.0852369352701033,1.0,0.07119741100323625,0.13293051359516617,0.8735449361421368,0.3272049761934656,425,861,0,66,0.6695178849144634,927,XGBoost+XGBoost_SMOTE+RandomForest+LogisticRegression+BalancedRandomForest+EasyEnsemble,6
0.08151364769129045,1.0,0.07119741100323625,0.13293051359516617,0.8691267260474105,0.32271673964367403,425,861,0,66,0.6695178849144634,927,XGBoost+LightGBM+XGBoost_SMOTE+RandomForest+EasyEnsemble,5
0.08486797596341206,1.0,0.07119741100323625,0.13293051359516617,0.8682195202412932,0.3223466174637431,425,861,0,66,0.6695178849144634,927,LightGBM+XGBoost_SMOTE+RandomForest+GradientBoosting_SMOTE+EasyEnsemble,5
0.10138341538526353,1.0,0.07119741100323625,0.13293051359516617,0.8679485366888167,0.3153259775909823,425,861,0,66,0.6695178849144634,927,XGBoost+XGBoost_SMOTE+RandomForest+EasyEnsemble,4
0.07315389300215609,1.0,0.07112068965517242,0.13279678068410464,0.8748762901173477,0.3422127390793387,424,862,0,66,0.6702954898911353,928,XGBoost+LightGBM+XGBoost_SMOTE+ExtraTrees+LogisticRegression+BalancedRandomForest+EasyEnsemble,7
0.10104188416495406,1.0,0.07112068965517242,0.13279678068410464,0.8710471747019181,0.3245153848151211,424,862,0,66,0.6702954898911353,928,LightGBM+XGBoost_SMOTE+RandomForest+EasyEnsemble,4
0.004949310197869875,1.0,0.07112068965517242,0.13279678068410464,0.8679603185824026,0.32412051570361067,424,862,0,66,0.6702954898911353,928,XGBoost+LightGBM+XGBoost_SMOTE,3
0.006406676839105785,1.0,0.07112068965517242,0.13279678068410464,0.8656628493331447,0.31374568496336286,424,862,0,66,0.6702954898911353,928,XGBoost+XGBoost_SMOTE,2
0.08489245079827983,1.0,0.07104413347685684,0.13266331658291458,0.8756185494132618,0.34105608271041876,423,863,0,66,0.6710730948678072,929,LightGBM+XGBoost_SMOTE+ExtraTrees+LogisticRegression+BalancedRandomForest+EasyEnsemble,6
0.08243940628912425,1.0,0.07104413347685684,0.13266331658291458,0.874063339459918,0.33842273846395327,423,863,0,66,0.6710730948678072,929,LightGBM+XGBoost_SMOTE+ExtraTrees+LogisticRegression+EasyEnsemble,5
0.10173981307904123,1.0,0.07104413347685684,0.13266331658291458,0.8731443517602149,0.3248987111163311,423,863,0,66,0.6710730948678072,929,XGBoost_SMOTE+RandomForest+LogisticRegression+BalancedRandomForest+EasyEnsemble,5
0.0844148032733229,1.0,0.07104413347685684,0.13266331658291458,0.8698689853433244,0.32695308726505046,423,863,0,66,0.6710730948678072,929,LightGBM+XGBoost_SMOTE+ExtraTrees+GradientBoosting_SMOTE+EasyEnsemble,5
0.06146294023052804,1.0,0.07104413347685684,0.13266331658291458,0.8697982939818089,0.33118768662708037,423,863,0,66,0.6710730948678072,929,XGBoost+LightGBM+XGBoost_SMOTE+RandomForest+ExtraTrees+GradientBoosting_SMOTE+EasyEnsemble,7
0.08489245079827983,1.0,0.07096774193548387,0.13253012048192772,0.8747349073943164,0.327822230023802,422,864,0,66,0.671850699844479,930,LightGBM+XGBoost_SMOTE+RandomForest+LogisticRegression+BalancedRandomForest+EasyEnsemble,6
0.06628588663311888,1.0,0.07096774193548387,0.13253012048192772,0.8744757057354259,0.33627918860119904,422,864,0,66,0.671850699844479,930,XGBoost+LightGBM+XGBoost_SMOTE+ExtraTrees+LogisticRegression+GradientBoosting_SMOTE+BalancedRandomForest+EasyEnsemble,8
0.07315389300215609,1.0,0.07096774193548387,0.13253012048192772,0.8744050143739102,0.332867159564958,422,864,0,66,0.671850699844479,930,XGBoost+LightGBM+XGBoost_SMOTE+RandomForest+LogisticRegression+BalancedRandomForest+EasyEnsemble,7
0.07566163623863975,1.0,0.07096774193548387,0.13253012048192772,0.8738512653753711,0.32991673380868175,422,864,0,66,0.671850699844479,930,XGBoost+XGBoost_SMOTE+ExtraTrees+LogisticRegression+GradientBoosting_SMOTE+BalancedRandomForest+EasyEnsemble,7
0.0689959883483137,1.0,0.07096774193548387,0.13253012048192772,0.8736274093972384,0.33927917158436,422,864,0,66,0.671850699844479,930,XGBoost+LightGBM+XGBoost_SMOTE+ExtraTrees+LogisticRegression+EasyEnsemble,6
0.08154518601797646,1.0,0.07096774193548387,0.13253012048192772,0.8709882652339884,0.33019662018418955,422,864,0,66,0.671850699844479,930,XGBoost+LightGBM+XGBoost_SMOTE+LogisticRegression+EasyEnsemble,5
0.1014867578614053,1.0,0.07096774193548387,0.13253012048192772,0.8708351006173712,0.3266058671903516,422,864,0,66,0.671850699844479,930,LightGBM+XGBoost_SMOTE+LogisticRegression+EasyEnsemble,4
0.08781815124084409,1.0,0.07089151450053706,0.13239719157472418,0.874063339459918,0.3217831659951166,421,865,0,66,0.6726283048211509,931,XGBoost_SMOTE+ExtraTrees+LogisticRegression+GradientBoosting_SMOTE+BalancedRandomForest+EasyEnsemble,6
0.10107091538526354,1.0,0.07089151450053706,0.13239719157472418,0.8696215655780196,0.33510173072140764,421,865,0,66,0.6726283048211509,931,XGBoost+XGBoost_SMOTE+ExtraTrees+EasyEnsemble,4
0.13404431991480606,1.0,0.07089151450053706,0.13239719157472418,0.8679485366888166,0.30910146643869535,421,865,0,66,0.6726283048211509,931,XGBoost_SMOTE+RandomForest+EasyEnsemble,3
0.13136052081787405,1.0,0.07081545064377683,0.13226452905811623,0.874617088458457,0.34344601981320866,420,866,0,66,0.6734059097978227,932,RandomForest+ExtraTrees+EasyEnsemble,3
0.07566163623863975,1.0,0.07081545064377683,0.13226452905811623,0.8731679155473868,0.3230653595756676,420,866,0,66,0.6734059097978227,932,XGBoost+XGBoost_SMOTE+RandomForest+LogisticRegression+GradientBoosting_SMOTE+BalancedRandomForest+EasyEnsemble,7
0.08126364769129044,1.0,0.07081545064377683,0.13226452905811623,0.8704109524482775,0.33489573088505425,420,866,0,66,0.6734059097978227,932,XGBoost+LightGBM+XGBoost_SMOTE+ExtraTrees+EasyEnsemble,5
0.07064215250181259,1.0,0.07081545064377683,0.13226452905811623,0.8690442527923088,0.3338844495042743,420,866,0,66,0.6734059097978227,932,XGBoost+LightGBM+XGBoost_SMOTE+ExtraTrees+GradientBoosting_SMOTE+EasyEnsemble,6
0.07136766744971637,1.0,0.07081545064377683,0.13226452905811623,0.8685965408360432,0.32431425120617935,420,866,0,66,0.6734059097978227,932,XGBoost+XGBoost_SMOTE+RandomForest+ExtraTrees+GradientBoosting_SMOTE+EasyEnsemble,6
0.07323880166008855,1.0,0.0707395498392283,0.13213213213213212,0.8749587633724492,0.3333189429870026,419,867,0,66,0.6741835147744946,933,XGBoost+XGBoost_SMOTE+RandomForest+ExtraTrees+LogisticRegression+BalancedRandomForest+EasyEnsemble,7
0.07536636383421962,1.0,0.0707395498392283,0.13213213213213212,0.8747820349686602,0.33098845499166174,419,867,0,66,0.6741835147744946,933,LightGBM+XGBoost_SMOTE+ExtraTrees+LogisticRegression+GradientBoosting_SMOTE+BalancedRandomForest+EasyEnsemble,7
0.06628588663311888,1.0,0.0707395498392283,0.13213213213213212,0.8739808662048164,0.3305129966479531,419,867,0,66,0.6741835147744946,933,XGBoost+LightGBM+XGBoost_SMOTE+RandomForest+LogisticRegression+GradientBoosting_SMOTE+BalancedRandomForest+EasyEnsemble,8
0.07113997996951005,1.0,0.0707395498392283,0.13213213213213212,0.8704345162354493,0.3261536541209864,419,867,0,66,0.6741835147744946,933,LightGBM+XGBoost_SMOTE+RandomForest+ExtraTrees+GradientBoosting_SMOTE+EasyEnsemble,6
0.19391578122681105,1.0,0.0707395498392283,0.13213213213213212,0.8702695697252463,0.3178165027073102,419,867,0,66,0.6741835147744946,933,RandomForest+EasyEnsemble,2
0.08499151089920103,1.0,0.07066381156316917,0.132,0.875559639945332,0.3300875759894022,418,868,0,66,0.6749611197511665,934,XGBoost_SMOTE+RandomForest+ExtraTrees+LogisticRegression+BalancedRandomForest+EasyEnsemble,6
0.06416590637688657,1.0,0.07066381156316917,0.132,0.8754653847966446,0.33771003577182257,418,868,0,66,0.6749611197511665,934,XGBoost+LightGBM+XGBoost_SMOTE+RandomForest+ExtraTrees+LogisticRegression+BalancedRandomForest+EasyEnsemble,8
0.08781815124084409,1.0,0.07066381156316917,0.132,0.873321080164004,0.32085748065178327,418,868,0,66,0.6749611197511665,934,XGBoost_SMOTE+RandomForest+LogisticRegression+GradientBoosting_SMOTE+BalancedRandomForest+EasyEnsemble,6
0.10072938416495406,1.0,0.07066381156316917,0.132,0.8724138743578868,0.3358989921678159,418,868,0,66,0.6749611197511665,934,LightGBM+XGBoost_SMOTE+ExtraTrees+EasyEnsemble,4
0.10218698674666744,1.0,0.07066381156316917,0.132,0.8721075451246524,0.32613583163013243,418,868,0,66,0.6749611197511665,934,XGBoost_SMOTE+ExtraTrees+LogisticRegression+EasyEnsemble,4
0.1617509657717446,1.0,0.07066381156316917,0.132,0.8695273104293323,0.30739426520091034,418,868,0,66,0.6749611197511665,934,LogisticRegression+BalancedRandomForest+EasyEnsemble,3
0.07294352925566841,1.0,0.07058823529411765,0.13186813186813187,0.8759602243272538,0.3369016796724761,417,869,0,66,0.6757387247278382,935,LightGBM+XGBoost_SMOTE+RandomForest+ExtraTrees+LogisticRegression+BalancedRandomForest+EasyEnsemble,7
0.07536636383421962,1.0,0.07058823529411765,0.13186813186813187,0.8744050143739103,0.32943186689578885,417,869,0,66,0.6757387247278382,935,LightGBM+XGBoost_SMOTE+RandomForest+LogisticRegression+GradientBoosting_SMOTE+BalancedRandomForest+EasyEnsemble,7
0.0683447064094087,1.0,0.07058823529411765,0.13186813186813187,0.8717423064234884,0.33087916834846637,417,869,0,66,0.6757387247278382,935,XGBoost+LightGBM+XGBoost_SMOTE+RandomForest+ExtraTrees+EasyEnsemble,6
0.12199386088516188,1.0,0.07058823529411765,0.13186813186813187,0.8707879730430275,0.32833179370308996,417,869,0,66,0.6757387247278382,935,XGBoost+LogisticRegression+BalancedRandomForest+EasyEnsemble,4
0.08496106058033245,1.0,0.07058823529411765,0.13186813186813187,0.869374145812715,0.3219627421304498,417,869,0,66,0.6757387247278382,935,XGBoost_SMOTE+RandomForest+ExtraTrees+GradientBoosting_SMOTE+EasyEnsemble,5
0.13416598232888993,1.0,0.07058823529411765,0.13186813186813187,0.8672416230736605,0.3167181214971649,417,869,0,66,0.6757387247278382,935,XGBoost_SMOTE+LogisticRegression+EasyEnsemble,3
0.006878378958475612,1.0,0.07051282051282051,0.1317365269461078,0.8685611951552853,0.3286670281079771,416,870,0,66,0.6765163297045101,936,XGBoost+LightGBM+XGBoost_SMOTE+RandomForest+ExtraTrees+GradientBoosting_SMOTE,6
0.06190343090951637,1.0,0.07043756670224119,0.13160518444666003,0.8747584711814882,0.3324706385414681,415,871,0,66,0.6772939346811819,937,LightGBM+XGBoost_SMOTE+RandomForest+ExtraTrees+LogisticRegression+GradientBoosting_SMOTE+EasyEnsemble,7
0.08210536912618617,1.0,0.07043756670224119,0.13160518444666003,0.8725906027616759,0.33681525566619364,415,871,0,66,0.6772939346811819,937,XGBoost+XGBoost_SMOTE+ExtraTrees+LogisticRegression+EasyEnsemble,5
0.15503125821782576,1.0,0.07043756670224119,0.13160518444666003,0.8720839813374806,0.33588411923420747,415,871,0,66,0.6772939346811819,937,LightGBM+GradientBoosting_SMOTE+AdaBoost_SMOTE+EasyEnsemble,4
0.12470514693358781,1.0,0.07043756670224119,0.13160518444666003,0.8718012158914181,0.33531101452182765,415,871,0,66,0.6772939346811819,937,XGBoost+LightGBM+GradientBoosting_SMOTE+AdaBoost_SMOTE+EasyEnsemble,5
0.1250482315505082,1.0,0.07043756670224119,0.13160518444666003,0.8717187426363165,0.3169903550244044,415,871,0,66,0.6772939346811819,937,XGBoost+RandomForest+GradientBoosting_SMOTE+AdaBoost_SMOTE+EasyEnsemble,5
0.10548973109158577,1.0,0.07043756670224119,0.13160518444666003,0.871624487487629,0.3300813312714119,415,871,0,66,0.6772939346811819,937,XGBoost+LightGBM+XGBoost_SMOTE+GradientBoosting_SMOTE+AdaBoost_SMOTE+EasyEnsemble,6
0.0989651152744708,1.0,0.07043756670224119,0.13160518444666003,0.871247466892879,0.33472679196063054,415,871,0,66,0.6772939346811819,937,XGBoost+RandomForest+ExtraTrees+EasyEnsemble,4
0.15546011398897625,1.0,0.07043756670224119,0.13160518444666003,0.8709411376596446,0.3060780694653628,415,871,0,66,0.6772939346811819,937,RandomForest+GradientBoosting_SMOTE+AdaBoost_SMOTE+EasyEnsemble,4
0.13362765324813938,1.0,0.07043756670224119,0.13160518444666003,0.8703873886611057,0.32125352613004604,415,871,0,66,0.6772939346811819,937,XGBoost_SMOTE+ExtraTrees+EasyEnsemble,3
0.12590753695057572,1.0,0.07043756670224119,0.13160518444666003,0.8702342240444884,0.32204511822485826,415,871,0,66,0.6772939346811819,937,LightGBM+XGBoost_SMOTE+GradientBoosting_SMOTE+AdaBoost_SMOTE+EasyEnsemble,5
0.15537278943813523,1.0,0.07043756670224119,0.13160518444666003,0.8696215655780197,0.32826673606548673,415,871,0,66,0.6772939346811819,937,XGBoost+GradientBoosting_SMOTE+AdaBoost_SMOTE+EasyEnsemble,4
0.12618076192682331,1.0,0.07043756670224119,0.13160518444666003,0.8690795984730666,0.3250143867643037,415,871,0,66,0.6772939346811819,937,XGBoost+XGBoost_SMOTE+GradientBoosting_SMOTE+AdaBoost_SMOTE+EasyEnsemble,5
0.08408076611038484,1.0,0.07043756670224119,0.13160518444666003,0.8679249729016447,0.3266190724465666,415,871,0,66,0.6772939346811819,937,XGBoost+XGBoost_SMOTE+ExtraTrees+GradientBoosting_SMOTE+EasyEnsemble,5
0.10465623297691579,1.0,0.07043756670224119,0.13160518444666003,0.8677482444978557,0.3182222184354897,415,871,0,66,0.6772939346811819,937,XGBoost_SMOTE+ExtraTrees+GradientBoosting_SMOTE+EasyEnsemble,4
0.1298701536992944,1.0,0.07043756670224119,0.13160518444666003,0.8672534049672462,0.32327783514198294,415,871,0,66,0.6772939346811819,937,XGBoost+RandomForest+EasyEnsemble,3
0.10395600409165363,1.0,0.07043756670224119,0.13160518444666003,0.8668056930109806,0.3219641103808714,415,871,0,66,0.6772939346811819,937,LightGBM+XGBoost_SMOTE+GradientBoosting_SMOTE+EasyEnsemble,4
0.15687577695937013,1.0,0.07043756670224119,0.13160518444666003,0.8660516518214807,0.303156042410976,415,871,0,66,0.6772939346811819,937,XGBoost_SMOTE+GradientBoosting_SMOTE+AdaBoost_SMOTE+EasyEnsemble,4
0.05438786437635945,1.0,0.07036247334754797,0.13147410358565736,0.8741340308214336,0.33566292425453353,414,872,0,66,0.6780715396578538,938,XGBoost+LightGBM+XGBoost_SMOTE+RandomForest+ExtraTrees+LogisticRegression+GradientBoosting_SMOTE+EasyEnsemble,8
0.12477500657426059,1.0,0.07036247334754797,0.13147410358565736,0.8737687921202696,0.32507064936025776,414,872,0,66,0.6780715396578538,938,LightGBM+RandomForest+GradientBoosting_SMOTE+AdaBoost_SMOTE+EasyEnsemble,5
0.09772621658702406,1.0,0.07036247334754797,0.13147410358565736,0.8721311089118243,0.32959068797530794,414,872,0,66,0.6780715396578538,938,XGBoost+LightGBM+LogisticRegression+BalancedRandomForest+EasyEnsemble,5
0.1012370571181012,1.0,0.07036247334754797,0.13147410358565736,0.8718719072529337,0.3270282270418305,414,872,0,66,0.6780715396578538,938,XGBoost+LogisticRegression+GradientBoosting_SMOTE+BalancedRandomForest+EasyEnsemble,5
0.07750694996323279,1.0,0.07036247334754797,0.13147410358565736,0.8692445449832698,0.32030699814133834,414,872,0,66,0.6780715396578538,938,XGBoost+GradientBoosting_SMOTE+AdaBoost_SMOTE,3
0.007847139367091124,1.0,0.07036247334754797,0.13147410358565736,0.8671944954993167,0.3194749023992354,414,872,0,66,0.6780715396578538,938,XGBoost+XGBoost_SMOTE+RandomForest+ExtraTrees+GradientBoosting_SMOTE,5
0.20603015198530164,1.0,0.07036247334754797,0.13147410358565736,0.8665464913520902,0.29499839347783346,414,872,0,66,0.6780715396578538,938,GradientBoosting_SMOTE+AdaBoost_SMOTE+EasyEnsemble,3
0.10454595577798982,1.0,0.07028753993610223,0.13134328358208955,0.8731914793345587,0.32617516438423766,413,873,0,66,0.6788491446345256,939,XGBoost+LightGBM+RandomForest+GradientBoosting_SMOTE+AdaBoost_SMOTE+EasyEnsemble,6
0.12147713417742666,1.0,0.07028753993610223,0.13134328358208955,0.8719897261887931,0.3309261296537196,413,873,0,66,0.6788491446345256,939,LightGBM+LogisticRegression+BalancedRandomForest+EasyEnsemble,4
0.1055673016056861,1.0,0.07028753993610223,0.13134328358208955,0.8715891418068712,0.324491458262516,413,873,0,66,0.6788491446345256,939,XGBoost+XGBoost_SMOTE+ExtraTrees+GradientBoosting_SMOTE+AdaBoost_SMOTE+EasyEnsemble,6
0.07705157500282014,1.0,0.07028753993610223,0.13134328358208955,0.8714241952966681,0.3283860504096683,413,873,0,66,0.6788491446345256,939,LightGBM+GradientBoosting_SMOTE+AdaBoost_SMOTE,3
0.15083834787767375,1.0,0.07028753993610223,0.13134328358208955,0.8713417220415665,0.33554556322255036,413,873,0,66,0.6788491446345256,939,XGBoost+LightGBM+AdaBoost_SMOTE+EasyEnsemble,4
0.10106921140773271,1.0,0.07028753993610223,0.13134328358208955,0.8694919647485744,0.32780808215913493,413,873,0,66,0.6788491446345256,939,XGBoost+XGBoost_SMOTE+LogisticRegression+EasyEnsemble,4
0.06610181835494217,1.0,0.07021276595744681,0.1312127236580517,0.8753475658607851,0.3327005791471861,412,874,0,66,0.6796267496111975,940,LightGBM+XGBoost_SMOTE+RandomForest+ExtraTrees+LogisticRegression+GradientBoosting_SMOTE+BalancedRandomForest+EasyEnsemble,8
0.05905967700721678,1.0,0.07021276595744681,0.1312127236580517,0.8750648004147227,0.3350961251476068,412,874,0,66,0.6796267496111975,940,XGBoost+LightGBM+XGBoost_SMOTE+RandomForest+ExtraTrees+LogisticRegression+GradientBoosting_SMOTE+BalancedRandomForest+EasyEnsemble,9
0.0754512724921521,1.0,0.07021276595744681,0.1312127236580517,0.8749587633724493,0.3253668606426984,412,874,0,66,0.6796267496111975,940,XGBoost_SMOTE+RandomForest+ExtraTrees+LogisticRegression+GradientBoosting_SMOTE+BalancedRandomForest+EasyEnsemble,7
0.06636018170880979,1.0,0.07021276595744681,0.1312127236580517,0.8743107592252227,0.325780171314428,412,874,0,66,0.6796267496111975,940,XGBoost+XGBoost_SMOTE+RandomForest+ExtraTrees+LogisticRegression+GradientBoosting_SMOTE+BalancedRandomForest+EasyEnsemble,8
0.0612647021444108,1.0,0.07021276595744681,0.1312127236580517,0.8723314011027853,0.3292125480384821,412,874,0,66,0.6796267496111975,940,XGBoost+LightGBM+XGBoost_SMOTE+RandomForest+LogisticRegression+GradientBoosting_SMOTE+EasyEnsemble,7
0.12586568484127308,1.0,0.07021276595744681,0.1312127236580517,0.8719190348272775,0.31196490242635333,412,874,0,66,0.6796267496111975,940,LogisticRegression+GradientBoosting_SMOTE+BalancedRandomForest+EasyEnsemble,4
0.08352058300217512,1.0,0.07021276595744681,0.1312127236580517,0.8662401621188557,0.32581207420696456,412,874,0,66,0.6796267496111975,940,XGBoost+LightGBM+XGBoost_SMOTE+GradientBoosting_SMOTE+EasyEnsemble,5
0.07951093332487932,1.0,0.07021276595744681,0.1312127236580517,0.8647320797398558,0.2921568567366678,412,874,0,66,0.6796267496111975,940,XGBoost_SMOTE+GradientBoosting_SMOTE+AdaBoost_SMOTE,3
0.1245250065742606,1.0,0.07013815090329437,0.13108242303872888,0.8751119279890663,0.3402075070253144,411,875,0,66,0.6804043545878694,941,LightGBM+ExtraTrees+GradientBoosting_SMOTE+AdaBoost_SMOTE+EasyEnsemble,5
0.09077691236421637,1.0,0.07013815090329437,0.13108242303872888,0.873144351760215,0.3296650436028915,411,875,0,66,0.6804043545878694,941,XGBoost+LightGBM+XGBoost_SMOTE+ExtraTrees+GradientBoosting_SMOTE+AdaBoost_SMOTE+EasyEnsemble,7
0.07117900272776909,1.0,0.07013815090329437,0.13108242303872888,0.8726966398039494,0.3304996880880961,411,875,0,66,0.6804043545878694,941,LightGBM+XGBoost_SMOTE+RandomForest+LogisticRegression+GradientBoosting_SMOTE+EasyEnsemble,6
0.0909554837927878,1.0,0.07013815090329437,0.13108242303872888,0.8723431829963711,0.3192783920927993,411,875,0,66,0.6804043545878694,941,XGBoost+LightGBM+XGBoost_SMOTE+RandomForest+GradientBoosting_SMOTE+AdaBoost_SMOTE+EasyEnsemble,7
0.10577563493901943,1.0,0.07013815090329437,0.13108242303872888,0.8707644092558555,0.3123569876895028,411,875,0,66,0.6804043545878694,941,XGBoost+XGBoost_SMOTE+RandomForest+GradientBoosting_SMOTE+AdaBoost_SMOTE+EasyEnsemble,6
0.08160673230821083,1.0,0.07013815090329437,0.13108242303872888,0.8707408454686837,0.32498081289844005,411,875,0,66,0.6804043545878694,941,XGBoost+XGBoost_SMOTE+RandomForest+ExtraTrees+EasyEnsemble,5
0.060141844222509004,1.0,0.07013815090329437,0.13108242303872888,0.870128187002215,0.3189889168308619,411,875,0,66,0.6804043545878694,941,LightGBM+XGBoost_SMOTE+GradientBoosting_SMOTE+AdaBoost_SMOTE,4
0.007573914390843537,1.0,0.07013815090329437,0.13108242303872888,0.8694684009614024,0.3272146347089879,411,875,0,66,0.6804043545878694,941,LightGBM+XGBoost_SMOTE+RandomForest+ExtraTrees+GradientBoosting_SMOTE,5
0.06048337544281848,1.0,0.07013815090329437,0.13108242303872888,0.868820396814176,0.3161939692583674,411,875,0,66,0.6804043545878694,941,XGBoost+XGBoost_SMOTE+GradientBoosting_SMOTE+AdaBoost_SMOTE,4
0.07164582198461052,1.0,0.07006369426751592,0.13095238095238096,0.873698100758754,0.3240565183116626,410,876,0,66,0.6811819595645412,942,XGBoost_SMOTE+RandomForest+ExtraTrees+LogisticRegression+GradientBoosting_SMOTE+EasyEnsemble,6
0.08133350733196325,1.0,0.07006369426751592,0.13095238095238096,0.873686318865168,0.33538920630847374,410,876,0,66,0.6811819595645412,942,LightGBM+XGBoost_SMOTE+RandomForest+ExtraTrees+EasyEnsemble,5
0.06166483293598917,1.0,0.07006369426751592,0.13095238095238096,0.8732386069089024,0.3265975960113668,410,876,0,66,0.6811819595645412,942,XGBoost+XGBoost_SMOTE+RandomForest+ExtraTrees+LogisticRegression+GradientBoosting_SMOTE+EasyEnsemble,7
0.058638856701274104,1.0,0.07006369426751592,0.13095238095238096,0.8721782364861681,0.33370819692429377,410,876,0,66,0.6811819595645412,942,XGBoost+LightGBM+GradientBoosting_SMOTE+AdaBoost_SMOTE,4
0.12255320867845412,1.0,0.07006369426751592,0.13095238095238096,0.8717423064234884,0.32755080527137403,410,876,0,66,0.6811819595645412,942,XGBoost+LightGBM+XGBoost_SMOTE+AdaBoost_SMOTE+EasyEnsemble,5
0.20043960486509896,1.0,0.07006369426751592,0.13095238095238096,0.8681017013054338,0.32426039592096834,410,876,0,66,0.6811819595645412,942,XGBoost+AdaBoost_SMOTE+EasyEnsemble,3
0.1043376224446565,1.0,0.06998939554612937,0.13082259663032705,0.8742754135444649,0.33153546885127033,409,877,0,66,0.6819595645412131,943,XGBoost+LightGBM+ExtraTrees+GradientBoosting_SMOTE+AdaBoost_SMOTE+EasyEnsemble,6
0.10082367575191302,1.0,0.06998939554612937,0.13082259663032705,0.8736038456100664,0.33271806922376546,409,877,0,66,0.6819595645412131,943,LightGBM+LogisticRegression+GradientBoosting_SMOTE+BalancedRandomForest+EasyEnsemble,5
0.10533961412547976,1.0,0.06998939554612937,0.13082259663032705,0.8733564258447617,0.3319831222390411,409,877,0,66,0.6819595645412131,943,LightGBM+XGBoost_SMOTE+ExtraTrees+GradientBoosting_SMOTE+AdaBoost_SMOTE+EasyEnsemble,6
0.1247982315505082,1.0,0.06998939554612937,0.13082259663032705,0.8732032612281445,0.3419621014630254,409,877,0,66,0.6819595645412131,943,XGBoost+ExtraTrees+GradientBoosting_SMOTE+AdaBoost_SMOTE+EasyEnsemble,5
0.007693277474037026,1.0,0.06998939554612937,0.13082259663032705,0.87295584146284,0.3256628310735108,409,877,0,66,0.6819595645412131,943,XGBoost+XGBoost_SMOTE+RandomForest+ExtraTrees+LogisticRegression+GradientBoosting_SMOTE,6
0.15514761398897625,1.0,0.06998939554612937,0.13082259663032705,0.8727673311654649,0.33478925976312773,409,877,0,66,0.6819595645412131,943,ExtraTrees+GradientBoosting_SMOTE+AdaBoost_SMOTE+EasyEnsemble,4
0.08447348749749646,1.0,0.06998939554612937,0.13082259663032705,0.8726495122296055,0.3336891195081577,409,877,0,66,0.6819595645412131,943,XGBoost+LightGBM+LogisticRegression+GradientBoosting_SMOTE+BalancedRandomForest+EasyEnsemble,6
0.0487936157373344,1.0,0.06998939554612937,0.13082259663032705,0.871624487487629,0.32149569335328326,409,877,0,66,0.6819595645412131,943,XGBoost+LightGBM+XGBoost_SMOTE+GradientBoosting_SMOTE+AdaBoost_SMOTE,5
0.1145600740465312,1.0,0.06998939554612937,0.13082259663032705,0.8638248739337386,0.2825324673781736,409,877,0,66,0.6819595645412131,943,GradientBoosting_SMOTE+AdaBoost_SMOTE,2
0.09784508870812951,1.0,0.06991525423728813,0.1306930693069307,0.8725316932937461,0.3304790200515917,408,878,0,66,0.6827371695178849,944,XGBoost+RandomForest+LogisticRegression+BalancedRandomForest+EasyEnsemble,5
0.10554794745881309,1.0,0.06991525423728813,0.1306930693069307,0.8721428908054102,0.3171432005956295,408,878,0,66,0.6827371695178849,944,LightGBM+XGBoost_SMOTE+RandomForest+GradientBoosting_SMOTE+AdaBoost_SMOTE+EasyEnsemble,6
0.19998422990468634,1.0,0.06991525423728813,0.1306930693069307,0.8716362693812151,0.3372816336753917,408,878,0,66,0.6827371695178849,944,LightGBM+AdaBoost_SMOTE+EasyEnsemble,3
0.1260006215674961,1.0,0.06991525423728813,0.1306930693069307,0.8705287713841369,0.323464999631282,408,878,0,66,0.6827371695178849,944,XGBoost_SMOTE+ExtraTrees+GradientBoosting_SMOTE+AdaBoost_SMOTE+EasyEnsemble,5
0.1262506215674961,1.0,0.06991525423728813,0.1306930693069307,0.869008907111551,0.29677011327888875,408,878,0,66,0.6827371695178849,944,XGBoost_SMOTE+RandomForest+GradientBoosting_SMOTE+AdaBoost_SMOTE+EasyEnsemble,5
0.008958748759704909,1.0,0.06991525423728813,0.1306930693069307,0.8676068617748244,0.3146453855112289,408,878,0,66,0.6827371695178849,944,XGBoost_SMOTE+RandomForest+ExtraTrees+GradientBoosting_SMOTE,4
0.009412651881575584,1.0,0.06991525423728813,0.1306930693069307,0.8641901126349026,0.2791901341805339,408,878,0,66,0.6827371695178849,944,XGBoost_SMOTE,1
0.1374583106358877,1.0,0.06991525423728813,0.1306930693069307,0.8620458080022622,0.30420008764604295,408,878,0,66,0.6827371695178849,944,XGBoost_SMOTE+GradientBoosting_SMOTE+EasyEnsemble,3
0.29895905639933046,1.0,0.06991525423728813,0.1306930693069307,0.8601135774541685,0.2713027290674189,408,878,0,66,0.6827371695178849,944,AdaBoost_SMOTE+EasyEnsemble,2
0.006306819142237493,1.0,0.06984126984126984,0.13056379821958458,0.8743814505867383,0.32907695956529764,407,879,0,66,0.6835147744945568,945,XGBoost_SMOTE+RandomForest+ExtraTrees+LogisticRegression,4
0.10094254787301846,1.0,0.06984126984126984,0.13056379821958458,0.8733092982704181,0.32249012857111903,407,879,0,66,0.6835147744945568,945,RandomForest+LogisticRegression+GradientBoosting_SMOTE+BalancedRandomForest+EasyEnsemble,5
0.08457254759841766,1.0,0.06984126984126984,0.13056379821958458,0.8731679155473868,0.32674696369308026,407,879,0,66,0.6835147744945568,945,XGBoost+RandomForest+LogisticRegression+GradientBoosting_SMOTE+BalancedRandomForest+EasyEnsemble,6
0.09784508870812951,1.0,0.06984126984126984,0.13056379821958458,0.8731679155473868,0.3396931785828292,407,879,0,66,0.6835147744945568,945,XGBoost+ExtraTrees+LogisticRegression+BalancedRandomForest+EasyEnsemble,5
0.12162572432880847,1.0,0.06984126984126984,0.13056379821958458,0.8729794052500118,0.33325812874088534,407,879,0,66,0.6835147744945568,945,ExtraTrees+LogisticRegression+BalancedRandomForest+EasyEnsemble,4
0.10115823993610454,1.0,0.06984126984126984,0.13056379821958458,0.8716362693812149,0.32403047679940805,407,879,0,66,0.6835147744945568,945,XGBoost_SMOTE+RandomForest+ExtraTrees+EasyEnsemble,4
0.15268286661921812,1.0,0.06984126984126984,0.13056379821958458,0.8690913803666526,0.3223901798852713,407,879,0,66,0.6835147744945568,945,XGBoost+XGBoost_SMOTE+AdaBoost_SMOTE+EasyEnsemble,4
0.10353845763798104,1.0,0.06984126984126984,0.13056379821958458,0.8642490221028324,0.3150745324973677,407,879,0,66,0.6835147744945568,945,XGBoost+XGBoost_SMOTE+GradientBoosting_SMOTE+EasyEnsemble,4
0.08996796209541986,1.0,0.06976744186046512,0.13043478260869565,0.8754064753287147,0.33539282983435376,406,880,0,66,0.6842923794712286,946,XGBoost+LightGBM+RandomForest+ExtraTrees+GradientBoosting_SMOTE+AdaBoost_SMOTE+EasyEnsemble,7
0.12142067830213898,1.0,0.06976744186046512,0.13043478260869565,0.8742989773316368,0.3283425769318069,406,880,0,66,0.6842923794712286,946,XGBoost+LightGBM+RandomForest+AdaBoost_SMOTE+EasyEnsemble,5
0.00558996455887273,1.0,0.06976744186046512,0.13043478260869565,0.8742282859701211,0.328742409843466,406,880,0,66,0.6842923794712286,946,XGBoost+XGBoost_SMOTE+RandomForest+ExtraTrees+LogisticRegression,5
0.08164684715585338,1.0,0.06976744186046512,0.13043478260869565,0.8739101748433008,0.3428879557968861,406,880,0,66,0.6842923794712286,946,XGBoost+LightGBM+ExtraTrees+LogisticRegression+BalancedRandomForest+EasyEnsemble,6
0.008687423723761694,1.0,0.06976744186046512,0.13043478260869565,0.8730972241858711,0.32169184058772615,406,880,0,66,0.6842923794712286,946,XGBoost_SMOTE+RandomForest+ExtraTrees+LogisticRegression+GradientBoosting_SMOTE,5
0.15126720364882423,1.0,0.06976744186046512,0.13043478260869565,0.872378528677129,0.3209530057793277,406,880,0,66,0.6842923794712286,946,XGBoost+RandomForest+AdaBoost_SMOTE+EasyEnsemble,4
0.00572361439848682,1.0,0.06976744186046512,0.13043478260869565,0.8707997549366133,0.3219524346558043,406,880,0,66,0.6842923794712286,946,LightGBM+XGBoost_SMOTE,2
0.08472498638153263,1.0,0.06976744186046512,0.13043478260869565,0.8704462981290353,0.31577488125926334,406,880,0,66,0.6842923794712286,946,XGBoost_SMOTE+RandomForest+LogisticRegression+GradientBoosting_SMOTE+EasyEnsemble,5
0.10439583881188384,1.0,0.06969376979936642,0.13030602171767028,0.8760662613695273,0.33708437430666793,405,881,0,66,0.6850699844479005,947,LightGBM+RandomForest+ExtraTrees+GradientBoosting_SMOTE+AdaBoost_SMOTE+EasyEnsemble,6
0.09743170734194131,1.0,0.06969376979936642,0.13030602171767028,0.8747820349686601,0.3436053599149073,405,881,0,66,0.6850699844479005,947,LightGBM+ExtraTrees+LogisticRegression+BalancedRandomForest+EasyEnsemble,5
0.10462352629209015,1.0,0.06969376979936642,0.13030602171767028,0.8740279937791602,0.3224221887241883,405,881,0,66,0.6850699844479005,947,XGBoost+RandomForest+ExtraTrees+GradientBoosting_SMOTE+AdaBoost_SMOTE+EasyEnsemble,6
0.07258441785499696,1.0,0.06969376979936642,0.13030602171767028,0.8739455205240586,0.3347511831259861,405,881,0,66,0.6850699844479005,947,XGBoost+LightGBM+RandomForest+LogisticRegression+GradientBoosting_SMOTE+BalancedRandomForest+EasyEnsemble,7
0.08457254759841766,1.0,0.06969376979936642,0.13030602171767028,0.8737687921202696,0.33507788886719225,405,881,0,66,0.6850699844479005,947,XGBoost+ExtraTrees+LogisticRegression+GradientBoosting_SMOTE+BalancedRandomForest+EasyEnsemble,6
0.07720671603102079,1.0,0.06969376979936642,0.13030602171767028,0.8715891418068712,0.3317837244402776,405,881,0,66,0.6850699844479005,947,ExtraTrees+GradientBoosting_SMOTE+AdaBoost_SMOTE,3
0.15092567242851473,1.0,0.06962025316455696,0.1301775147928994,0.875948442433668,0.33172788333155584,404,882,0,66,0.6858475894245724,948,LightGBM+RandomForest+AdaBoost_SMOTE+EasyEnsemble,4
0.08422806312659419,1.0,0.06962025316455696,0.1301775147928994,0.8747584711814883,0.3355408905279315,404,882,0,66,0.6858475894245724,948,LightGBM+RandomForest+LogisticRegression+GradientBoosting_SMOTE+BalancedRandomForest+EasyEnsemble,6
0.12162572432880847,1.0,0.06962025316455696,0.1301775147928994,0.8720957632310664,0.32100471151136545,404,882,0,66,0.6858475894245724,948,RandomForest+LogisticRegression+BalancedRandomForest+EasyEnsemble,4
0.04741108536101928,1.0,0.06954689146469968,0.13004926108374384,0.8746995617135586,0.3301132251100324,403,883,0,66,0.6866251944012441,949,XGBoost+LightGBM+ExtraTrees+GradientBoosting_SMOTE+AdaBoost_SMOTE,5
0.10094254787301846,1.0,0.06954689146469968,0.13004926108374384,0.874251849757293,0.3235569174054079,403,883,0,66,0.6866251944012441,949,ExtraTrees+LogisticRegression+GradientBoosting_SMOTE+BalancedRandomForest+EasyEnsemble,5
0.09743170734194131,1.0,0.06954689146469968,0.13004926108374384,0.8739219567368868,0.331436870782696,403,883,0,66,0.6866251944012441,949,LightGBM+RandomForest+LogisticRegression+BalancedRandomForest+EasyEnsemble,5
0.10275267389871175,1.0,0.06954689146469968,0.13004926108374384,0.8734271172062774,0.32124156686672045,403,883,0,66,0.6866251944012441,949,XGBoost+LightGBM+XGBoost_SMOTE+RandomForest+AdaBoost_SMOTE+EasyEnsemble,6
0.08164684715585338,1.0,0.06954689146469968,0.13004926108374384,0.8732150431217305,0.3306819509759043,403,883,0,66,0.6866251944012441,949,XGBoost+LightGBM+RandomForest+LogisticRegression+BalancedRandomForest+EasyEnsemble,6
0.05875521247242459,1.0,0.06954689146469968,0.13004926108374384,0.873132569866629,0.32955761517218546,403,883,0,66,0.6866251944012441,949,XGBoost+ExtraTrees+GradientBoosting_SMOTE+AdaBoost_SMOTE,4
0.0709006384253207,1.0,0.06954689146469968,0.13004926108374384,0.8709293557660587,0.3220240190692297,403,883,0,66,0.6866251944012441,949,XGBoost+XGBoost_SMOTE+RandomForest+LogisticRegression+GradientBoosting_SMOTE+EasyEnsemble,6
0.05841368125211511,1.0,0.06947368421052631,0.12992125984251968,0.8753357839671992,0.33393885159598025,402,884,0,66,0.687402799377916,950,LightGBM+ExtraTrees+GradientBoosting_SMOTE+AdaBoost_SMOTE,4
0.12486809119118099,1.0,0.06947368421052631,0.12992125984251968,0.8744874876290117,0.32213789470338844,402,884,0,66,0.687402799377916,950,RandomForest+ExtraTrees+GradientBoosting_SMOTE+AdaBoost_SMOTE+EasyEnsemble,5
0.12117067830213898,1.0,0.06947368421052631,0.12992125984251968,0.8741104670342618,0.3364844210013268,402,884,0,66,0.687402799377916,950,XGBoost+LightGBM+ExtraTrees+AdaBoost_SMOTE+EasyEnsemble,5
0.12262306831912691,1.0,0.06947368421052631,0.12992125984251968,0.8738630472689571,0.3198443743405178,402,884,0,66,0.687402799377916,950,LightGBM+XGBoost_SMOTE+RandomForest+AdaBoost_SMOTE+EasyEnsemble,5
0.07989854831868932,1.0,0.06947368421052631,0.12992125984251968,0.8738041378010274,0.3270294122557465,402,884,0,66,0.687402799377916,950,XGBoost+LightGBM+XGBoost_SMOTE+RandomForest+ExtraTrees+GradientBoosting_SMOTE+AdaBoost_SMOTE+EasyEnsemble,8
0.15095470364882424,1.0,0.06947368421052631,0.12992125984251968,0.8732503888024884,0.3484571492437502,402,884,0,66,0.687402799377916,950,XGBoost+ExtraTrees+AdaBoost_SMOTE+EasyEnsemble,4
0.12876021563752452,1.0,0.06947368421052631,0.12992125984251968,0.8732268250153165,0.3454028183073204,402,884,0,66,0.687402799377916,950,LightGBM+ExtraTrees+EasyEnsemble,3
0.09102197280487379,1.0,0.06947368421052631,0.12992125984251968,0.8726612941231915,0.31962842724107976,402,884,0,66,0.687402799377916,950,XGBoost+XGBoost_SMOTE+RandomForest+ExtraTrees+GradientBoosting_SMOTE+AdaBoost_SMOTE+EasyEnsemble,7
0.20055603759955365,1.0,0.06947368421052631,0.12992125984251968,0.8719425986144492,0.308427289520801,402,884,0,66,0.687402799377916,950,RandomForest+AdaBoost_SMOTE+EasyEnsemble,3
0.15234133539890865,1.0,0.06947368421052631,0.12992125984251968,0.8709882652339883,0.32772112894354594,402,884,0,66,0.687402799377916,950,LightGBM+XGBoost_SMOTE+AdaBoost_SMOTE+EasyEnsemble,4
0.0016890928099432155,1.0,0.06947368421052631,0.12992125984251968,0.8557778406145437,0.31842610355873646,402,884,0,66,0.687402799377916,950,XGBoost+LightGBM,2
0.08422806312659419,1.0,0.0694006309148265,0.12979351032448377,0.8751826193505821,0.3390846517839855,401,885,0,66,0.6881804043545878,951,LightGBM+ExtraTrees+LogisticRegression+GradientBoosting_SMOTE+BalancedRandomForest+EasyEnsemble,6
0.07258441785499696,1.0,0.0694006309148265,0.12979351032448377,0.8744639238418399,0.3398475631060062,401,885,0,66,0.6881804043545878,951,XGBoost+LightGBM+ExtraTrees+LogisticRegression+GradientBoosting_SMOTE+BalancedRandomForest+EasyEnsemble,7
0.007348793002213537,1.0,0.0694006309148265,0.12979351032448377,0.8744050143739102,0.33206505205298753,401,885,0,66,0.6881804043545878,951,LightGBM+XGBoost_SMOTE+RandomForest+ExtraTrees+LogisticRegression+GradientBoosting_SMOTE,6
0.10562551797291342,1.0,0.0694006309148265,0.12979351032448377,0.8729087138884961,0.3199220793809142,401,885,0,66,0.6881804043545878,951,XGBoost_SMOTE+RandomForest+ExtraTrees+GradientBoosting_SMOTE+AdaBoost_SMOTE+EasyEnsemble,6
0.059067712472424594,1.0,0.0694006309148265,0.12979351032448377,0.8715655780196992,0.3137153914430228,401,885,0,66,0.6881804043545878,951,XGBoost+RandomForest+GradientBoosting_SMOTE+AdaBoost_SMOTE,4
0.1228962932953745,1.0,0.0694006309148265,0.12979351032448377,0.8714241952966681,0.31195127293800007,401,885,0,66,0.6881804043545878,951,XGBoost+XGBoost_SMOTE+RandomForest+AdaBoost_SMOTE+EasyEnsemble,5
0.15277019117005913,1.0,0.0694006309148265,0.12979351032448377,0.8703638248739337,0.3080734543003013,401,885,0,66,0.6881804043545878,951,XGBoost_SMOTE+RandomForest+AdaBoost_SMOTE+EasyEnsemble,4
0.1016005652517825,1.0,0.06932773109243698,0.12966601178781925,0.8760426975823554,0.3321004285048011,400,886,0,66,0.6889580093312597,952,XGBoost+LightGBM+RandomForest+ExtraTrees+AdaBoost_SMOTE+EasyEnsemble,6
0.09082681210755408,1.0,0.06932773109243698,0.12966601178781925,0.874240067863707,0.32206925675681297,400,886,0,66,0.6889580093312597,952,LightGBM+XGBoost_SMOTE+RandomForest+ExtraTrees+GradientBoosting_SMOTE+AdaBoost_SMOTE+EasyEnsemble,7
0.07034566939443575,1.0,0.06932773109243698,0.12966601178781925,0.8738041378010274,0.33428569978051886,400,886,0,66,0.6889580093312597,952,LightGBM+XGBoost_SMOTE+ExtraTrees+LogisticRegression+GradientBoosting_SMOTE+EasyEnsemble,6
0.04766108536101928,1.0,0.06932773109243698,0.12966601178781925,0.8734035534191056,0.3277775788877147,400,886,0,66,0.6889580093312597,952,XGBoost+LightGBM+RandomForest+GradientBoosting_SMOTE+AdaBoost_SMOTE,5
0.2024435882267455,1.0,0.06932773109243698,0.12966601178781925,0.8651208822281917,0.2929736111049268,400,886,0,66,0.6889580093312597,952,XGBoost_SMOTE+AdaBoost_SMOTE+EasyEnsemble,3
0.15061317242851474,1.0,0.06925498426023086,0.1295387634936212,0.875206183137754,0.3501718871310944,399,887,0,66,0.6897356143079316,953,LightGBM+ExtraTrees+AdaBoost_SMOTE+EasyEnsemble,4
0.0795061293825147,1.0,0.06925498426023086,0.1295387634936212,0.8742989773316368,0.34076669824984546,399,887,0,66,0.6897356143079316,953,LightGBM+RandomForest+ExtraTrees+LogisticRegression+EasyEnsemble,5
0.05872618125211511,1.0,0.06925498426023086,0.1295387634936212,0.8739808662048165,0.3230287741787376,399,887,0,66,0.6897356143079316,953,LightGBM+RandomForest+GradientBoosting_SMOTE+AdaBoost_SMOTE,4
0.10254434056537842,1.0,0.06925498426023086,0.1295387634936212,0.8738983929497148,0.33151175201418076,399,887,0,66,0.6897356143079316,953,XGBoost+LightGBM+XGBoost_SMOTE+ExtraTrees+AdaBoost_SMOTE+EasyEnsemble,6
0.200139370932887,1.0,0.06925498426023086,0.1295387634936212,0.8730265328243555,0.35413831054825756,399,887,0,66,0.6897356143079316,953,ExtraTrees+AdaBoost_SMOTE+EasyEnsemble,3
0.1226462932953745,1.0,0.06925498426023086,0.1295387634936212,0.8724138743578869,0.3214985681193553,399,887,0,66,0.6897356143079316,953,XGBoost+XGBoost_SMOTE+ExtraTrees+AdaBoost_SMOTE+EasyEnsemble,5
0.07762338269768747,1.0,0.06925498426023086,0.1295387634936212,0.8699396767048401,0.3007270720156432,399,887,0,66,0.6897356143079316,953,RandomForest+GradientBoosting_SMOTE+AdaBoost_SMOTE,3
0.09701488638920865,1.0,0.06925498426023086,0.1295387634936212,0.8694330552806446,0.3382720005453616,399,887,0,66,0.6897356143079316,953,XGBoost+LightGBM+ExtraTrees+EasyEnsemble,4
0.0047675770314727335,1.0,0.06918238993710692,0.12941176470588237,0.8754182572223008,0.337975428045434,398,888,0,66,0.6905132192846034,954,XGBoost+LightGBM+XGBoost_SMOTE+RandomForest+ExtraTrees+LogisticRegression,6
0.09755057946304677,1.0,0.06918238993710692,0.12941176470588237,0.8744639238418398,0.331422620604447,398,888,0,66,0.6905132192846034,954,RandomForest+ExtraTrees+LogisticRegression+BalancedRandomForest+EasyEnsemble,5
0.0817459072567746,1.0,0.06918238993710692,0.12941176470588237,0.8740044299919884,0.3360408325456385,398,888,0,66,0.6905132192846034,954,XGBoost+RandomForest+ExtraTrees+LogisticRegression+BalancedRandomForest+EasyEnsemble,6
0.060550416430125084,1.0,0.06918238993710692,0.12941176470588237,0.8733446439511758,0.33434520336144985,398,888,0,66,0.6905132192846034,954,XGBoost+LightGBM+XGBoost_SMOTE+ExtraTrees+LogisticRegression+GradientBoosting_SMOTE+EasyEnsemble,7
0.06655159092613909,1.0,0.06918238993710692,0.12941176470588237,0.873309298270418,0.34210630794950897,398,888,0,66,0.6905132192846034,954,XGBoost+LightGBM+RandomForest+ExtraTrees+LogisticRegression+EasyEnsemble,6
0.04913670035425479,1.0,0.06918238993710692,0.12941176470588237,0.8706112446392383,0.3095105883866237,398,888,0,66,0.6905132192846034,954,XGBoost+XGBoost_SMOTE+RandomForest+GradientBoosting_SMOTE+AdaBoost_SMOTE,5
0.1212405379428118,1.0,0.06910994764397906,0.12928501469147893,0.8780220557047929,0.3423143639410482,397,889,0,66,0.6912908242612753,955,LightGBM+RandomForest+ExtraTrees+AdaBoost_SMOTE+EasyEnsemble,5
0.12151376291905938,1.0,0.06910994764397906,0.12928501469147893,0.8753004382864413,0.33337961330336086,397,889,0,66,0.6912908242612753,955,XGBoost+RandomForest+ExtraTrees+AdaBoost_SMOTE+EasyEnsemble,5
0.12237306831912691,1.0,0.06910994764397906,0.12928501469147893,0.8745581789905273,0.34036538679480544,397,889,0,66,0.6912908242612753,955,LightGBM+XGBoost_SMOTE+ExtraTrees+AdaBoost_SMOTE+EasyEnsemble,5
0.006687900605527844,1.0,0.06910994764397906,0.12928501469147893,0.8737687921202696,0.3374845330654803,397,889,0,66,0.6912908242612753,955,XGBoost+LightGBM+XGBoost_SMOTE+RandomForest+ExtraTrees+LogisticRegression+GradientBoosting_SMOTE,7
0.04107801311444533,1.0,0.06910994764397906,0.12928501469147893,0.8733328620575899,0.3269454864455168,397,889,0,66,0.6912908242612753,955,XGBoost+LightGBM+XGBoost_SMOTE+ExtraTrees+GradientBoosting_SMOTE+AdaBoost_SMOTE,6
0.04888670035425478,1.0,0.06910994764397906,0.12928501469147893,0.8718601253593476,0.32127397029023663,397,889,0,66,0.6912908242612753,955,XGBoost+XGBoost_SMOTE+ExtraTrees+GradientBoosting_SMOTE+AdaBoost_SMOTE,5
0.060570699993659494,1.0,0.06910994764397906,0.12928501469147893,0.8681488288797775,0.2928811181607362,397,889,0,66,0.6912908242612753,955,XGBoost_SMOTE+RandomForest+GradientBoosting_SMOTE+AdaBoost_SMOTE,4
0.0814014227849511,1.0,0.06903765690376569,0.12915851272015655,0.8756303313068476,0.3384791311128073,396,890,0,66,0.6920684292379471,956,LightGBM+RandomForest+ExtraTrees+LogisticRegression+BalancedRandomForest+EasyEnsemble,6
0.07016158327644575,1.0,0.06903765690376569,0.12915851272015655,0.874440360054668,0.34002550607655335,396,890,0,66,0.6920684292379471,956,XGBoost+LightGBM+RandomForest+ExtraTrees+LogisticRegression+BalancedRandomForest+EasyEnsemble,7
0.048613475378007205,1.0,0.06903765690376569,0.12915851272015655,0.8734271172062774,0.3240024331624044,396,890,0,66,0.6920684292379471,956,LightGBM+XGBoost_SMOTE+ExtraTrees+GradientBoosting_SMOTE+AdaBoost_SMOTE,5
0.04128634644777867,1.0,0.06903765690376569,0.12915851272015655,0.8728262406333946,0.3187824397338813,396,890,0,66,0.6920684292379471,956,XGBoost+LightGBM+XGBoost_SMOTE+RandomForest+GradientBoosting_SMOTE+AdaBoost_SMOTE,6
0.07861190911136692,1.0,0.06903765690376569,0.12915851272015655,0.8706701541071681,0.3283774692465617,396,890,0,66,0.6920684292379471,956,XGBoost+LightGBM+RandomForest+LogisticRegression+EasyEnsemble,5
0.09782016172814338,1.0,0.06903765690376569,0.12915851272015655,0.8706112446392384,0.32949788122136114,396,890,0,66,0.6920684292379471,956,LightGBM+RandomForest+LogisticRegression+EasyEnsemble,4
0.060258199993659486,1.0,0.06903765690376569,0.12915851272015655,0.8700221499599415,0.31620833362934364,396,890,0,66,0.6920684292379471,956,XGBoost_SMOTE+ExtraTrees+GradientBoosting_SMOTE+AdaBoost_SMOTE,4
0.12726984851894488,1.0,0.06903765690376569,0.12915851272015655,0.8643550591451058,0.3344186146155749,396,890,0,66,0.6920684292379471,956,XGBoost+LightGBM+EasyEnsemble,3
0.15104202819966522,1.0,0.06896551724137931,0.12903225806451613,0.8763254630284179,0.33375909280754334,395,891,0,66,0.692846034214619,957,RandomForest+ExtraTrees+AdaBoost_SMOTE+EasyEnsemble,4
0.0843271232275154,1.0,0.06896551724137931,0.12903225806451613,0.8753475658607851,0.3264139189008181,395,891,0,66,0.692846034214619,957,RandomForest+ExtraTrees+LogisticRegression+GradientBoosting_SMOTE+BalancedRandomForest+EasyEnsemble,6
0.07266932651292944,1.0,0.06896551724137931,0.12903225806451613,0.8746877798199726,0.3335895974452152,395,891,0,66,0.692846034214619,957,XGBoost+RandomForest+ExtraTrees+LogisticRegression+GradientBoosting_SMOTE+BalancedRandomForest+EasyEnsemble,7
0.048863475378007205,1.0,0.06896551724137931,0.12903225806451613,0.8722489278476837,0.3136443099790626,395,891,0,66,0.692846034214619,957,LightGBM+XGBoost_SMOTE+RandomForest+GradientBoosting_SMOTE+AdaBoost_SMOTE,5
0.19001532345628677,1.0,0.06896551724137931,0.12903225806451613,0.8687261416654884,0.34322667595199646,395,891,0,66,0.692846034214619,957,LightGBM+EasyEnsemble,2
0.0017788986442610621,1.0,0.06896551724137931,0.12903225806451613,0.8489089966539423,0.3056533975190103,395,891,0,66,0.692846034214619,957,XGBoost,1
0.005176583192684544,1.0,0.06889352818371608,0.12890625,0.8758541872849804,0.33729114453226133,394,892,0,66,0.6936236391912908,958,LightGBM+XGBoost_SMOTE+RandomForest+ExtraTrees+LogisticRegression,5
0.08843086334175294,1.0,0.06889352818371608,0.12890625,0.8752179650313399,0.3309151560582434,394,892,0,66,0.6936236391912908,958,XGBoost+LightGBM+XGBoost_SMOTE+RandomForest+ExtraTrees+AdaBoost_SMOTE+EasyEnsemble,7
0.07006730509198737,1.0,0.06889352818371608,0.12890625,0.8723549648899571,0.3326208970786188,394,892,0,66,0.6936236391912908,958,XGBoost+XGBoost_SMOTE+ExtraTrees+LogisticRegression+GradientBoosting_SMOTE+EasyEnsemble,6
0.09852039061340553,1.0,0.06889352818371608,0.12890625,0.8723078373156133,0.3301258372675169,394,892,0,66,0.6936236391912908,958,RandomForest+ExtraTrees+LogisticRegression+EasyEnsemble,4
0.15245769117005914,1.0,0.06889352818371608,0.12890625,0.8712945944672229,0.32660071050673456,394,892,0,66,0.6936236391912908,958,XGBoost_SMOTE+ExtraTrees+AdaBoost_SMOTE+EasyEnsemble,4
0.20894780493581833,1.0,0.06889352818371608,0.12890625,0.8466292002450635,0.23051637555907942,394,892,0,66,0.6936236391912908,958,AdaBoost_SMOTE,1
0.19141578122681105,1.0,0.06882168925964546,0.12878048780487805,0.8742989773316366,0.3578108219282675,393,893,0,66,0.6944012441679627,959,ExtraTrees+EasyEnsemble,2
0.07917209221957663,1.0,0.06882168925964546,0.12878048780487805,0.8725434751873321,0.33673492532350763,393,893,0,66,0.6944012441679627,959,XGBoost+RandomForest+ExtraTrees+LogisticRegression+EasyEnsemble,5
0.08148152636671338,1.0,0.06882168925964546,0.12878048780487805,0.8722253640605119,0.3414294246674311,393,893,0,66,0.6944012441679627,959,LightGBM+RandomForest+ExtraTrees+GradientBoosting_SMOTE+EasyEnsemble,5
0.055948933882356985,1.0,0.06882168925964546,0.12878048780487805,0.8720486356567227,0.3199071512315758,393,893,0,66,0.6944012441679627,959,XGBoost+LightGBM+XGBoost_SMOTE+AdaBoost_SMOTE,4
0.0831648032733229,1.0,0.06882168925964546,0.12878048780487805,0.8711178660634337,0.3269240522062241,393,893,0,66,0.6944012441679627,959,LightGBM+XGBoost_SMOTE+LogisticRegression+GradientBoosting_SMOTE+EasyEnsemble,5
0.10260255693260577,1.0,0.06875,0.1286549707602339,0.8760073519015976,0.3294854240652246,392,894,0,66,0.6951788491446346,960,LightGBM+XGBoost_SMOTE+RandomForest+ExtraTrees+AdaBoost_SMOTE+EasyEnsemble,6
0.07237405410850929,1.0,0.06875,0.1286549707602339,0.875936660540082,0.3393899916424085,392,894,0,66,0.6951788491446346,960,LightGBM+RandomForest+ExtraTrees+LogisticRegression+GradientBoosting_SMOTE+BalancedRandomForest+EasyEnsemble,7
0.06366761562312234,1.0,0.06875,0.1286549707602339,0.8751944012441679,0.33786433223383766,392,894,0,66,0.6951788491446346,960,XGBoost+LightGBM+RandomForest+ExtraTrees+LogisticRegression+GradientBoosting_SMOTE+BalancedRandomForest+EasyEnsemble,8
0.10283024441281208,1.0,0.06875,0.1286549707602339,0.873698100758754,0.32344948052054934,392,894,0,66,0.6951788491446346,960,XGBoost+XGBoost_SMOTE+RandomForest+ExtraTrees+AdaBoost_SMOTE+EasyEnsemble,6
0.06960048583514593,1.0,0.06875,0.1286549707602339,0.871247466892879,0.330146743310898,392,894,0,66,0.6951788491446346,960,XGBoost+LightGBM+XGBoost_SMOTE+LogisticRegression+GradientBoosting_SMOTE+EasyEnsemble,6
0.07146102788261745,1.0,0.06875,0.1286549707602339,0.871094302276262,0.33308186105564774,392,894,0,66,0.6951788491446346,960,XGBoost+LightGBM+AdaBoost_SMOTE,3
0.10549119092560819,1.0,0.06875,0.1286549707602339,0.8708586644045431,0.3315259573222894,392,894,0,66,0.6951788491446346,960,LightGBM+AdaBoost_SMOTE,2
0.06819775507963799,1.0,0.06875,0.1286549707602339,0.8704934257033791,0.3355269321938914,392,894,0,66,0.6951788491446346,960,XGBoost+LightGBM+RandomForest+ExtraTrees+GradientBoosting_SMOTE+EasyEnsemble,6
0.10617425336622716,1.0,0.06875,0.1286549707602339,0.8672651868608323,0.3220975270496878,392,894,0,66,0.6951788491446346,960,XGBoost+AdaBoost_SMOTE,2
0.040134237800849404,1.0,0.06867845993756504,0.12852969814995133,0.8756303313068476,0.3337321109679065,391,895,0,66,0.6959564541213064,961,XGBoost+LightGBM+RandomForest+ExtraTrees+GradientBoosting_SMOTE+AdaBoost_SMOTE,6
0.08372498638153263,1.0,0.06867845993756504,0.12852969814995133,0.8721428908054102,0.31811337947230545,391,895,0,66,0.6959564541213064,961,XGBoost_SMOTE+ExtraTrees+LogisticRegression+GradientBoosting_SMOTE+EasyEnsemble,5
0.1282034870326277,1.0,0.06867845993756504,0.12852969814995133,0.8693388001319573,0.33662258777208987,391,895,0,66,0.6959564541213064,961,XGBoost+ExtraTrees+EasyEnsemble,3
0.07392038620467663,1.0,0.06867845993756504,0.12852969814995133,0.8687025778783166,0.32269522274235846,391,895,0,66,0.6959564541213064,961,XGBoost+XGBoost_SMOTE+AdaBoost_SMOTE,3
0.04775416997793967,1.0,0.06860706860706861,0.12840466926070038,0.874440360054668,0.32391206805786865,390,896,0,66,0.6967340590979783,962,XGBoost+RandomForest+ExtraTrees+GradientBoosting_SMOTE+AdaBoost_SMOTE,5
0.12271615293604729,1.0,0.06860706860706861,0.12840466926070038,0.8741104670342618,0.32393748501066066,390,896,0,66,0.6967340590979783,962,XGBoost_SMOTE+RandomForest+ExtraTrees+AdaBoost_SMOTE+EasyEnsemble,5
0.035745439812381714,1.0,0.06860706860706861,0.12840466926070038,0.8740986851406758,0.3276834094388342,390,896,0,66,0.6967340590979783,962,XGBoost+LightGBM+XGBoost_SMOTE+RandomForest+ExtraTrees+GradientBoosting_SMOTE+AdaBoost_SMOTE,7
0.048956559994927595,1.0,0.06860706860706861,0.12840466926070038,0.872178236486168,0.314552872645987,390,896,0,66,0.6967340590979783,962,XGBoost_SMOTE+RandomForest+ExtraTrees+GradientBoosting_SMOTE+AdaBoost_SMOTE,5
0.07346501124426398,1.0,0.06860706860706861,0.12840466926070038,0.8713652858287384,0.3229944363214748,390,896,0,66,0.6967340590979783,962,LightGBM+XGBoost_SMOTE+AdaBoost_SMOTE,3
0.004649482648402406,1.0,0.06853582554517133,0.1282798833819242,0.8682784297092229,0.321627624409778,389,897,0,66,0.69751166407465,963,XGBoost+LightGBM+XGBoost_SMOTE+RandomForest,4
0.10918022840869696,1.0,0.06853582554517133,0.1282798833819242,0.8632711249351995,0.28556991709966856,389,897,0,66,0.69751166407465,963,XGBoost_SMOTE+AdaBoost_SMOTE,2
0.3765815624536221,1.0,0.06853582554517133,0.1282798833819242,0.8627880672981761,0.3060665416284052,389,897,0,66,0.69751166407465,963,EasyEnsemble,1
0.1891802305489416,1.0,0.06853582554517133,0.1282798833819242,0.8624581742777699,0.3284176828553223,389,897,0,66,0.69751166407465,963,XGBoost+EasyEnsemble,2
0.04113622948167267,1.0,0.06846473029045644,0.12815533980582525,0.8745699608841133,0.32230537612873034,388,898,0,66,0.6982892690513219,964,LightGBM+XGBoost_SMOTE+RandomForest+ExtraTrees+GradientBoosting_SMOTE+AdaBoost_SMOTE,6
0.041363916961878994,1.0,0.06846473029045644,0.12815533980582525,0.8729204957820821,0.3196824083090208,388,898,0,66,0.6982892690513219,964,XGBoost+XGBoost_SMOTE+RandomForest+ExtraTrees+GradientBoosting_SMOTE+AdaBoost_SMOTE,6
0.1292771874845407,1.0,0.06846473029045644,0.12815533980582525,0.8666171827136058,0.31435890455162857,388,898,0,66,0.6982892690513219,964,RandomForest+LogisticRegression+EasyEnsemble,3
0.04748094500169209,1.0,0.06839378238341969,0.1280310378273521,0.8768085206654413,0.3359483603793575,387,899,0,66,0.6990668740279938,965,LightGBM+RandomForest+ExtraTrees+GradientBoosting_SMOTE+AdaBoost_SMOTE,5
0.05453327091196309,1.0,0.06839378238341969,0.1280310378273521,0.8748762901173477,0.3240910799744002,387,899,0,66,0.6990668740279938,965,XGBoost+LightGBM+RandomForest+AdaBoost_SMOTE,4
0.0588425370232656,1.0,0.06839378238341969,0.1280310378273521,0.8743107592252227,0.32379152843091835,387,899,0,66,0.6990668740279938,965,RandomForest+ExtraTrees+GradientBoosting_SMOTE+AdaBoost_SMOTE,4
0.10309373297691578,1.0,0.06839378238341969,0.1280310378273521,0.8682430840284651,0.310560877659308,387,899,0,66,0.6990668740279938,965,XGBoost_SMOTE+LogisticRegression+GradientBoosting_SMOTE+EasyEnsemble,4
0.07203283557748477,1.0,0.06832298136645963,0.12790697674418605,0.8724020924643009,0.31625815620914155,386,900,0,66,0.6998444790046656,966,XGBoost+RandomForest+AdaBoost_SMOTE,3
0.07157746061707213,1.0,0.06825232678386763,0.12778315585672798,0.8768909939205429,0.3284574101056753,385,901,0,66,0.7006220839813375,967,LightGBM+RandomForest+AdaBoost_SMOTE,3
0.10028940795839171,1.0,0.06825232678386763,0.12778315585672798,0.8696686931523634,0.3331233791076048,385,901,0,66,0.7006220839813375,967,LightGBM+RandomForest+GradientBoosting_SMOTE+EasyEnsemble,4
0.08283076611038484,1.0,0.06825232678386763,0.12778315585672798,0.8695037466421603,0.3234953368771525,385,901,0,66,0.7006220839813375,967,XGBoost+XGBoost_SMOTE+LogisticRegression+GradientBoosting_SMOTE+EasyEnsemble,5
0.10634890246790916,1.0,0.06818181818181818,0.1276595744680851,0.8709411376596446,0.30371164038451365,384,902,0,66,0.7013996889580093,968,RandomForest+AdaBoost_SMOTE,2
0.05422077091196309,1.0,0.06811145510835913,0.12753623188405797,0.8755360761581602,0.3341498622205752,383,903,0,66,0.7021772939346812,969,XGBoost+LightGBM+ExtraTrees+AdaBoost_SMOTE,4
0.09740261527447079,1.0,0.06811145510835913,0.12753623188405797,0.8689617795372072,0.3260265535864527,383,903,0,66,0.7021772939346812,969,XGBoost+RandomForest+LogisticRegression+EasyEnsemble,4
0.0740368189391313,1.0,0.06804123711340206,0.1274131274131274,0.869385927706301,0.29717035080406,382,904,0,66,0.702954898911353,970,XGBoost_SMOTE+RandomForest+AdaBoost_SMOTE,3
0.00552111789273719,1.0,0.06804123711340206,0.1274131274131274,0.8663344172675432,0.31233767339650964,382,904,0,66,0.702954898911353,970,XGBoost+XGBoost_SMOTE+RandomForest,3
0.04550914710588559,1.0,0.06797116374871266,0.12729026036644167,0.8739926480984024,0.32005029926976275,381,905,0,66,0.7037325038880249,971,XGBoost+LightGBM+XGBoost_SMOTE+RandomForest+AdaBoost_SMOTE,5
0.056377789653507475,1.0,0.06797116374871266,0.12729026036644167,0.8716480512748008,0.31013308272458134,381,905,0,66,0.7037325038880249,971,XGBoost+XGBoost_SMOTE+RandomForest+AdaBoost_SMOTE,4
0.08058730609556558,1.0,0.06797116374871266,0.12729026036644167,0.8677482444978557,0.3257754518490544,381,905,0,66,0.7037325038880249,971,XGBoost+LightGBM+RandomForest+GradientBoosting_SMOTE+EasyEnsemble,5
0.05603625843319799,1.0,0.06790123456790123,0.12716763005780346,0.874440360054668,0.31815620757712004,380,906,0,66,0.7045101088646968,972,LightGBM+XGBoost_SMOTE+RandomForest+AdaBoost_SMOTE,4
0.07161616891081811,1.0,0.06790123456790123,0.12716763005780346,0.8737687921202696,0.3355702131622109,380,906,0,66,0.7045101088646968,972,XGBoost+ExtraTrees+AdaBoost_SMOTE,3
0.10572390246790916,1.0,0.06790123456790123,0.12716763005780346,0.8712828125736368,0.34604571824340136,380,906,0,66,0.7045101088646968,972,ExtraTrees+AdaBoost_SMOTE,2
0.07116079395040546,1.0,0.06776180698151951,0.12692307692307692,0.8763608087091758,0.3412771267464828,378,908,0,66,0.7060653188180405,974,LightGBM+ExtraTrees+AdaBoost_SMOTE,3
0.04525914710588559,1.0,0.06776180698151951,0.12692307692307692,0.875194401244168,0.331035641503973,378,908,0,66,0.7060653188180405,974,XGBoost+LightGBM+XGBoost_SMOTE+ExtraTrees+AdaBoost_SMOTE,5
0.056065289653507475,1.0,0.06776180698151951,0.12692307692307692,0.8731090060794571,0.3229067616688687,378,908,0,66,0.7060653188180405,974,XGBoost+XGBoost_SMOTE+ExtraTrees+AdaBoost_SMOTE,4
0.09657016172814338,1.0,0.06776180698151951,0.12692307692307692,0.8720957632310665,0.3410594821862162,378,908,0,66,0.7060653188180405,974,LightGBM+ExtraTrees+LogisticRegression+EasyEnsemble,4
0.10098963684365386,1.0,0.06776180698151951,0.12692307692307692,0.8709882652339884,0.3297533269690192,378,908,0,66,0.7060653188180405,974,RandomForest+ExtraTrees+GradientBoosting_SMOTE+EasyEnsemble,4
0.044126616729570474,1.0,0.06762295081967214,0.12667946257197696,0.8769381214948866,0.33300236728398186,376,910,0,66,0.7076205287713841,976,XGBoost+LightGBM+RandomForest+ExtraTrees+AdaBoost_SMOTE,5
0.07362015227246464,1.0,0.06762295081967214,0.12667946257197696,0.8712828125736368,0.3224898771949469,376,910,0,66,0.7076205287713841,976,XGBoost_SMOTE+ExtraTrees+AdaBoost_SMOTE,3
0.03834095592157132,1.0,0.06755373592630501,0.12655800575263662,0.8758188416042226,0.3288988633241378,375,911,0,66,0.7083981337480559,977,XGBoost+LightGBM+XGBoost_SMOTE+RandomForest+ExtraTrees+AdaBoost_SMOTE,6
0.0811474892037753,1.0,0.06755373592630501,0.12655800575263662,0.8697747301946369,0.33108819831136577,375,911,0,66,0.7083981337480559,977,XGBoost+RandomForest+ExtraTrees+GradientBoosting_SMOTE+EasyEnsemble,5
0.05572375843319799,1.0,0.06748466257668712,0.12643678160919541,0.8752179650313399,0.3335318944661109,374,912,0,66,0.7091757387247278,978,LightGBM+XGBoost_SMOTE+ExtraTrees+AdaBoost_SMOTE,4
0.07761190911136692,1.0,0.06748466257668712,0.12643678160919541,0.8715891418068712,0.34108132169049576,374,912,0,66,0.7091757387247278,978,XGBoost+LightGBM+ExtraTrees+LogisticRegression+EasyEnsemble,5
0.054308095462804094,1.0,0.06741573033707865,0.12631578947368421,0.8792591545313163,0.34514974505318463,373,913,0,66,0.7099533437013997,979,LightGBM+RandomForest+ExtraTrees+AdaBoost_SMOTE,4
0.05464962668311358,1.0,0.06741573033707865,0.12631578947368421,0.8760898251566992,0.33129513933183796,373,913,0,66,0.7099533437013997,979,XGBoost+RandomForest+ExtraTrees+AdaBoost_SMOTE,4
0.1325695157915385,1.0,0.06741573033707865,0.12631578947368421,0.866381544841887,0.3141605794298011,373,913,0,66,0.7099533437013997,979,RandomForest+GradientBoosting_SMOTE+EasyEnsemble,3
0.09987186150471913,1.0,0.06741573033707865,0.12631578947368421,0.8662990715867854,0.3191082956374173,373,913,0,66,0.7099533437013997,979,XGBoost+RandomForest+GradientBoosting_SMOTE+EasyEnsemble,4
0.04560223172280598,1.0,0.0673469387755102,0.12619502868068833,0.8744050143739102,0.3208900275371062,372,914,0,66,0.7107309486780715,980,XGBoost+XGBoost_SMOTE+RandomForest+ExtraTrees+AdaBoost_SMOTE,5
0.04532900674655839,1.0,0.0672782874617737,0.12607449856733524,0.8769734671756444,0.3283244423535311,371,915,0,66,0.7115085536547434,981,LightGBM+XGBoost_SMOTE+RandomForest+ExtraTrees+AdaBoost_SMOTE,5
0.07173260164527277,1.0,0.0672782874617737,0.12607449856733524,0.8763961543899336,0.3324792911932293,371,915,0,66,0.7115085536547434,981,RandomForest+ExtraTrees+AdaBoost_SMOTE,3
0.09545238638920865,1.0,0.0672782874617737,0.12607449856733524,0.8677835901786136,0.33942857615257727,371,915,0,66,0.7115085536547434,981,XGBoost+LightGBM+LogisticRegression+EasyEnsemble,4
0.1266768823041912,1.0,0.06720977596741344,0.12595419847328243,0.8666996559687073,0.33927184569411284,370,916,0,66,0.7122861586314152,982,LightGBM+LogisticRegression+EasyEnsemble,3
0.004336982648402406,1.0,0.0671414038657172,0.12583412774070543,0.8708115368301993,0.3323652948363818,369,917,0,66,0.7130637636080871,983,XGBoost+LightGBM+XGBoost_SMOTE+ExtraTrees,4
0.05615261420434848,1.0,0.06707317073170732,0.12571428571428572,0.8741693765021915,0.3186139955770596,368,918,0,66,0.713841368584759,984,XGBoost_SMOTE+RandomForest+ExtraTrees+AdaBoost_SMOTE,4
0.06790127197226115,1.0,0.06707317073170732,0.12571428571428572,0.873874829162543,0.3388909645852728,368,918,0,66,0.713841368584759,984,LightGBM+RandomForest+ExtraTrees+LogisticRegression+GradientBoosting_SMOTE+EasyEnsemble,6
0.05845521863968971,1.0,0.06700507614213198,0.12559467174119887,0.8731443517602149,0.33660516186312955,367,919,0,66,0.7146189735614308,985,XGBoost+LightGBM+RandomForest+ExtraTrees+LogisticRegression+GradientBoosting_SMOTE+EasyEnsemble,7
0.12761052081787402,1.0,0.06700507614213198,0.12559467174119887,0.8685729770488713,0.32959874871444433,367,919,0,66,0.7146189735614308,985,ExtraTrees+LogisticRegression+EasyEnsemble,3
0.005104451226070524,1.0,0.06693711967545639,0.12547528517110265,0.869197417408926,0.32899190372987674,366,920,0,66,0.7153965785381027,986,XGBoost+XGBoost_SMOTE+ExtraTrees,3
0.09903940795839171,1.0,0.0668693009118541,0.12535612535612536,0.871459540977426,0.3405361858874795,365,921,0,66,0.7161741835147745,987,LightGBM+ExtraTrees+GradientBoosting_SMOTE+EasyEnsemble,4
0.005065742932324546,1.0,0.0668693009118541,0.12535612535612536,0.8705405532777227,0.3249388616397608,365,921,0,66,0.7161741835147745,987,LightGBM+XGBoost_SMOTE+RandomForest,3
0.09615261527447079,1.0,0.0668693009118541,0.12535612535612536,0.8701753145765587,0.3364912892492477,365,921,0,66,0.7161741835147745,987,XGBoost+ExtraTrees+LogisticRegression+EasyEnsemble,4
0.07958730609556558,1.0,0.0668693009118541,0.12535612535612536,0.8698807672369103,0.33878015753646246,365,921,0,66,0.7161741835147745,987,XGBoost+LightGBM+ExtraTrees+GradientBoosting_SMOTE+EasyEnsemble,5
0.12996921061118896,1.0,0.06673407482305359,0.12511848341232226,0.8677953720721994,0.3316013645391656,363,923,0,66,0.7177293934681181,989,LightGBM+GradientBoosting_SMOTE+EasyEnsemble,3
0.004219586118721925,1.0,0.06666666666666667,0.125,0.8706230265328243,0.33307589455598896,362,924,0,66,0.71850699844479,990,XGBoost+LightGBM+XGBoost_SMOTE+RandomForest+ExtraTrees,5
0.18829078122681106,1.0,0.06666666666666667,0.125,0.8590178613506764,0.3007867624868008,362,924,0,66,0.71850699844479,990,LogisticRegression+EasyEnsemble,2
0.08023152636671337,1.0,0.06659939455095863,0.12488174077578051,0.871459540977426,0.3329008335861935,361,925,0,66,0.7192846034214619,991,LightGBM+RandomForest+LogisticRegression+GradientBoosting_SMOTE+EasyEnsemble,5
0.06715608841297131,1.0,0.06659939455095863,0.12488174077578051,0.8710943022762618,0.33208829275435753,361,925,0,66,0.7192846034214619,991,XGBoost+LightGBM+RandomForest+LogisticRegression+GradientBoosting_SMOTE+EasyEnsemble,6
0.09792163261945698,1.0,0.06659939455095863,0.12488174077578051,0.8660752156086526,0.32771656363832685,361,925,0,66,0.7192846034214619,991,XGBoost+LightGBM+GradientBoosting_SMOTE+EasyEnsemble,4
0.006525356459981579,1.0,0.06653225806451613,0.12476370510396975,0.8681252650926058,0.33867737800652264,360,926,0,66,0.7200622083981337,992,LightGBM+ExtraTrees+GradientBoosting_SMOTE,3
0.12612015369929439,1.0,0.06653225806451613,0.12476370510396975,0.8650266270795043,0.3322883081250617,360,926,0,66,0.7200622083981337,992,XGBoost+LogisticRegression+EasyEnsemble,3
0.08079170947492309,1.0,0.06633165829145729,0.12441093308199812,0.8726612941231915,0.3232292072376353,357,929,0,66,0.7223950233281493,995,RandomForest+ExtraTrees+LogisticRegression+GradientBoosting_SMOTE+EasyEnsemble,5
0.06762290766981276,1.0,0.06633165829145729,0.12441093308199812,0.8720368537631368,0.33225127809010885,357,929,0,66,0.7223950233281493,995,XGBoost+RandomForest+ExtraTrees+LogisticRegression+GradientBoosting_SMOTE+EasyEnsemble,6
0.13090284912487182,1.0,0.06633165829145729,0.12441093308199812,0.8694566190678166,0.3276743208872264,357,929,0,66,0.7223950233281493,995,ExtraTrees+GradientBoosting_SMOTE+EasyEnsemble,3
0.09862186150471913,1.0,0.06626506024096386,0.12429378531073447,0.869209199302512,0.33634304071941146,356,930,0,66,0.7231726283048211,996,XGBoost+ExtraTrees+GradientBoosting_SMOTE+EasyEnsemble,4
0.00533874200605145,1.0,0.06626506024096386,0.12429378531073447,0.866216598331684,0.33511541916612614,356,930,0,66,0.7231726283048211,996,XGBoost+LightGBM+ExtraTrees+GradientBoosting_SMOTE,4
0.006581325940787792,1.0,0.06626506024096386,0.12429378531073447,0.8660869975022386,0.3047185367668093,356,930,0,66,0.7231726283048211,996,XGBoost_SMOTE+RandomForest,2
0.004765838419552892,1.0,0.06619859578736209,0.12417685794920037,0.869385927706301,0.3236840989153319,355,931,0,66,0.723950233281493,997,XGBoost+XGBoost_SMOTE+RandomForest+ExtraTrees,4
0.09942713684365387,1.0,0.066,0.12382739212007504,0.8688557424949338,0.318204501629224,352,934,0,66,0.7262830482115086,1000,RandomForest+LogisticRegression+GradientBoosting_SMOTE+EasyEnsemble,4
0.12941248200629216,1.0,0.066,0.12382739212007504,0.8640722936990433,0.3210347301387627,352,934,0,66,0.7262830482115086,1000,XGBoost+GradientBoosting_SMOTE+EasyEnsemble,3
0.0798974892037753,1.0,0.0658682634730539,0.12359550561797752,0.8694448371742306,0.3256232528724751,350,936,0,66,0.7278382581648523,1002,XGBoost+RandomForest+LogisticRegression+GradientBoosting_SMOTE+EasyEnsemble,5
0.19322927368730772,1.0,0.0658682634730539,0.12359550561797752,0.8621636269381214,0.3039677894027604,350,936,0,66,0.7278382581648523,1002,GradientBoosting_SMOTE+EasyEnsemble,2
0.005678374191062471,1.0,0.06573705179282868,0.1233644859813084,0.8666171827136058,0.3234524999904746,348,938,0,66,0.7293934681181959,1004,XGBoost+RandomForest+LogisticRegression+GradientBoosting_SMOTE,4
0.11314583881188384,1.0,0.06567164179104477,0.12324929971988796,0.8723431829963711,0.3248645377681417,347,939,0,66,0.7301710730948678,1005,LightGBM+RandomForest+GradientBoosting_SMOTE+AdaBoost_SMOTE+BalancedRandomForest+EasyEnsemble,6
0.09746796209541986,1.0,0.06567164179104477,0.12324929971988796,0.8716598331683868,0.3271785483105331,347,939,0,66,0.7301710730948678,1005,XGBoost+LightGBM+RandomForest+GradientBoosting_SMOTE+AdaBoost_SMOTE+BalancedRandomForest+EasyEnsemble,7
0.02223193296884443,1.0,0.06567164179104477,0.12324929971988796,0.8715537961261134,0.32325492753384133,347,939,0,66,0.7301710730948678,1005,XGBoost+XGBoost_SMOTE+LogisticRegression+GradientBoosting_SMOTE+BalancedRandomForest,5
0.11337352629209015,1.0,0.06567164179104477,0.12324929971988796,0.8706465903199962,0.3190571757800292,347,939,0,66,0.7301710730948678,1005,XGBoost+RandomForest+GradientBoosting_SMOTE+AdaBoost_SMOTE+BalancedRandomForest+EasyEnsemble,6
0.1350250065742606,1.0,0.06560636182902585,0.12313432835820895,0.8712710306800509,0.3327275267428036,346,940,0,66,0.7309486780715396,1006,LightGBM+GradientBoosting_SMOTE+AdaBoost_SMOTE+BalancedRandomForest+EasyEnsemble,5
0.09832681210755409,1.0,0.06560636182902585,0.12313432835820895,0.8711414298506056,0.3177373243417191,346,940,0,66,0.7309486780715396,1006,LightGBM+XGBoost_SMOTE+RandomForest+GradientBoosting_SMOTE+AdaBoost_SMOTE+BalancedRandomForest+EasyEnsemble,7
0.02710927965470212,1.0,0.06560636182902585,0.12313432835820895,0.8707526273622697,0.3058362160940868,346,940,0,66,0.7309486780715396,1006,XGBoost_SMOTE+LogisticRegression+GradientBoosting_SMOTE+BalancedRandomForest,4
0.08646104831868932,1.0,0.06554121151936444,0.12301957129543337,0.8709882652339883,0.31951884715113127,345,941,0,66,0.7317262830482115,1007,XGBoost+LightGBM+XGBoost_SMOTE+RandomForest+GradientBoosting_SMOTE+AdaBoost_SMOTE+BalancedRandomForest+EasyEnsemble,8
0.11308762244465649,1.0,0.06554121151936444,0.12301957129543337,0.8709057919788867,0.33482653279984964,345,941,0,66,0.7317262830482115,1007,XGBoost+LightGBM+GradientBoosting_SMOTE+AdaBoost_SMOTE+BalancedRandomForest+EasyEnsemble,6
0.13536809119118098,1.0,0.06554121151936444,0.12301957129543337,0.8703638248739337,0.30996466248569926,345,941,0,66,0.7317262830482115,1007,RandomForest+GradientBoosting_SMOTE+AdaBoost_SMOTE+BalancedRandomForest+EasyEnsemble,5
0.09827691236421636,1.0,0.06554121151936444,0.12301957129543337,0.8702813516188321,0.32471245697344714,345,941,0,66,0.7317262830482115,1007,XGBoost+LightGBM+XGBoost_SMOTE+GradientBoosting_SMOTE+AdaBoost_SMOTE+BalancedRandomForest+EasyEnsemble,7
0.09852197280487378,1.0,0.06554121151936444,0.12301957129543337,0.8696097836844338,0.31129088833944957,345,941,0,66,0.7317262830482115,1007,XGBoost+XGBoost_SMOTE+RandomForest+GradientBoosting_SMOTE+AdaBoost_SMOTE+BalancedRandomForest+EasyEnsemble,7
0.11437551797291341,1.0,0.06554121151936444,0.12301957129543337,0.8691031622602384,0.30420841349562266,345,941,0,66,0.7317262830482115,1007,XGBoost_SMOTE+RandomForest+GradientBoosting_SMOTE+AdaBoost_SMOTE+BalancedRandomForest+EasyEnsemble,6
0.018635884039782485,1.0,0.06547619047619048,0.12290502793296089,0.8722842735284415,0.32707514951257644,344,942,0,66,0.7325038880248833,1008,XGBoost+LightGBM+XGBoost_SMOTE+LogisticRegression+GradientBoosting_SMOTE+BalancedRandomForest,6
0.13529823155050819,1.0,0.06547619047619048,0.12290502793296089,0.8695390923229182,0.32522738101920134,344,942,0,66,0.7325038880248833,1008,XGBoost+GradientBoosting_SMOTE+AdaBoost_SMOTE+BalancedRandomForest+EasyEnsemble,5
0.09391558594642413,1.0,0.06547619047619048,0.12290502793296089,0.8683844667514963,0.32947757936177274,344,942,0,66,0.7325038880248833,1008,XGBoost+LightGBM+GradientBoosting_SMOTE+BalancedRandomForest+EasyEnsemble,5
0.16827261398897625,1.0,0.06547619047619048,0.12290502793296089,0.8683844667514963,0.3133877622277363,344,942,0,66,0.7325038880248833,1008,GradientBoosting_SMOTE+AdaBoost_SMOTE+BalancedRandomForest+EasyEnsemble,4
0.005858097068818046,1.0,0.06547619047619048,0.12290502793296089,0.8660398699278948,0.32839209555324916,344,942,0,66,0.7325038880248833,1008,XGBoost+RandomForest+ExtraTrees+GradientBoosting_SMOTE,4
0.0046490762656578805,1.0,0.06541129831516353,0.12279069767441861,0.873863047268957,0.3379579287622991,343,943,0,66,0.7332814930015552,1009,LightGBM+XGBoost_SMOTE+ExtraTrees,3
0.08559696683349238,1.0,0.06541129831516353,0.12279069767441861,0.8732150431217306,0.33329294989062874,343,943,0,66,0.7332814930015552,1009,XGBoost+LightGBM+RandomForest+ExtraTrees+GradientBoosting_SMOTE+AdaBoost_SMOTE+BalancedRandomForest+EasyEnsemble,8
0.07713204294994608,1.0,0.06541129831516353,0.12279069767441861,0.8722371459540977,0.32628298020710844,343,943,0,66,0.7332814930015552,1009,XGBoost+LightGBM+XGBoost_SMOTE+RandomForest+ExtraTrees+GradientBoosting_SMOTE+AdaBoost_SMOTE+BalancedRandomForest+EasyEnsemble,9
0.09753445110750585,1.0,0.06541129831516353,0.12279069767441861,0.8721782364861681,0.3228303607097671,343,943,0,66,0.7332814930015552,1009,XGBoost+RandomForest+ExtraTrees+GradientBoosting_SMOTE+AdaBoost_SMOTE+BalancedRandomForest+EasyEnsemble,7
0.06632275507963799,1.0,0.06541129831516353,0.12279069767441861,0.8718836891465196,0.33715119382798636,343,943,0,66,0.7332814930015552,1009,XGBoost+LightGBM+ExtraTrees+LogisticRegression+GradientBoosting_SMOTE+EasyEnsemble,6
0.11688583820418066,1.0,0.06541129831516353,0.12279069767441861,0.8671002403506292,0.3205795485252938,343,943,0,66,0.7332814930015552,1009,XGBoost+GradientBoosting_SMOTE+BalancedRandomForest+EasyEnsemble,4
0.07923152636671336,1.0,0.06534653465346535,0.12267657992565056,0.8726377303360195,0.3374570831617749,342,944,0,66,0.7340590979782271,1010,LightGBM+ExtraTrees+LogisticRegression+GradientBoosting_SMOTE+EasyEnsemble,5
0.09728939066684843,1.0,0.06534653465346535,0.12267657992565056,0.8724256562514727,0.3336160571769799,342,944,0,66,0.7340590979782271,1010,XGBoost+LightGBM+ExtraTrees+GradientBoosting_SMOTE+AdaBoost_SMOTE+BalancedRandomForest+EasyEnsemble,7
0.08651922620426457,1.0,0.06534653465346535,0.12267657992565056,0.8712710306800509,0.319724912826924,342,944,0,66,0.7340590979782271,1010,XGBoost+XGBoost_SMOTE+RandomForest+ExtraTrees+GradientBoosting_SMOTE+AdaBoost_SMOTE+BalancedRandomForest+EasyEnsemble,8
0.11408961412547976,1.0,0.06534653465346535,0.12267657992565056,0.8701988783637307,0.3249998153795861,342,944,0,66,0.7340590979782271,1010,LightGBM+XGBoost_SMOTE+GradientBoosting_SMOTE+AdaBoost_SMOTE+BalancedRandomForest+EasyEnsemble,6
0.1143173016056861,1.0,0.06534653465346535,0.12267657992565056,0.8686672321975588,0.3236430420446881,342,944,0,66,0.7340590979782271,1010,XGBoost+XGBoost_SMOTE+GradientBoosting_SMOTE+AdaBoost_SMOTE+BalancedRandomForest+EasyEnsemble,6
0.08634846059410983,1.0,0.06528189910979229,0.12256267409470752,0.872590602761676,0.32453477522242513,341,945,0,66,0.7348367029548989,1011,LightGBM+XGBoost_SMOTE+RandomForest+ExtraTrees+GradientBoosting_SMOTE+AdaBoost_SMOTE+BalancedRandomForest+EasyEnsemble,8
0.01873494414070369,1.0,0.06528189910979229,0.12256267409470752,0.8723431829963711,0.3226351765926631,341,945,0,66,0.7348367029548989,1011,XGBoost+XGBoost_SMOTE+RandomForest+LogisticRegression+GradientBoosting_SMOTE+BalancedRandomForest,6
0.11654430698387117,1.0,0.06528189910979229,0.12256267409470752,0.8695155285357462,0.33194576336342174,341,945,0,66,0.7348367029548989,1011,LightGBM+GradientBoosting_SMOTE+BalancedRandomForest+EasyEnsemble,4
0.09747690795839171,1.0,0.06528189910979229,0.12256267409470752,0.8689735614307931,0.3299537528484814,341,945,0,66,0.7348367029548989,1011,LightGBM+LogisticRegression+GradientBoosting_SMOTE+EasyEnsemble,4
0.07888798828868678,1.0,0.06528189910979229,0.12256267409470752,0.8689028700692777,0.32780586486044294,341,945,0,66,0.7348367029548989,1011,XGBoost+LightGBM+RandomForest+GradientBoosting_SMOTE+BalancedRandomForest+EasyEnsemble,6
0.09425867056334453,1.0,0.06528189910979229,0.12256267409470752,0.8680192280503323,0.3177716245311851,341,945,0,66,0.7348367029548989,1011,XGBoost+RandomForest+GradientBoosting_SMOTE+BalancedRandomForest+EasyEnsemble,5
0.13650062156749612,1.0,0.06528189910979229,0.12256267409470752,0.8673712239031057,0.3092610994960801,341,945,0,66,0.7348367029548989,1011,XGBoost_SMOTE+GradientBoosting_SMOTE+AdaBoost_SMOTE+BalancedRandomForest+EasyEnsemble,5
0.09733929041018616,1.0,0.06521739130434782,0.12244897959183673,0.8735920637164803,0.3336708861372014,340,946,0,66,0.7356143079315708,1012,LightGBM+RandomForest+ExtraTrees+GradientBoosting_SMOTE+AdaBoost_SMOTE+BalancedRandomForest+EasyEnsemble,7
0.01873494414070369,1.0,0.06521739130434782,0.12244897959183673,0.87333286205759,0.3311481767756603,340,946,0,66,0.7356143079315708,1012,XGBoost+XGBoost_SMOTE+ExtraTrees+LogisticRegression+GradientBoosting_SMOTE+BalancedRandomForest,6
0.11293750547855051,1.0,0.06521739130434782,0.12244897959183673,0.8731914793345587,0.3336602072619138,340,946,0,66,0.7356143079315708,1012,LightGBM+ExtraTrees+GradientBoosting_SMOTE+AdaBoost_SMOTE+BalancedRandomForest+EasyEnsemble,6
0.021818551602656243,1.0,0.06521739130434782,0.12244897959183673,0.8728144587398087,0.3282841268673978,340,946,0,66,0.7356143079315708,1012,LightGBM+XGBoost_SMOTE+LogisticRegression+GradientBoosting_SMOTE+BalancedRandomForest,5
0.11322340932598417,1.0,0.06521739130434782,0.12244897959183673,0.8724138743578868,0.32218216480978235,340,946,0,66,0.7356143079315708,1012,RandomForest+ExtraTrees+GradientBoosting_SMOTE+AdaBoost_SMOTE+BalancedRandomForest+EasyEnsemble,6
0.1103505652517825,1.0,0.06521739130434782,0.12244897959183673,0.8719190348272774,0.3266480772950221,340,946,0,66,0.7356143079315708,1012,XGBoost+LightGBM+RandomForest+AdaBoost_SMOTE+BalancedRandomForest+EasyEnsemble,6
0.09814824067898266,1.0,0.06521739130434782,0.12244897959183673,0.8717305245299024,0.3205043219298205,340,946,0,66,0.7356143079315708,1012,LightGBM+XGBoost_SMOTE+ExtraTrees+GradientBoosting_SMOTE+AdaBoost_SMOTE+BalancedRandomForest+EasyEnsemble,7
0.08630479831868933,1.0,0.06521739130434782,0.12244897959183673,0.8716716150619727,0.33023750457124207,340,946,0,66,0.7356143079315708,1012,XGBoost+LightGBM+XGBoost_SMOTE+ExtraTrees+GradientBoosting_SMOTE+AdaBoost_SMOTE+BalancedRandomForest+EasyEnsemble,8
0.11316519295875682,1.0,0.06521739130434782,0.12244897959183673,0.871624487487629,0.32833318448035004,340,946,0,66,0.7356143079315708,1012,XGBoost+ExtraTrees+GradientBoosting_SMOTE+AdaBoost_SMOTE+BalancedRandomForest+EasyEnsemble,6
0.02323745569859091,1.0,0.06521739130434782,0.12244897959183673,0.871247466892879,0.32694197322213875,340,946,0,66,0.7356143079315708,1012,XGBoost+XGBoost_SMOTE+LogisticRegression+BalancedRandomForest,4
0.09834340137630236,1.0,0.06521739130434782,0.12244897959183673,0.8706937178943399,0.324243075073375,340,946,0,66,0.7356143079315708,1012,XGBoost+XGBoost_SMOTE+ExtraTrees+GradientBoosting_SMOTE+AdaBoost_SMOTE+BalancedRandomForest+EasyEnsemble,7
0.07833730609556558,1.0,0.06521739130434782,0.12244897959183673,0.8690913803666526,0.33102104735300897,340,946,0,66,0.7356143079315708,1012,XGBoost+LightGBM+LogisticRegression+GradientBoosting_SMOTE+EasyEnsemble,5
0.021937423723761694,1.0,0.06515301085883514,0.12233549582947173,0.873509590461379,0.3208747849351685,339,947,0,66,0.7363919129082426,1013,XGBoost_SMOTE+ExtraTrees+LogisticRegression+GradientBoosting_SMOTE+BalancedRandomForest,5
0.09839330111964008,1.0,0.06515301085883514,0.12233549582947173,0.8711296479570196,0.3179415951977797,339,947,0,66,0.7363919129082426,1013,XGBoost_SMOTE+RandomForest+ExtraTrees+GradientBoosting_SMOTE+AdaBoost_SMOTE+BalancedRandomForest+EasyEnsemble,7
0.09063111731497533,1.0,0.06515301085883514,0.12233549582947173,0.8686672321975588,0.32567855027659026,339,947,0,66,0.7363919129082426,1013,XGBoost+LightGBM+RandomForest+BalancedRandomForest+EasyEnsemble,5
0.15471421700669555,1.0,0.06515301085883514,0.12233549582947173,0.8668292567981526,0.3030815682395031,339,947,0,66,0.7363919129082426,1013,GradientBoosting_SMOTE+BalancedRandomForest+EasyEnsemble,3
0.00442430719924341,1.0,0.0650887573964497,0.12222222222222222,0.8730029690371837,0.3372961555897254,338,948,0,66,0.7371695178849145,1014,LightGBM+XGBoost_SMOTE+RandomForest+ExtraTrees,4
0.13511809119118098,1.0,0.0650887573964497,0.12222222222222222,0.8716480512748008,0.33593055781078246,338,948,0,66,0.7371695178849145,1014,ExtraTrees+GradientBoosting_SMOTE+AdaBoost_SMOTE+BalancedRandomForest+EasyEnsemble,5
0.131670678302139,1.0,0.0650887573964497,0.12222222222222222,0.8705994627456525,0.33380799129337785,338,948,0,66,0.7371695178849145,1014,XGBoost+LightGBM+AdaBoost_SMOTE+BalancedRandomForest+EasyEnsemble,5
0.09398544558709694,1.0,0.0650887573964497,0.12222222222222222,0.8700574956406995,0.3308145089550671,338,948,0,66,0.7371695178849145,1014,LightGBM+RandomForest+GradientBoosting_SMOTE+BalancedRandomForest+EasyEnsemble,5
0.09400867056334453,1.0,0.0650887573964497,0.12222222222222222,0.8697393845138791,0.3354100340204738,338,948,0,66,0.7371695178849145,1014,XGBoost+ExtraTrees+GradientBoosting_SMOTE+BalancedRandomForest+EasyEnsemble,5
0.004673827231744527,1.0,0.0650887573964497,0.12222222222222222,0.8683726848579103,0.3297153595515124,338,948,0,66,0.7371695178849145,1014,XGBoost+LightGBM+RandomForest+LogisticRegression+GradientBoosting_SMOTE,5
0.016152186319813557,1.0,0.06502463054187192,0.12210915818686402,0.8729558414628399,0.3298493043824628,337,949,0,66,0.7379471228615864,1015,XGBoost+LightGBM+XGBoost_SMOTE+RandomForest+LogisticRegression+GradientBoosting_SMOTE+BalancedRandomForest,7
0.018721092437767282,1.0,0.06502463054187192,0.12210915818686402,0.8724610019322305,0.3313982194445267,337,949,0,66,0.7379471228615864,1015,XGBoost+LightGBM+XGBoost_SMOTE+LogisticRegression+BalancedRandomForest,5
0.021937423723761694,1.0,0.06502463054187192,0.12210915818686402,0.8721664545925821,0.31982791636066893,337,949,0,66,0.7379471228615864,1015,XGBoost_SMOTE+RandomForest+LogisticRegression+GradientBoosting_SMOTE+BalancedRandomForest,5
0.11135255693260576,1.0,0.06502463054187192,0.12210915818686402,0.8719779442952071,0.3201823076129443,337,949,0,66,0.7379471228615864,1015,LightGBM+XGBoost_SMOTE+RandomForest+AdaBoost_SMOTE+BalancedRandomForest+EasyEnsemble,6
0.09373544558709694,1.0,0.06502463054187192,0.12210915818686402,0.8715302323389414,0.34162185130333433,337,949,0,66,0.7379471228615864,1015,LightGBM+ExtraTrees+GradientBoosting_SMOTE+BalancedRandomForest+EasyEnsemble,5
0.030075758856316654,1.0,0.06502463054187192,0.12210915818686402,0.8708940100853009,0.314889954417138,337,949,0,66,0.7379471228615864,1015,XGBoost_SMOTE+LogisticRegression+BalancedRandomForest,3
0.0679754185331601,1.0,0.06502463054187192,0.12210915818686402,0.8705405532777228,0.33256293459582414,337,949,0,66,0.7379471228615864,1015,XGBoost+LightGBM+RandomForest+ExtraTrees+GradientBoosting_SMOTE+BalancedRandomForest+EasyEnsemble,7
0.0059563259407877924,1.0,0.06502463054187192,0.12210915818686402,0.870505207596965,0.3169154273136989,337,949,0,66,0.7379471228615864,1015,XGBoost_SMOTE+ExtraTrees,2
0.13201376291905936,1.0,0.06502463054187192,0.12210915818686402,0.8704109524482775,0.31964391609610493,337,949,0,66,0.7379471228615864,1015,XGBoost+RandomForest+AdaBoost_SMOTE+BalancedRandomForest+EasyEnsemble,5
0.09817713684365387,1.0,0.06502463054187192,0.12210915818686402,0.8703991705546915,0.3187028050611935,337,949,0,66,0.7379471228615864,1015,ExtraTrees+LogisticRegression+GradientBoosting_SMOTE+EasyEnsemble,4
0.07867965495535345,1.0,0.06502463054187192,0.12210915818686402,0.8702342240444884,0.3370926559994491,337,949,0,66,0.7379471228615864,1015,XGBoost+LightGBM+ExtraTrees+GradientBoosting_SMOTE+BalancedRandomForest+EasyEnsemble,6
0.16407970364882424,1.0,0.06502463054187192,0.12210915818686402,0.8687143597719026,0.3314217867888348,337,949,0,66,0.7379471228615864,1015,XGBoost+AdaBoost_SMOTE+BalancedRandomForest+EasyEnsemble,4
0.07983176360228271,1.0,0.06502463054187192,0.12210915818686402,0.8679485366888167,0.3253549639395309,337,949,0,66,0.7379471228615864,1015,XGBoost+LightGBM+XGBoost_SMOTE+GradientBoosting_SMOTE+BalancedRandomForest+EasyEnsemble,6
0.11278025241486964,1.0,0.06502463054187192,0.12210915818686402,0.8676657712427542,0.32439944743886034,337,949,0,66,0.7379471228615864,1015,XGBoost+RandomForest+BalancedRandomForest+EasyEnsemble,4
0.1317405379428118,1.0,0.06496062992125984,0.12199630314232902,0.8728380225269805,0.32515511731886854,336,950,0,66,0.7387247278382582,1016,LightGBM+RandomForest+AdaBoost_SMOTE+BalancedRandomForest+EasyEnsemble,5
0.09593086334175294,1.0,0.06496062992125984,0.12199630314232902,0.8713417220415666,0.3216244185706911,336,950,0,66,0.7387247278382582,1016,XGBoost+LightGBM+XGBoost_SMOTE+RandomForest+AdaBoost_SMOTE+BalancedRandomForest+EasyEnsemble,7
0.16373817242851474,1.0,0.06496062992125984,0.12199630314232902,0.8713181582543947,0.3380110600320198,336,950,0,66,0.7387247278382582,1016,LightGBM+AdaBoost_SMOTE+BalancedRandomForest+EasyEnsemble,4
0.16416702819966522,1.0,0.06496062992125984,0.12199630314232902,0.8704227343418635,0.31425141201110113,336,950,0,66,0.7387247278382582,1016,RandomForest+AdaBoost_SMOTE+BalancedRandomForest+EasyEnsemble,4
0.11416718463958009,1.0,0.06496062992125984,0.12199630314232902,0.8702695697252463,0.3269383837122224,336,950,0,66,0.7387247278382582,1016,XGBoost_SMOTE+ExtraTrees+GradientBoosting_SMOTE+AdaBoost_SMOTE+BalancedRandomForest+EasyEnsemble,6
0.11243872119456017,1.0,0.06496062992125984,0.12199630314232902,0.8698100758753946,0.32803127089313394,336,950,0,66,0.7387247278382582,1016,LightGBM+RandomForest+BalancedRandomForest+EasyEnsemble,4
0.14866829492608022,1.0,0.06496062992125984,0.12199630314232902,0.8690560346858948,0.3308422577410909,336,950,0,66,0.7387247278382582,1016,LightGBM+BalancedRandomForest+EasyEnsemble,3
0.11697316275502166,1.0,0.06496062992125984,0.12199630314232902,0.8680074461567464,0.3166087460201787,336,950,0,66,0.7387247278382582,1016,RandomForest+GradientBoosting_SMOTE+BalancedRandomForest+EasyEnsemble,4
0.11235139664371915,1.0,0.06496062992125984,0.12199630314232902,0.867477260945379,0.3255283941281781,336,950,0,66,0.7387247278382582,1016,XGBoost+LightGBM+BalancedRandomForest+EasyEnsemble,4
0.006903280683286168,1.0,0.06496062992125984,0.12199630314232902,0.8666171827136058,0.3280138506600712,336,950,0,66,0.7387247278382582,1016,RandomForest+ExtraTrees+GradientBoosting_SMOTE,3
0.09539120093965965,1.0,0.06496062992125984,0.12199630314232902,0.8661105612894103,0.3152280536039384,336,950,0,66,0.7387247278382582,1016,XGBoost+XGBoost_SMOTE+GradientBoosting_SMOTE+BalancedRandomForest+EasyEnsemble,5
0.016152186319813557,1.0,0.06489675516224189,0.12188365650969529,0.8740515575663321,0.3357390146605359,335,951,0,66,0.73950233281493,1017,XGBoost+LightGBM+XGBoost_SMOTE+ExtraTrees+LogisticRegression+GradientBoosting_SMOTE+BalancedRandomForest,7
0.018390459668880203,1.0,0.06489675516224189,0.12188365650969529,0.873698100758754,0.33131711525921725,335,951,0,66,0.73950233281493,1017,LightGBM+XGBoost_SMOTE+RandomForest+LogisticRegression+GradientBoosting_SMOTE+BalancedRandomForest,6
0.07873787132258078,1.0,0.06489675516224189,0.12188365650969529,0.8719308167208634,0.340964441432017,335,951,0,66,0.73950233281493,1017,LightGBM+RandomForest+ExtraTrees+GradientBoosting_SMOTE+BalancedRandomForest+EasyEnsemble,6
0.0789655588027871,1.0,0.06489675516224189,0.12188365650969529,0.8700339318535275,0.32825213945422976,335,951,0,66,0.73950233281493,1017,XGBoost+RandomForest+ExtraTrees+GradientBoosting_SMOTE+BalancedRandomForest+EasyEnsemble,6
0.11158024441281207,1.0,0.06489675516224189,0.12188365650969529,0.8698807672369102,0.31399817467106006,335,951,0,66,0.73950233281493,1017,XGBoost+XGBoost_SMOTE+RandomForest+AdaBoost_SMOTE+BalancedRandomForest+EasyEnsemble,6
0.06878436880195661,1.0,0.06489675516224189,0.12188365650969529,0.8696215655780197,0.33190832330578485,335,951,0,66,0.73950233281493,1017,XGBoost+LightGBM+XGBoost_SMOTE+ExtraTrees+GradientBoosting_SMOTE+BalancedRandomForest+EasyEnsemble,7
0.1332161529360473,1.0,0.06489675516224189,0.12188365650969529,0.8693270182383713,0.30958827282948087,335,951,0,66,0.73950233281493,1017,XGBoost_SMOTE+RandomForest+AdaBoost_SMOTE+BalancedRandomForest+EasyEnsemble,5
0.06896294023052804,1.0,0.06489675516224189,0.12188365650969529,0.8684669400065979,0.3254308105423894,335,951,0,66,0.73950233281493,1017,XGBoost+LightGBM+XGBoost_SMOTE+RandomForest+GradientBoosting_SMOTE+BalancedRandomForest+EasyEnsemble,7
0.09511797596341205,1.0,0.06489675516224189,0.12188365650969529,0.8680192280503322,0.3202287058596638,335,951,0,66,0.73950233281493,1017,LightGBM+XGBoost_SMOTE+GradientBoosting_SMOTE+BalancedRandomForest+EasyEnsemble,5
0.14924010262094753,1.0,0.06489675516224189,0.12188365650969529,0.8675715160940666,0.3175530233736264,335,951,0,66,0.73950233281493,1017,RandomForest+BalancedRandomForest+EasyEnsemble,3
0.14912366988649287,1.0,0.06489675516224189,0.12188365650969529,0.8663226353739574,0.32163754826915175,335,951,0,66,0.73950233281493,1017,XGBoost+BalancedRandomForest+EasyEnsemble,3
0.018390459668880203,1.0,0.06483300589390963,0.12177121771217712,0.8744285781610821,0.33085449088231644,334,952,0,66,0.7402799377916018,1018,LightGBM+XGBoost_SMOTE+ExtraTrees+LogisticRegression+GradientBoosting_SMOTE+BalancedRandomForest,6
0.094943341644385,1.0,0.06483300589390963,0.12177121771217712,0.8731679155473868,0.3320450827926189,334,952,0,66,0.7402799377916018,1018,XGBoost+LightGBM+RandomForest+ExtraTrees+AdaBoost_SMOTE+BalancedRandomForest+EasyEnsemble,7
0.0788974892037753,1.0,0.06483300589390963,0.12177121771217712,0.8709175738724728,0.3360228910117391,334,952,0,66,0.7402799377916018,1018,XGBoost+ExtraTrees+LogisticRegression+GradientBoosting_SMOTE+EasyEnsemble,5
0.07594259776247944,1.0,0.06483300589390963,0.12177121771217712,0.8706465903199962,0.33515206137114567,334,952,0,66,0.7402799377916018,1018,XGBoost+LightGBM+RandomForest+ExtraTrees+BalancedRandomForest+EasyEnsemble,6
0.1328730683191269,1.0,0.06483300589390963,0.12177121771217712,0.8704345162354494,0.32916147910342175,334,952,0,66,0.7402799377916018,1018,LightGBM+XGBoost_SMOTE+AdaBoost_SMOTE+BalancedRandomForest+EasyEnsemble,5
0.11129434056537842,1.0,0.06483300589390963,0.12177121771217712,0.8704227343418635,0.3234295315909318,334,952,0,66,0.7402799377916018,1018,XGBoost+LightGBM+XGBoost_SMOTE+AdaBoost_SMOTE+BalancedRandomForest+EasyEnsemble,6
0.07988997996951004,1.0,0.06483300589390963,0.12177121771217712,0.8689735614307931,0.32199513222494786,334,952,0,66,0.7402799377916018,1018,LightGBM+XGBoost_SMOTE+RandomForest+GradientBoosting_SMOTE+BalancedRandomForest+EasyEnsemble,6
0.16558269117005914,1.0,0.06483300589390963,0.12177121771217712,0.8673005325415901,0.30646514857056323,334,952,0,66,0.7402799377916018,1018,XGBoost_SMOTE+AdaBoost_SMOTE+BalancedRandomForest+EasyEnsemble,4
0.0048176055339489866,1.0,0.06483300589390963,0.12177121771217712,0.8671002403506292,0.33538620209887715,334,952,0,66,0.7402799377916018,1018,XGBoost+LightGBM+RandomForest+ExtraTrees+GradientBoosting_SMOTE,5
0.08011766744971636,1.0,0.06483300589390963,0.12177121771217712,0.8670413308826994,0.31302316370081873,334,952,0,66,0.7402799377916018,1018,XGBoost+XGBoost_SMOTE+RandomForest+GradientBoosting_SMOTE+BalancedRandomForest+EasyEnsemble,6
0.2219851539314213,1.0,0.06483300589390963,0.12177121771217712,0.8659338328856214,0.32663204459483525,334,952,0,66,0.7402799377916018,1018,BalancedRandomForest+EasyEnsemble,2
0.1102004482856765,1.0,0.0647693817468106,0.12165898617511521,0.8745346152033555,0.3380651291736903,333,953,0,66,0.7410575427682737,1019,LightGBM+RandomForest+ExtraTrees+AdaBoost_SMOTE+BalancedRandomForest+EasyEnsemble,6
0.016237094977746024,1.0,0.0647693817468106,0.12165898617511521,0.8737334464395118,0.32745183325614774,333,953,0,66,0.7410575427682737,1019,XGBoost+XGBoost_SMOTE+RandomForest+ExtraTrees+LogisticRegression+GradientBoosting_SMOTE+BalancedRandomForest,7
0.02272072899085568,1.0,0.0647693817468106,0.12165898617511521,0.8730147509307696,0.3293135757661043,333,953,0,66,0.7410575427682737,1019,LightGBM+XGBoost_SMOTE+LogisticRegression+BalancedRandomForest,4
0.11042813576588283,1.0,0.0647693817468106,0.12165898617511521,0.8724374381450587,0.329642424122474,333,953,0,66,0.7410575427682737,1019,XGBoost+RandomForest+ExtraTrees+AdaBoost_SMOTE+BalancedRandomForest+EasyEnsemble,6
0.11014223191844914,1.0,0.0647693817468106,0.12165898617511521,0.8723785286771291,0.33761901283743617,333,953,0,66,0.7410575427682737,1019,XGBoost+LightGBM+ExtraTrees+AdaBoost_SMOTE+BalancedRandomForest+EasyEnsemble,6
0.09045097695564813,1.0,0.0647693817468106,0.12165898617511521,0.8723196192091993,0.33888788417694393,333,953,0,66,0.7410575427682737,1019,LightGBM+RandomForest+ExtraTrees+BalancedRandomForest+EasyEnsemble,5
0.09407853020401732,1.0,0.0647693817468106,0.12165898617511521,0.8703166972995899,0.32778060860001734,333,953,0,66,0.7410575427682737,1019,RandomForest+ExtraTrees+GradientBoosting_SMOTE+BalancedRandomForest+EasyEnsemble,5
0.005220883960525194,1.0,0.0647693817468106,0.12165898617511521,0.8703049154060041,0.3234219431662324,333,953,0,66,0.7410575427682737,1019,XGBoost_SMOTE+RandomForest+ExtraTrees,3
0.11666066275502165,1.0,0.0647693817468106,0.12165898617511521,0.8701164051086291,0.3311210751064177,333,953,0,66,0.7410575427682737,1019,ExtraTrees+GradientBoosting_SMOTE+BalancedRandomForest+EasyEnsemble,4
0.06065507270171203,1.0,0.0647693817468106,0.12165898617511521,0.86993967670484,0.3300558260822205,333,953,0,66,0.7410575427682737,1019,XGBoost+LightGBM+XGBoost_SMOTE+RandomForest+ExtraTrees+GradientBoosting_SMOTE+BalancedRandomForest+EasyEnsemble,8
0.07990933411638303,1.0,0.0647693817468106,0.12165898617511521,0.8687614873462464,0.32618560671788915,333,953,0,66,0.7410575427682737,1019,XGBoost+XGBoost_SMOTE+ExtraTrees+GradientBoosting_SMOTE+BalancedRandomForest+EasyEnsemble,6
0.1331462932953745,1.0,0.0647693817468106,0.12165898617511521,0.8685258494745276,0.3264765582586788,333,953,0,66,0.7410575427682737,1019,XGBoost+XGBoost_SMOTE+AdaBoost_SMOTE+BalancedRandomForest+EasyEnsemble,5
0.217639370932887,1.0,0.0647693817468106,0.12165898617511521,0.8667821292238089,0.3023940975284079,333,953,0,66,0.7410575427682737,1019,AdaBoost_SMOTE+BalancedRandomForest+EasyEnsemble,3
0.09546106058033245,1.0,0.0647693817468106,0.12165898617511521,0.866746783543051,0.3123294232487456,333,953,0,66,0.7410575427682737,1019,XGBoost_SMOTE+RandomForest+GradientBoosting_SMOTE+BalancedRandomForest+EasyEnsemble,5
0.11838882572541556,1.0,0.0647693817468106,0.12165898617511521,0.8651326641217777,0.29928488059940006,333,953,0,66,0.7410575427682737,1019,XGBoost_SMOTE+GradientBoosting_SMOTE+BalancedRandomForest+EasyEnsemble,4
0.018489519769801413,1.0,0.06470588235294118,0.12154696132596685,0.8741222489278477,0.3229753854893081,332,954,0,66,0.7418351477449455,1020,XGBoost_SMOTE+RandomForest+ExtraTrees+LogisticRegression+GradientBoosting_SMOTE+BalancedRandomForest,6
0.09575229191318149,1.0,0.06470588235294118,0.12154696132596685,0.8719779442952071,0.3326538018479781,332,954,0,66,0.7418351477449455,1020,XGBoost+LightGBM+XGBoost_SMOTE+ExtraTrees+AdaBoost_SMOTE+BalancedRandomForest+EasyEnsemble,7
0.1317637629190594,1.0,0.06470588235294118,0.12154696132596685,0.8715302323389416,0.33250491563380136,332,954,0,66,0.7418351477449455,1020,XGBoost+ExtraTrees+AdaBoost_SMOTE+BalancedRandomForest+EasyEnsemble,5
0.11255507696571065,1.0,0.06470588235294118,0.12154696132596685,0.8709293557660588,0.3348625092257535,332,954,0,66,0.7418351477449455,1020,RandomForest+ExtraTrees+BalancedRandomForest+EasyEnsemble,4
0.07968164663617672,1.0,0.06470588235294118,0.12154696132596685,0.869927894811254,0.32751571793521034,332,954,0,66,0.7418351477449455,1020,LightGBM+XGBoost_SMOTE+ExtraTrees+GradientBoosting_SMOTE+BalancedRandomForest+EasyEnsemble,6
0.11419591538526354,1.0,0.06470588235294118,0.12154696132596685,0.8661694707573402,0.320525417881137,332,954,0,66,0.7418351477449455,1020,XGBoost+XGBoost_SMOTE+BalancedRandomForest+EasyEnsemble,4
0.006663650179612068,1.0,0.06470588235294118,0.12154696132596685,0.8641665488477308,0.3130469870164913,332,954,0,66,0.7418351477449455,1020,RandomForest+LogisticRegression+GradientBoosting_SMOTE,3
0.0051098296318694315,1.0,0.06470588235294118,0.12154696132596685,0.8623992648098402,0.3266856035370109,332,954,0,66,0.7418351477449455,1020,XGBoost+LightGBM+RandomForest+GradientBoosting_SMOTE,4
0.1314905379428118,1.0,0.06464250734573947,0.12143514259429623,0.873521372354965,0.34188915239160966,331,955,0,66,0.7426127527216174,1021,LightGBM+ExtraTrees+AdaBoost_SMOTE+BalancedRandomForest+EasyEnsemble,5
0.09580219165651924,1.0,0.06464250734573947,0.12143514259429623,0.8734153353126914,0.32954181747137745,331,955,0,66,0.7426127527216174,1021,LightGBM+XGBoost_SMOTE+RandomForest+ExtraTrees+AdaBoost_SMOTE+BalancedRandomForest+EasyEnsemble,7
0.1318336225597322,1.0,0.06464250734573947,0.12143514259429623,0.8732032612281446,0.3296504307524974,331,955,0,66,0.7426127527216174,1021,RandomForest+ExtraTrees+AdaBoost_SMOTE+BalancedRandomForest+EasyEnsemble,5
0.08425200542403383,1.0,0.06464250734573947,0.12143514259429623,0.8725199114001602,0.3297022793435237,331,955,0,66,0.7426127527216174,1021,XGBoost+LightGBM+XGBoost_SMOTE+RandomForest+ExtraTrees+AdaBoost_SMOTE+BalancedRandomForest+EasyEnsemble,8
0.11114422359927241,1.0,0.06464250734573947,0.12143514259429623,0.8724845657194024,0.33327580330435114,331,955,0,66,0.7426127527216174,1021,LightGBM+XGBoost_SMOTE+ExtraTrees+AdaBoost_SMOTE+BalancedRandomForest+EasyEnsemble,6
0.16385452819966523,1.0,0.06464250734573947,0.12143514259429623,0.8719190348272774,0.34584522468945317,331,955,0,66,0.7426127527216174,1021,ExtraTrees+AdaBoost_SMOTE+BalancedRandomForest+EasyEnsemble,4
0.11212622119456016,1.0,0.06464250734573947,0.12143514259429623,0.8717540883170743,0.3467894123876802,331,955,0,66,0.7426127527216174,1021,LightGBM+ExtraTrees+BalancedRandomForest+EasyEnsemble,4
0.09599735235383892,1.0,0.06464250734573947,0.12143514259429623,0.8716833969555587,0.3231882086656269,331,955,0,66,0.7426127527216174,1021,XGBoost+XGBoost_SMOTE+RandomForest+ExtraTrees+AdaBoost_SMOTE+BalancedRandomForest+EasyEnsemble,7
0.11137191107947875,1.0,0.06464250734573947,0.12143514259429623,0.8707054997879259,0.3235835381945812,331,955,0,66,0.7426127527216174,1021,XGBoost+XGBoost_SMOTE+ExtraTrees+AdaBoost_SMOTE+BalancedRandomForest+EasyEnsemble,6
0.09072420193189572,1.0,0.06464250734573947,0.12143514259429623,0.8701753145765587,0.33284158799528324,331,955,0,66,0.7426127527216174,1021,XGBoost+RandomForest+ExtraTrees+BalancedRandomForest+EasyEnsemble,5
0.06902942924261403,1.0,0.06464250734573947,0.12143514259429623,0.868985343324379,0.32241395270908685,331,955,0,66,0.7426127527216174,1021,XGBoost+XGBoost_SMOTE+RandomForest+ExtraTrees+GradientBoosting_SMOTE+BalancedRandomForest+EasyEnsemble,7
0.09521106058033244,1.0,0.06464250734573947,0.12143514259429623,0.8686907959847308,0.319290485736301,331,955,0,66,0.7426127527216174,1021,XGBoost_SMOTE+ExtraTrees+GradientBoosting_SMOTE+BalancedRandomForest+EasyEnsemble,5
0.09176364769129045,1.0,0.06464250734573947,0.12143514259429623,0.8674890428389651,0.32482865625893187,331,955,0,66,0.7426127527216174,1021,XGBoost+LightGBM+XGBoost_SMOTE+BalancedRandomForest+EasyEnsemble,5
0.015941822573325888,1.0,0.06457925636007827,0.1213235294117647,0.8747938168622461,0.33217076460581957,330,956,0,66,0.7433903576982893,1022,LightGBM+XGBoost_SMOTE+RandomForest+ExtraTrees+LogisticRegression+GradientBoosting_SMOTE+BalancedRandomForest,7
0.11143012744670609,1.0,0.06457925636007827,0.1213235294117647,0.872001508082379,0.32336600002153626,330,956,0,66,0.7433903576982893,1022,XGBoost_SMOTE+RandomForest+ExtraTrees+AdaBoost_SMOTE+BalancedRandomForest+EasyEnsemble,6
0.06883426854529433,1.0,0.06457925636007827,0.1213235294117647,0.8702342240444884,0.32884293103275847,330,956,0,66,0.7433903576982893,1022,LightGBM+XGBoost_SMOTE+RandomForest+ExtraTrees+GradientBoosting_SMOTE+BalancedRandomForest+EasyEnsemble,7
0.09038111731497532,1.0,0.06457925636007827,0.1213235294117647,0.869927894811254,0.338310470237467,330,956,0,66,0.7433903576982893,1022,XGBoost+LightGBM+ExtraTrees+BalancedRandomForest+EasyEnsemble,5
0.09183350733196324,1.0,0.06457925636007827,0.1213235294117647,0.869574438003676,0.32363935741248434,330,956,0,66,0.7433903576982893,1022,LightGBM+XGBoost_SMOTE+RandomForest+BalancedRandomForest+EasyEnsemble,5
0.11246775241486964,1.0,0.06457925636007827,0.1213235294117647,0.8694801828549884,0.33898428543154807,330,956,0,66,0.7433903576982893,1022,XGBoost+ExtraTrees+BalancedRandomForest+EasyEnsemble,4
0.11385438416495405,1.0,0.06457925636007827,0.1213235294117647,0.8684787219001838,0.32961596511325075,330,956,0,66,0.7433903576982893,1022,LightGBM+XGBoost_SMOTE+BalancedRandomForest+EasyEnsemble,4
0.0770947064094087,1.0,0.06457925636007827,0.1213235294117647,0.8683373391771525,0.3250538828253317,330,956,0,66,0.7433903576982893,1022,XGBoost+LightGBM+XGBoost_SMOTE+RandomForest+BalancedRandomForest+EasyEnsemble,6
0.09705936150471912,1.0,0.06457925636007827,0.1213235294117647,0.867665771242754,0.3273575499219083,330,956,0,66,0.7433903576982893,1022,XGBoost+LogisticRegression+GradientBoosting_SMOTE+EasyEnsemble,4
0.09210673230821083,1.0,0.06457925636007827,0.1213235294117647,0.8674419152646213,0.3153340583762208,330,956,0,66,0.7433903576982893,1022,XGBoost+XGBoost_SMOTE+RandomForest+BalancedRandomForest+EasyEnsemble,5
0.01883996455887273,1.0,0.06451612903225806,0.12121212121212122,0.8722018002733399,0.32499192361173906,329,957,0,66,0.7441679626749611,1023,XGBoost+XGBoost_SMOTE+RandomForest+LogisticRegression+BalancedRandomForest,5
0.1329661529360473,1.0,0.06451612903225806,0.12121212121212122,0.8708351006173711,0.32983615557505197,329,957,0,66,0.7441679626749611,1023,XGBoost_SMOTE+ExtraTrees+AdaBoost_SMOTE+BalancedRandomForest+EasyEnsemble,5
0.07996755048361037,1.0,0.06451612903225806,0.12121212121212122,0.8689853433243792,0.3231049116501183,329,957,0,66,0.7441679626749611,1023,XGBoost_SMOTE+RandomForest+ExtraTrees+GradientBoosting_SMOTE+BalancedRandomForest+EasyEnsemble,6
0.1511276532481394,1.0,0.06451612903225806,0.12121212121212122,0.8654036476742543,0.30392040018213673,329,957,0,66,0.7441679626749611,1023,XGBoost_SMOTE+BalancedRandomForest+EasyEnsemble,3
0.01883996455887273,1.0,0.064453125,0.12110091743119267,0.8735920637164806,0.33839825743869584,328,958,0,66,0.744945567651633,1024,XGBoost+XGBoost_SMOTE+ExtraTrees+LogisticRegression+BalancedRandomForest,5
0.02286931914223749,1.0,0.064453125,0.12110091743119267,0.8724020924643009,0.3231575205164985,328,958,0,66,0.744945567651633,1024,XGBoost_SMOTE+RandomForest+LogisticRegression+BalancedRandomForest,4
0.14882343595428085,1.0,0.064453125,0.12110091743119267,0.8705169894905509,0.34419615742807685,328,958,0,66,0.744945567651633,1024,ExtraTrees+BalancedRandomForest+EasyEnsemble,3
0.11428323993610454,1.0,0.064453125,0.12110091743119267,0.8671827136057306,0.3103379549987557,328,958,0,66,0.744945567651633,1024,XGBoost_SMOTE+RandomForest+BalancedRandomForest+EasyEnsemble,4
0.006134969696716383,1.0,0.064453125,0.12110091743119267,0.8641076393798013,0.3269310630210335,328,958,0,66,0.744945567651633,1024,LightGBM+RandomForest+GradientBoosting_SMOTE,3
0.06643831977949317,1.0,0.06439024390243903,0.12098991750687443,0.8701988783637306,0.32881660593267803,327,959,0,66,0.7457231726283048,1025,XGBoost+LightGBM+XGBoost_SMOTE+RandomForest+ExtraTrees+BalancedRandomForest+EasyEnsemble,7
0.07717227692350903,1.0,0.06439024390243903,0.12098991750687443,0.8691502898345822,0.3248015282008915,327,959,0,66,0.7457231726283048,1025,XGBoost+XGBoost_SMOTE+RandomForest+ExtraTrees+BalancedRandomForest+EasyEnsemble,6
0.09185673230821083,1.0,0.06439024390243903,0.12098991750687443,0.8687261416654884,0.3318894063837094,327,959,0,66,0.7457231726283048,1025,XGBoost+XGBoost_SMOTE+ExtraTrees+BalancedRandomForest+EasyEnsemble,5
0.12881951579153847,1.0,0.06439024390243903,0.12098991750687443,0.8649559357179887,0.3122345295133382,327,959,0,66,0.7457231726283048,1025,LogisticRegression+GradientBoosting_SMOTE+EasyEnsemble,3
0.014289413029836863,1.0,0.06432748538011696,0.12087912087912088,0.8742989773316368,0.3355732659764009,326,960,0,66,0.7465007776049767,1026,XGBoost+LightGBM+XGBoost_SMOTE+RandomForest+ExtraTrees+LogisticRegression+GradientBoosting_SMOTE+BalancedRandomForest,8
0.02286931914223749,1.0,0.06432748538011696,0.12087912087912088,0.8737098826523398,0.328342786598762,326,960,0,66,0.7465007776049767,1026,XGBoost_SMOTE+ExtraTrees+LogisticRegression+BalancedRandomForest,4
0.0158092436981394,1.0,0.06432748538011696,0.12087912087912088,0.872920495782082,0.3287056333599791,326,960,0,66,0.7465007776049767,1026,XGBoost+LightGBM+XGBoost_SMOTE+RandomForest+LogisticRegression+BalancedRandomForest,6
0.07694458944330271,1.0,0.06432748538011696,0.12087912087912088,0.8711414298506056,0.3324117576863582,326,960,0,66,0.7465007776049767,1026,LightGBM+XGBoost_SMOTE+RandomForest+ExtraTrees+BalancedRandomForest+EasyEnsemble,6
0.09158350733196324,1.0,0.06432748538011696,0.12087912087912088,0.8705052075969649,0.3389140228633506,326,960,0,66,0.7465007776049767,1026,LightGBM+XGBoost_SMOTE+ExtraTrees+BalancedRandomForest+EasyEnsemble,5
0.07688637307607536,1.0,0.06432748538011696,0.12087912087912088,0.8695390923229182,0.33511973953380947,326,960,0,66,0.7465007776049767,1026,XGBoost+LightGBM+XGBoost_SMOTE+ExtraTrees+BalancedRandomForest+EasyEnsemble,6
0.11397073993610454,1.0,0.06432748538011696,0.12087912087912088,0.8690913803666526,0.32026841245566806,326,960,0,66,0.7465007776049767,1026,XGBoost_SMOTE+ExtraTrees+BalancedRandomForest+EasyEnsemble,4
0.005341370361082814,1.0,0.06432748538011696,0.12087912087912088,0.8689382157500353,0.3382362870968361,326,960,0,66,0.7465007776049767,1026,LightGBM+RandomForest+ExtraTrees+GradientBoosting_SMOTE,4
0.09192659194888364,1.0,0.06426484907497566,0.12076852698993595,0.8700574956406993,0.3275300556064309,325,961,0,66,0.7472783825816485,1027,XGBoost_SMOTE+RandomForest+ExtraTrees+BalancedRandomForest+EasyEnsemble,5
0.018426583192684545,1.0,0.06420233463035019,0.1206581352833638,0.8736274093972383,0.3278634550584875,324,962,0,66,0.7480559875583204,1028,LightGBM+XGBoost_SMOTE+RandomForest+LogisticRegression+BalancedRandomForest,5
0.018426583192684545,1.0,0.0641399416909621,0.12054794520547946,0.8750883642018946,0.34339201217019744,323,963,0,66,0.7488335925349923,1029,LightGBM+XGBoost_SMOTE+ExtraTrees+LogisticRegression+BalancedRandomForest,5
0.018545455313789993,1.0,0.0641399416909621,0.12054794520547946,0.8747231255007305,0.33051326462227293,323,963,0,66,0.7488335925349923,1029,XGBoost_SMOTE+RandomForest+ExtraTrees+LogisticRegression+BalancedRandomForest,5
0.0158092436981394,1.0,0.0641399416909621,0.12054794520547946,0.8743343230123946,0.3415267749152117,323,963,0,66,0.7488335925349923,1029,XGBoost+LightGBM+XGBoost_SMOTE+ExtraTrees+LogisticRegression+BalancedRandomForest,6
0.015908303799060608,1.0,0.06407766990291262,0.12043795620437957,0.8743107592252227,0.33477138882827623,322,964,0,66,0.749611197511664,1030,XGBoost+XGBoost_SMOTE+RandomForest+ExtraTrees+LogisticRegression+BalancedRandomForest,6
0.005161647483327239,1.0,0.06395348837209303,0.12021857923497267,0.8683373391771525,0.33090054763033383,320,966,0,66,0.7511664074650077,1032,LightGBM+RandomForest+LogisticRegression+GradientBoosting_SMOTE,4
0.01556381932723712,1.0,0.06382978723404255,0.12,0.8757245864555352,0.33963434988893737,318,968,0,66,0.7527216174183515,1034,LightGBM+XGBoost_SMOTE+RandomForest+ExtraTrees+LogisticRegression+BalancedRandomForest,6
0.013729351741262344,1.0,0.0637065637065637,0.11978221415607986,0.8746170884584571,0.33537360623353585,316,970,0,66,0.7542768273716952,1036,XGBoost+LightGBM+XGBoost_SMOTE+RandomForest+ExtraTrees+LogisticRegression+BalancedRandomForest,7
0.006663034689972369,1.0,0.06364513018322084,0.11967361740707162,0.8609736556859418,0.3265506927037696,315,971,0,66,0.755054432348367,1037,LightGBM+GradientBoosting_SMOTE,2
0.057911085361019285,1.0,0.06346153846153846,0.11934900542495479,0.8703520429803477,0.32611872347008236,312,974,0,66,0.7573872472783826,1040,XGBoost+LightGBM+GradientBoosting_SMOTE+AdaBoost_SMOTE+BalancedRandomForest,5
0.09119296818364862,1.0,0.06333973128598848,0.11913357400722022,0.8725434751873321,0.32854472658765416,310,976,0,66,0.7589424572317263,1042,LightGBM+XGBoost_SMOTE+RandomForest+ExtraTrees+LogisticRegression+GradientBoosting_SMOTE+AdaBoost_SMOTE+EasyEnsemble+IsolationForest,9
0.10234119972351408,1.0,0.06333973128598848,0.11913357400722022,0.87144775908384,0.31536185505904063,310,976,0,66,0.7589424572317263,1042,XGBoost_SMOTE+RandomForest+ExtraTrees+LogisticRegression+GradientBoosting_SMOTE+AdaBoost_SMOTE+EasyEnsemble+IsolationForest,8
0.043245439812381714,1.0,0.06333973128598848,0.11913357400722022,0.8705758989584806,0.31935160830329623,310,976,0,66,0.7589424572317263,1042,XGBoost+LightGBM+XGBoost_SMOTE+RandomForest+GradientBoosting_SMOTE+AdaBoost_SMOTE+BalancedRandomForest,7
0.04982801311444534,1.0,0.06333973128598848,0.11913357400722022,0.86993967670484,0.32362949545393427,310,976,0,66,0.7589424572317263,1042,XGBoost+LightGBM+XGBoost_SMOTE+GradientBoosting_SMOTE+AdaBoost_SMOTE+BalancedRandomForest,6
0.004894017344986184,1.0,0.06333973128598848,0.11913357400722022,0.8697511664074651,0.3395241707203708,310,976,0,66,0.7589424572317263,1042,LightGBM+ExtraTrees+LogisticRegression+GradientBoosting_SMOTE,4
0.008063492460496667,1.0,0.06333973128598848,0.11913357400722022,0.8644610961873793,0.3220017598333272,310,976,0,66,0.7589424572317263,1042,ExtraTrees+GradientBoosting_SMOTE,2
0.11392940568061083,1.0,0.06327900287631831,0.11902614968440037,0.8718365615721759,0.32313394766937986,309,977,0,66,0.7597200622083982,1043,XGBoost_SMOTE+RandomForest+ExtraTrees+LogisticRegression+AdaBoost_SMOTE+EasyEnsemble+IsolationForest,7
0.050113916961878995,1.0,0.06327900287631831,0.11902614968440037,0.869008907111551,0.309463197142017,309,977,0,66,0.7597200622083982,1043,XGBoost+XGBoost_SMOTE+RandomForest+GradientBoosting_SMOTE+AdaBoost_SMOTE+BalancedRandomForest,6
0.09993911945362513,1.0,0.06321839080459771,0.11891891891891893,0.8730736603986993,0.3371025537914186,308,978,0,66,0.76049766718507,1044,LightGBM+XGBoost_SMOTE+RandomForest+ExtraTrees+LogisticRegression+AdaBoost_SMOTE+EasyEnsemble+IsolationForest,8
0.048675904467516073,1.0,0.06321839080459771,0.11891891891891893,0.8721075451246525,0.332581190989176,308,978,0,66,0.76049766718507,1044,XGBoost+LightGBM+ExtraTrees+GradientBoosting_SMOTE+AdaBoost_SMOTE+BalancedRandomForest,6
0.11458827790561989,1.0,0.06321839080459771,0.11891891891891893,0.8716009237004573,0.3195255466970133,308,978,0,66,0.76049766718507,1044,RandomForest+ExtraTrees+LogisticRegression+GradientBoosting_SMOTE+AdaBoost_SMOTE+EasyEnsemble+IsolationForest,7
0.09124728242471342,1.0,0.06321839080459771,0.11891891891891893,0.8711296479570197,0.3249501715525929,308,978,0,66,0.76049766718507,1044,XGBoost+XGBoost_SMOTE+RandomForest+ExtraTrees+LogisticRegression+GradientBoosting_SMOTE+AdaBoost_SMOTE+EasyEnsemble+IsolationForest,9
0.048884237800849405,1.0,0.06321839080459771,0.11891891891891893,0.8710118290211603,0.32686917739169524,308,978,0,66,0.76049766718507,1044,XGBoost+LightGBM+RandomForest+GradientBoosting_SMOTE+AdaBoost_SMOTE+BalancedRandomForest,6
0.004792699352849978,1.0,0.06321839080459771,0.11891891891891893,0.8704109524482775,0.333970072577673,308,978,0,66,0.76049766718507,1044,XGBoost+RandomForest+ExtraTrees+LogisticRegression+GradientBoosting_SMOTE,5
0.058254169977939675,1.0,0.06321839080459771,0.11891891891891893,0.8698689853433244,0.31545787821056653,308,978,0,66,0.76049766718507,1044,XGBoost+RandomForest+GradientBoosting_SMOTE+AdaBoost_SMOTE+BalancedRandomForest,5
0.00427099360484116,1.0,0.06321839080459771,0.11891891891891893,0.8693388001319573,0.332519118933228,308,978,0,66,0.76049766718507,1044,XGBoost+LightGBM+ExtraTrees+LogisticRegression+GradientBoosting_SMOTE,5
0.005968627855084799,1.0,0.06321839080459771,0.11891891891891893,0.8648498986757152,0.33215257079057636,308,978,0,66,0.76049766718507,1044,XGBoost+ExtraTrees+GradientBoosting_SMOTE,3
0.042257918115013775,1.0,0.06315789473684211,0.1188118811881188,0.8726966398039493,0.3330474644298982,307,979,0,66,0.7612752721617418,1045,XGBoost+LightGBM+RandomForest+ExtraTrees+GradientBoosting_SMOTE+AdaBoost_SMOTE+BalancedRandomForest,7
0.08911209996258991,1.0,0.06315789473684211,0.1188118811881188,0.8723314011027853,0.3324919651972132,307,979,0,66,0.7612752721617418,1045,XGBoost+LightGBM+XGBoost_SMOTE+RandomForest+ExtraTrees+LogisticRegression+AdaBoost_SMOTE+EasyEnsemble+IsolationForest,9
0.08962455613759694,1.0,0.06315789473684211,0.1188118811881188,0.8720604175503087,0.33342342455725066,307,979,0,66,0.7612752721617418,1045,XGBoost+LightGBM+RandomForest+ExtraTrees+LogisticRegression+GradientBoosting_SMOTE+AdaBoost_SMOTE+EasyEnsemble+IsolationForest,9
0.08232326576871458,1.0,0.06315789473684211,0.1188118811881188,0.871812997785004,0.331231302044109,307,979,0,66,0.7612752721617418,1045,XGBoost+LightGBM+XGBoost_SMOTE+RandomForest+ExtraTrees+LogisticRegression+GradientBoosting_SMOTE+AdaBoost_SMOTE+EasyEnsemble+IsolationForest,10
0.038152259835834,1.0,0.06315789473684211,0.1188118811881188,0.8716127055940431,0.3257357892146915,307,979,0,66,0.7612752721617418,1045,XGBoost+LightGBM+XGBoost_SMOTE+RandomForest+ExtraTrees+GradientBoosting_SMOTE+AdaBoost_SMOTE+BalancedRandomForest,8
0.05798094500169208,1.0,0.06315789473684211,0.1188118811881188,0.8713652858287383,0.3236919502114529,307,979,0,66,0.7612752721617418,1045,LightGBM+RandomForest+GradientBoosting_SMOTE+AdaBoost_SMOTE+BalancedRandomForest,5
0.05800416997793967,1.0,0.06315789473684211,0.1188118811881188,0.8711885574249494,0.3293096682450822,307,979,0,66,0.7612752721617418,1045,XGBoost+ExtraTrees+GradientBoosting_SMOTE+AdaBoost_SMOTE+BalancedRandomForest,5
0.0718802124724246,1.0,0.06315789473684211,0.1188118811881188,0.8687614873462464,0.32337428521193173,307,979,0,66,0.7612752721617418,1045,XGBoost+GradientBoosting_SMOTE+AdaBoost_SMOTE+BalancedRandomForest,4
0.059386700354254786,1.0,0.06315789473684211,0.1188118811881188,0.8677953720721994,0.32082152405202435,307,979,0,66,0.7612752721617418,1045,XGBoost+XGBoost_SMOTE+GradientBoosting_SMOTE+AdaBoost_SMOTE+BalancedRandomForest,5
0.100000222974823,1.0,0.06309751434034416,0.11870503597122302,0.871977944295207,0.3319108266290035,306,980,0,66,0.7620528771384136,1046,XGBoost+XGBoost_SMOTE+RandomForest+ExtraTrees+LogisticRegression+AdaBoost_SMOTE+EasyEnsemble+IsolationForest,8
0.04896180831494973,1.0,0.06309751434034416,0.11870503597122302,0.8716598331683869,0.32280611745796906,306,980,0,66,0.7620528771384136,1046,XGBoost+RandomForest+ExtraTrees+GradientBoosting_SMOTE+AdaBoost_SMOTE+BalancedRandomForest,6
0.10057673617170593,1.0,0.06309751434034416,0.11870503597122302,0.8714948866581838,0.3287597760607184,306,980,0,66,0.7620528771384136,1046,XGBoost+RandomForest+ExtraTrees+LogisticRegression+GradientBoosting_SMOTE+AdaBoost_SMOTE+EasyEnsemble+IsolationForest,8
0.0719675370232656,1.0,0.06309751434034416,0.11870503597122302,0.8690560346858947,0.3081702177656327,306,980,0,66,0.7620528771384136,1046,RandomForest+GradientBoosting_SMOTE+AdaBoost_SMOTE+BalancedRandomForest,4
0.048734120834743405,1.0,0.06303724928366762,0.11859838274932614,0.8730972241858712,0.33331826314783647,305,981,0,66,0.7628304821150855,1047,LightGBM+RandomForest+ExtraTrees+GradientBoosting_SMOTE+AdaBoost_SMOTE+BalancedRandomForest,6
0.10051563265050803,1.0,0.06303724928366762,0.11859838274932614,0.8726023846552619,0.33388191703924985,305,981,0,66,0.7628304821150855,1047,LightGBM+RandomForest+ExtraTrees+LogisticRegression+GradientBoosting_SMOTE+AdaBoost_SMOTE+EasyEnsemble+IsolationForest,8
0.05807402961861248,1.0,0.06303724928366762,0.11859838274932614,0.8716716150619728,0.3221852633220215,305,981,0,66,0.7628304821150855,1047,RandomForest+ExtraTrees+GradientBoosting_SMOTE+AdaBoost_SMOTE+BalancedRandomForest,5
0.04306686838381029,1.0,0.06303724928366762,0.11859838274932614,0.8712121212121212,0.3279276692796079,305,981,0,66,0.7628304821150855,1047,XGBoost+LightGBM+XGBoost_SMOTE+ExtraTrees+GradientBoosting_SMOTE+AdaBoost_SMOTE+BalancedRandomForest,7
0.07153868125211511,1.0,0.06303724928366762,0.11859838274932614,0.8703873886611058,0.33182650815942066,305,981,0,66,0.7628304821150855,1047,LightGBM+GradientBoosting_SMOTE+AdaBoost_SMOTE+BalancedRandomForest,4
0.04988622948167267,1.0,0.06303724928366762,0.11859838274932614,0.8702342240444885,0.3152209883650262,305,981,0,66,0.7628304821150855,1047,LightGBM+XGBoost_SMOTE+RandomForest+GradientBoosting_SMOTE+AdaBoost_SMOTE+BalancedRandomForest,6
0.05945655999492759,1.0,0.06303724928366762,0.11859838274932614,0.8680192280503323,0.30012705863843125,305,981,0,66,0.7628304821150855,1047,XGBoost_SMOTE+RandomForest+GradientBoosting_SMOTE+AdaBoost_SMOTE+BalancedRandomForest,5
0.04331192882446771,1.0,0.06297709923664122,0.118491921005386,0.870304915406004,0.3171407716221492,304,982,0,66,0.7636080870917574,1048,XGBoost+XGBoost_SMOTE+RandomForest+ExtraTrees+GradientBoosting_SMOTE+AdaBoost_SMOTE+BalancedRandomForest,7
0.005310237634709052,1.0,0.06297709923664122,0.118491921005386,0.8702342240444885,0.323368556998812,304,982,0,66,0.7636080870917574,1048,RandomForest+ExtraTrees+LogisticRegression+GradientBoosting_SMOTE,4
0.049905583628545656,1.0,0.06297709923664122,0.118491921005386,0.8700221499599415,0.3213937592966994,304,982,0,66,0.7636080870917574,1048,XGBoost+XGBoost_SMOTE+ExtraTrees+GradientBoosting_SMOTE+AdaBoost_SMOTE+BalancedRandomForest,6
0.11553279968401609,1.0,0.06297709923664122,0.118491921005386,0.8697982939818086,0.3244341491516758,304,982,0,66,0.7636080870917574,1048,XGBoost_SMOTE+ExtraTrees+LogisticRegression+GradientBoosting_SMOTE+AdaBoost_SMOTE+EasyEnsemble+IsolationForest,7
0.05911347537800721,1.0,0.06297709923664122,0.118491921005386,0.8692681087704416,0.32253763046369405,304,982,0,66,0.7636080870917574,1048,LightGBM+XGBoost_SMOTE+GradientBoosting_SMOTE+AdaBoost_SMOTE+BalancedRandomForest,5
0.05773094500169209,1.0,0.06291706387035272,0.11838565022421525,0.8723903105707149,0.3323609292680142,303,983,0,66,0.7643856920684292,1049,LightGBM+ExtraTrees+GradientBoosting_SMOTE+AdaBoost_SMOTE+BalancedRandomForest,5
0.1118430433114611,1.0,0.06291706387035272,0.11838565022421525,0.8717069607427306,0.33364333170385657,303,983,0,66,0.7643856920684292,1049,LightGBM+RandomForest+ExtraTrees+LogisticRegression+AdaBoost_SMOTE+EasyEnsemble+IsolationForest,7
0.1013420892066047,1.0,0.06291706387035272,0.11838565022421525,0.8711178660634337,0.3373139165678915,303,983,0,66,0.7643856920684292,1049,LightGBM+XGBoost_SMOTE+ExtraTrees+LogisticRegression+GradientBoosting_SMOTE+AdaBoost_SMOTE+EasyEnsemble+IsolationForest,8
0.13014903121925045,1.0,0.06291706387035272,0.11838565022421525,0.8700574956406995,0.3195354944427552,303,983,0,66,0.7643856920684292,1049,RandomForest+ExtraTrees+LogisticRegression+AdaBoost_SMOTE+EasyEnsemble+IsolationForest,6
0.1127875650898573,1.0,0.06285714285714286,0.11827956989247312,0.8714948866581838,0.34316785715675124,302,984,0,66,0.7651632970451011,1050,LightGBM+XGBoost_SMOTE+ExtraTrees+LogisticRegression+AdaBoost_SMOTE+EasyEnsemble+IsolationForest,7
0.09900111245791365,1.0,0.06285714285714286,0.11827956989247312,0.8712121212121212,0.3441899868116516,302,984,0,66,0.7651632970451011,1050,XGBoost+LightGBM+XGBoost_SMOTE+ExtraTrees+LogisticRegression+AdaBoost_SMOTE+EasyEnsemble+IsolationForest,8
0.04967789614833934,1.0,0.06285714285714286,0.11827956989247312,0.8711767755313634,0.3232149682511632,302,984,0,66,0.7651632970451011,1050,LightGBM+XGBoost_SMOTE+ExtraTrees+GradientBoosting_SMOTE+AdaBoost_SMOTE+BalancedRandomForest,6
0.10071708920660472,1.0,0.06285714285714286,0.11827956989247312,0.8708351006173712,0.3251356893067535,302,984,0,66,0.7651632970451011,1050,LightGBM+XGBoost_SMOTE+RandomForest+LogisticRegression+GradientBoosting_SMOTE+AdaBoost_SMOTE+EasyEnsemble+IsolationForest,8
0.11191287590711584,1.0,0.06285714285714286,0.11827956989247312,0.8707054997879259,0.3326356947302232,302,984,0,66,0.7651632970451011,1050,XGBoost+RandomForest+ExtraTrees+LogisticRegression+AdaBoost_SMOTE+EasyEnsemble+IsolationForest,7
0.11285739768551203,1.0,0.06285714285714286,0.11827956989247312,0.8704934257033791,0.34396437484858866,302,984,0,66,0.7651632970451011,1050,XGBoost+XGBoost_SMOTE+ExtraTrees+LogisticRegression+AdaBoost_SMOTE+EasyEnsemble+IsolationForest,7
0.0733831999936595,1.0,0.06285714285714286,0.11827956989247312,0.8659809604599651,0.30438731430337895,302,984,0,66,0.7651632970451011,1050,XGBoost_SMOTE+GradientBoosting_SMOTE+AdaBoost_SMOTE+BalancedRandomForest,4
0.043116768127148,1.0,0.06279733587059944,0.11817367949865712,0.871636269381215,0.323644332971051,301,985,0,66,0.7659409020217729,1051,LightGBM+XGBoost_SMOTE+RandomForest+ExtraTrees+GradientBoosting_SMOTE+AdaBoost_SMOTE+BalancedRandomForest,7
0.049963799995772995,1.0,0.06279733587059944,0.11817367949865712,0.87031669729959,0.3169614635466006,301,985,0,66,0.7659409020217729,1051,XGBoost_SMOTE+RandomForest+ExtraTrees+GradientBoosting_SMOTE+AdaBoost_SMOTE+BalancedRandomForest,6
0.131250973294046,1.0,0.06279733587059944,0.11817367949865712,0.8696451293651916,0.33153343620466136,301,985,0,66,0.7659409020217729,1051,XGBoost_SMOTE+ExtraTrees+LogisticRegression+AdaBoost_SMOTE+EasyEnsemble+IsolationForest,6
0.05920655999492759,1.0,0.06279733587059944,0.11817367949865712,0.8694919647485744,0.3130401324322266,301,985,0,66,0.7659409020217729,1051,XGBoost_SMOTE+ExtraTrees+GradientBoosting_SMOTE+AdaBoost_SMOTE+BalancedRandomForest,5
0.11481851396973035,1.0,0.06279733587059944,0.11817367949865712,0.8690206890051368,0.30603816778758547,301,985,0,66,0.7659409020217729,1051,XGBoost_SMOTE+RandomForest+LogisticRegression+GradientBoosting_SMOTE+AdaBoost_SMOTE+EasyEnsemble+IsolationForest,7
0.09470671603102081,1.0,0.06279733587059944,0.11817367949865712,0.8668646024789104,0.3074942976842839,301,985,0,66,0.7659409020217729,1051,GradientBoosting_SMOTE+AdaBoost_SMOTE+BalancedRandomForest,3
0.0011682940078598855,1.0,0.06279733587059944,0.11817367949865712,0.86170413308827,0.3232243193102113,301,985,0,66,0.7659409020217729,1051,XGBoost+LightGBM+LogisticRegression,3
0.004103189359787106,1.0,0.06273764258555133,0.11806797853309481,0.8714595409774258,0.33819987017777237,300,986,0,66,0.7667185069984448,1052,XGBoost+LightGBM+RandomForest+ExtraTrees+LogisticRegression+GradientBoosting_SMOTE,6
0.09817465590181698,1.0,0.06273764258555133,0.11806797853309481,0.8713770677223244,0.3347051495741013,300,986,0,66,0.7667185069984448,1052,XGBoost+LightGBM+RandomForest+ExtraTrees+LogisticRegression+AdaBoost_SMOTE+EasyEnsemble+IsolationForest,8
0.09035918418746064,1.0,0.06273764258555133,0.11806797853309481,0.8711060841698478,0.3337626472457397,300,986,0,66,0.7667185069984448,1052,XGBoost+LightGBM+XGBoost_SMOTE+ExtraTrees+LogisticRegression+GradientBoosting_SMOTE+AdaBoost_SMOTE+EasyEnsemble+IsolationForest,9
0.09957762565479655,1.0,0.06273764258555133,0.11806797853309481,0.8710353928083321,0.342495669369034,300,986,0,66,0.7667185069984448,1052,XGBoost+LightGBM+ExtraTrees+LogisticRegression+GradientBoosting_SMOTE+AdaBoost_SMOTE+EasyEnsemble+IsolationForest,8
0.08980362863190511,1.0,0.06273764258555133,0.11806797853309481,0.8705994627456526,0.32702104335346294,300,986,0,66,0.7667185069984448,1052,XGBoost+LightGBM+XGBoost_SMOTE+RandomForest+LogisticRegression+GradientBoosting_SMOTE+AdaBoost_SMOTE+EasyEnsemble+IsolationForest,9
0.07165503702326559,1.0,0.06273764258555133,0.11806797853309481,0.8705758989584806,0.3306721868425027,300,986,0,66,0.7667185069984448,1052,ExtraTrees+GradientBoosting_SMOTE+AdaBoost_SMOTE+BalancedRandomForest,4
0.1014031927278026,1.0,0.06273764258555133,0.11806797853309481,0.8701046232150431,0.33333663470659586,300,986,0,66,0.7667185069984448,1052,XGBoost+XGBoost_SMOTE+ExtraTrees+LogisticRegression+GradientBoosting_SMOTE+AdaBoost_SMOTE+EasyEnsemble+IsolationForest,8
0.10077819272780258,1.0,0.06273764258555133,0.11806797853309481,0.8698100758753947,0.32153286407120685,300,986,0,66,0.7667185069984448,1052,XGBoost+XGBoost_SMOTE+RandomForest+LogisticRegression+GradientBoosting_SMOTE+AdaBoost_SMOTE+EasyEnsemble+IsolationForest,8
0.11344643731486632,1.0,0.06267806267806268,0.11796246648793565,0.8712121212121212,0.3430774651478387,299,987,0,66,0.7674961119751167,1053,LightGBM+ExtraTrees+LogisticRegression+GradientBoosting_SMOTE+AdaBoost_SMOTE+EasyEnsemble+IsolationForest,7
0.12881688386337128,1.0,0.06267806267806268,0.11796246648793565,0.8694919647485744,0.34738109763702585,299,987,0,66,0.7674961119751167,1053,LightGBM+ExtraTrees+LogisticRegression+AdaBoost_SMOTE+EasyEnsemble+IsolationForest,6
0.11207327937557159,1.0,0.06261859582542695,0.11785714285714285,0.871247466892879,0.3279634591251075,298,988,0,66,0.7682737169517885,1054,LightGBM+XGBoost_SMOTE+RandomForest+LogisticRegression+AdaBoost_SMOTE+EasyEnsemble+IsolationForest,7
0.13201965755655654,1.0,0.06261859582542695,0.11785714285714285,0.869550874216504,0.32838031615947577,298,988,0,66,0.7682737169517885,1054,ExtraTrees+LogisticRegression+GradientBoosting_SMOTE+AdaBoost_SMOTE+EasyEnsemble+IsolationForest,6
0.12889835522496848,1.0,0.06261859582542695,0.11785714285714285,0.8682313021348791,0.34514072801036094,298,988,0,66,0.7682737169517885,1054,XGBoost+ExtraTrees+LogisticRegression+AdaBoost_SMOTE+EasyEnsemble+IsolationForest,6
0.15417883746310052,1.0,0.06261859582542695,0.11785714285714285,0.8671591498185588,0.32814172893750687,298,988,0,66,0.7682737169517885,1054,ExtraTrees+LogisticRegression+AdaBoost_SMOTE+EasyEnsemble+IsolationForest,5
0.0993470121656706,1.0,0.06255924170616113,0.11775200713648529,0.8732268250153165,0.333577996960327,297,989,0,66,0.7690513219284604,1055,LightGBM+RandomForest+ExtraTrees+LogisticRegression+GradientBoosting_SMOTE+AdaBoost_SMOTE+BalancedRandomForest+EasyEnsemble+IsolationForest,9
0.11151106657195466,1.0,0.06255924170616113,0.11775200713648529,0.8726966398039493,0.32231078990319784,297,989,0,66,0.7690513219284604,1055,RandomForest+ExtraTrees+LogisticRegression+GradientBoosting_SMOTE+AdaBoost_SMOTE+BalancedRandomForest+EasyEnsemble+IsolationForest,8
0.11351626991052106,1.0,0.06255924170616113,0.11775200713648529,0.8704934257033791,0.34565747917575856,297,989,0,66,0.7690513219284604,1055,XGBoost+ExtraTrees+LogisticRegression+GradientBoosting_SMOTE+AdaBoost_SMOTE+EasyEnsemble+IsolationForest,7
0.13041763996071265,1.0,0.06255924170616113,0.11775200713648529,0.8696804750459494,0.3133057555261647,297,989,0,66,0.7690513219284604,1055,XGBoost_SMOTE+RandomForest+LogisticRegression+AdaBoost_SMOTE+EasyEnsemble+IsolationForest,6
0.11077103531636226,1.0,0.06255924170616113,0.11775200713648529,0.8696451293651916,0.3494226684883346,297,989,0,66,0.7690513219284604,1055,XGBoost+LightGBM+ExtraTrees+LogisticRegression+AdaBoost_SMOTE+EasyEnsemble+IsolationForest,7
0.13118632422322318,1.0,0.06255924170616113,0.11775200713648529,0.8692445449832696,0.3161893004652884,297,989,0,66,0.7690513219284604,1055,RandomForest+LogisticRegression+GradientBoosting_SMOTE+AdaBoost_SMOTE+EasyEnsemble+IsolationForest,6
0.09031864631692468,1.0,0.0625,0.11764705882352941,0.8713888496159102,0.33335917748494576,296,990,0,66,0.7698289269051322,1056,XGBoost+LightGBM+XGBoost_SMOTE+ExtraTrees+LogisticRegression+GradientBoosting_SMOTE+AdaBoost_SMOTE+BalancedRandomForest+EasyEnsemble+IsolationForest,10
0.11273215160058062,1.0,0.0625,0.11764705882352941,0.8710943022762617,0.3299260131402582,296,990,0,66,0.7698289269051322,1056,LightGBM+RandomForest+LogisticRegression+GradientBoosting_SMOTE+AdaBoost_SMOTE+EasyEnsemble+IsolationForest,7
0.04709095592157133,1.0,0.0625,0.11764705882352941,0.8709293557660587,0.32170974308154354,296,990,0,66,0.7698289269051322,1056,XGBoost+LightGBM+XGBoost_SMOTE+RandomForest+AdaBoost_SMOTE+BalancedRandomForest,6
0.11280198419623533,1.0,0.0625,0.11764705882352941,0.8698218577689807,0.32537792708461555,296,990,0,66,0.7698289269051322,1056,XGBoost+RandomForest+LogisticRegression+GradientBoosting_SMOTE+AdaBoost_SMOTE+EasyEnsemble+IsolationForest,7
0.05575914710588559,1.0,0.0625,0.11764705882352941,0.8695980017908479,0.32003605115118977,296,990,0,66,0.7698289269051322,1056,XGBoost+LightGBM+XGBoost_SMOTE+AdaBoost_SMOTE+BalancedRandomForest,5
0.005034989341401934,1.0,0.0625,0.11764705882352941,0.8599486309439653,0.32682647486090105,296,990,0,66,0.7698289269051322,1056,XGBoost+LightGBM+GradientBoosting_SMOTE,3
0.08966210052383725,1.0,0.06244087038789026,0.11754229741763135,0.8726141665488477,0.33654609448405753,295,991,0,66,0.7706065318818041,1057,XGBoost+LightGBM+RandomForest+ExtraTrees+LogisticRegression+GradientBoosting_SMOTE+AdaBoost_SMOTE+BalancedRandomForest+EasyEnsemble+IsolationForest,10
0.09940154326373858,1.0,0.06244087038789026,0.11754229741763135,0.8722607097412696,0.33001281230334856,295,991,0,66,0.7706065318818041,1057,XGBoost+RandomForest+ExtraTrees+LogisticRegression+GradientBoosting_SMOTE+AdaBoost_SMOTE+BalancedRandomForest+EasyEnsemble+IsolationForest,9
0.09997619570806787,1.0,0.06244087038789026,0.11754229741763135,0.8718483434657618,0.3377866757994608,295,991,0,66,0.7706065318818041,1057,LightGBM+XGBoost_SMOTE+ExtraTrees+LogisticRegression+GradientBoosting_SMOTE+AdaBoost_SMOTE+BalancedRandomForest+EasyEnsemble+IsolationForest,9
0.10012798736153877,1.0,0.06244087038789026,0.11754229741763135,0.8710118290211604,0.3370762454071812,295,991,0,66,0.7706065318818041,1057,XGBoost+XGBoost_SMOTE+ExtraTrees+LogisticRegression+GradientBoosting_SMOTE+AdaBoost_SMOTE+BalancedRandomForest+EasyEnsemble+IsolationForest,9
0.09837611245791367,1.0,0.06244087038789026,0.11754229741763135,0.8705641170648947,0.3263784679294826,295,991,0,66,0.7706065318818041,1057,XGBoost+LightGBM+XGBoost_SMOTE+RandomForest+LogisticRegression+AdaBoost_SMOTE+EasyEnsemble+IsolationForest,8
0.1121431119712263,1.0,0.06244087038789026,0.11754229741763135,0.8701753145765588,0.32246286144741826,295,991,0,66,0.7706065318818041,1057,XGBoost+XGBoost_SMOTE+RandomForest+LogisticRegression+AdaBoost_SMOTE+EasyEnsemble+IsolationForest,7
0.08867641200120027,1.0,0.062381852551984876,0.11743772241992882,0.8721075451246524,0.3359879436428787,294,992,0,66,0.7713841368584758,1058,XGBoost+LightGBM+XGBoost_SMOTE+RandomForest+ExtraTrees+LogisticRegression+AdaBoost_SMOTE+BalancedRandomForest+EasyEnsemble+IsolationForest,10
0.09830328256628942,1.0,0.062381852551984876,0.11743772241992882,0.8715891418068712,0.33201905471226995,294,992,0,66,0.7713841368584758,1058,XGBoost+XGBoost_SMOTE+RandomForest+ExtraTrees+LogisticRegression+AdaBoost_SMOTE+BalancedRandomForest+EasyEnsemble+IsolationForest,9
0.08244876937902244,1.0,0.062381852551984876,0.11743772241992882,0.8715184504453556,0.3297317886631561,294,992,0,66,0.7713841368584758,1058,XGBoost+LightGBM+XGBoost_SMOTE+RandomForest+ExtraTrees+LogisticRegression+GradientBoosting_SMOTE+AdaBoost_SMOTE+BalancedRandomForest+EasyEnsemble+IsolationForest,11
0.11221889805715161,1.0,0.062381852551984876,0.11743772241992882,0.8709057919788868,0.3262730712440526,294,992,0,66,0.7713841368584758,1058,XGBoost_SMOTE+ExtraTrees+LogisticRegression+GradientBoosting_SMOTE+AdaBoost_SMOTE+BalancedRandomForest+EasyEnsemble+IsolationForest,8
0.09895262565479657,1.0,0.062381852551984876,0.11743772241992882,0.8705641170648947,0.33052968005651956,294,992,0,66,0.7713841368584758,1058,XGBoost+LightGBM+RandomForest+LogisticRegression+GradientBoosting_SMOTE+AdaBoost_SMOTE+EasyEnsemble+IsolationForest,8
0.056102231722805984,1.0,0.062381852551984876,0.11743772241992882,0.8689735614307932,0.31191506461818486,294,992,0,66,0.7713841368584758,1058,XGBoost+XGBoost_SMOTE+RandomForest+AdaBoost_SMOTE+BalancedRandomForest,5
0.045938847274642064,1.0,0.06232294617563739,0.11733333333333333,0.8727437673782931,0.3326540539063088,293,993,0,66,0.7721617418351477,1059,XGBoost+LightGBM+RandomForest+ExtraTrees+AdaBoost_SMOTE+BalancedRandomForest,6
0.0903535761372611,1.0,0.06232294617563739,0.11733333333333333,0.8723903105707148,0.32834074292703636,293,993,0,66,0.7721617418351477,1059,LightGBM+XGBoost_SMOTE+RandomForest+ExtraTrees+LogisticRegression+GradientBoosting_SMOTE+AdaBoost_SMOTE+BalancedRandomForest+EasyEnsemble+IsolationForest,10
0.10016679827302365,1.0,0.06232294617563739,0.11733333333333333,0.8717423064234884,0.3175965852045645,293,993,0,66,0.7721617418351477,1059,XGBoost_SMOTE+RandomForest+ExtraTrees+LogisticRegression+GradientBoosting_SMOTE+AdaBoost_SMOTE+BalancedRandomForest+EasyEnsemble+IsolationForest,9
0.054626616729570476,1.0,0.06232294617563739,0.11733333333333333,0.8713417220415666,0.32425420841322566,293,993,0,66,0.7721617418351477,1059,XGBoost+LightGBM+RandomForest+AdaBoost_SMOTE+BalancedRandomForest,5
0.0898232657687146,1.0,0.06232294617563739,0.11733333333333333,0.8711178660634337,0.3282071794581713,293,993,0,66,0.7721617418351477,1059,XGBoost+LightGBM+XGBoost_SMOTE+RandomForest+LogisticRegression+GradientBoosting_SMOTE+AdaBoost_SMOTE+BalancedRandomForest+EasyEnsemble+IsolationForest,10
0.022240874191062472,1.0,0.06232294617563739,0.11733333333333333,0.8708822281917149,0.3260989873097655,293,993,0,66,0.7721617418351477,1059,XGBoost+LogisticRegression+GradientBoosting_SMOTE+BalancedRandomForest,4
0.0558290067465584,1.0,0.06232294617563739,0.11733333333333333,0.8708586644045431,0.31882470972572813,293,993,0,66,0.7721617418351477,1059,LightGBM+XGBoost_SMOTE+RandomForest+AdaBoost_SMOTE+BalancedRandomForest,5
0.09958061575804675,1.0,0.06232294617563739,0.11733333333333333,0.8705641170648948,0.3202556105292448,293,993,0,66,0.7721617418351477,1059,XGBoost+XGBoost_SMOTE+RandomForest+LogisticRegression+GradientBoosting_SMOTE+AdaBoost_SMOTE+BalancedRandomForest+EasyEnsemble+IsolationForest,9
0.09977908221089324,1.0,0.06232294617563739,0.11733333333333333,0.8697276026202931,0.3354586454599676,293,993,0,66,0.7721617418351477,1059,XGBoost+LightGBM+XGBoost_SMOTE+LogisticRegression+GradientBoosting_SMOTE+AdaBoost_SMOTE+EasyEnsemble+IsolationForest,8
0.06927761420434848,1.0,0.06232294617563739,0.11733333333333333,0.8681841745605353,0.30262789482380303,293,993,0,66,0.7721617418351477,1059,XGBoost_SMOTE+RandomForest+AdaBoost_SMOTE+BalancedRandomForest,4
0.10911266289752847,1.0,0.062264150943396226,0.1172291296625222,0.8723431829963711,0.3323611425762983,292,994,0,66,0.7729393468118196,1060,LightGBM+RandomForest+ExtraTrees+LogisticRegression+AdaBoost_SMOTE+BalancedRandomForest+EasyEnsemble+IsolationForest,8
0.040720819361346854,1.0,0.062264150943396226,0.1172291296625222,0.8722018002733399,0.3268731961979318,292,994,0,66,0.7729393468118196,1060,XGBoost+LightGBM+XGBoost_SMOTE+RandomForest+ExtraTrees+AdaBoost_SMOTE+BalancedRandomForest,7
0.12441345533078607,1.0,0.062264150943396226,0.1172291296625222,0.8715655780196992,0.3252439647301566,292,994,0,66,0.7729393468118196,1060,RandomForest+ExtraTrees+LogisticRegression+AdaBoost_SMOTE+BalancedRandomForest+EasyEnsemble+IsolationForest,7
0.09049018862538488,1.0,0.062264150943396226,0.1172291296625222,0.8712828125736367,0.3237135084300191,292,994,0,66,0.7729393468118196,1060,XGBoost+XGBoost_SMOTE+RandomForest+ExtraTrees+LogisticRegression+GradientBoosting_SMOTE+AdaBoost_SMOTE+BalancedRandomForest+EasyEnsemble+IsolationForest,10
0.11367667337897681,1.0,0.062264150943396226,0.1172291296625222,0.869020689005137,0.33370589833462805,292,994,0,66,0.7729393468118196,1060,LightGBM+XGBoost_SMOTE+LogisticRegression+GradientBoosting_SMOTE+AdaBoost_SMOTE+EasyEnsemble+IsolationForest,7
0.11374650597463153,1.0,0.062264150943396226,0.1172291296625222,0.8679956642631604,0.3270461591202154,292,994,0,66,0.7729393468118196,1060,XGBoost+XGBoost_SMOTE+LogisticRegression+GradientBoosting_SMOTE+AdaBoost_SMOTE+EasyEnsemble+IsolationForest,7
0.06919028965350747,1.0,0.062264150943396226,0.1172291296625222,0.8673712239031057,0.3184934614043476,292,994,0,66,0.7729393468118196,1060,XGBoost+XGBoost_SMOTE+AdaBoost_SMOTE+BalancedRandomForest,4
0.005776575263213516,1.0,0.062264150943396226,0.1172291296625222,0.8597365568594185,0.31316986450320516,292,994,0,66,0.7729393468118196,1060,XGBoost+RandomForest+GradientBoosting_SMOTE,3
0.04694083895546533,1.0,0.06220546654099906,0.11712511091393078,0.8725906027616758,0.3289385739668948,291,995,0,66,0.7737169517884914,1061,LightGBM+XGBoost_SMOTE+RandomForest+ExtraTrees+AdaBoost_SMOTE+BalancedRandomForest,6
0.054719701346490866,1.0,0.06220546654099906,0.11712511091393078,0.8721664545925821,0.3318625133651259,291,995,0,66,0.7737169517884914,1061,XGBoost+RandomForest+ExtraTrees+AdaBoost_SMOTE+BalancedRandomForest,5
0.10993911945362514,1.0,0.06220546654099906,0.11712511091393078,0.8718483434657618,0.34659572645691855,291,995,0,66,0.7737169517884914,1061,LightGBM+XGBoost_SMOTE+ExtraTrees+LogisticRegression+AdaBoost_SMOTE+BalancedRandomForest+EasyEnsemble+IsolationForest,8
0.0972663608016151,1.0,0.06220546654099906,0.11712511091393078,0.8718365615721759,0.3341485869550706,291,995,0,66,0.7737169517884914,1061,XGBoost+LightGBM+RandomForest+ExtraTrees+LogisticRegression+AdaBoost_SMOTE+BalancedRandomForest+EasyEnsemble+IsolationForest,9
0.09952630151698198,1.0,0.06220546654099906,0.11712511091393078,0.8715655780196994,0.3278969228208031,291,995,0,66,0.7737169517884914,1061,LightGBM+XGBoost_SMOTE+RandomForest+LogisticRegression+GradientBoosting_SMOTE+AdaBoost_SMOTE+BalancedRandomForest+EasyEnsemble+IsolationForest,9
0.09800098885147882,1.0,0.06220546654099906,0.11712511091393078,0.8715066685517696,0.33896767874966477,291,995,0,66,0.7737169517884914,1061,XGBoost+LightGBM+XGBoost_SMOTE+ExtraTrees+LogisticRegression+AdaBoost_SMOTE+BalancedRandomForest+EasyEnsemble+IsolationForest,9
0.04688262258823799,1.0,0.06220546654099906,0.11712511091393078,0.8713770677223244,0.3306199251964187,291,995,0,66,0.7737169517884914,1061,XGBoost+LightGBM+XGBoost_SMOTE+ExtraTrees+AdaBoost_SMOTE+BalancedRandomForest,6
0.10917376641872634,1.0,0.06220546654099906,0.11712511091393078,0.8713299401479806,0.3338345861461633,291,995,0,66,0.7737169517884914,1061,XGBoost+RandomForest+ExtraTrees+LogisticRegression+AdaBoost_SMOTE+BalancedRandomForest+EasyEnsemble+IsolationForest,8
0.11000022297482301,1.0,0.06220546654099906,0.11712511091393078,0.8710825203826759,0.34058650977812804,291,995,0,66,0.7737169517884914,1061,XGBoost+XGBoost_SMOTE+ExtraTrees+LogisticRegression+AdaBoost_SMOTE+BalancedRandomForest+EasyEnsemble+IsolationForest,8
0.047168526435671654,1.0,0.06220546654099906,0.11712511091393078,0.8709882652339884,0.3215619161935749,291,995,0,66,0.7737169517884914,1061,XGBoost+XGBoost_SMOTE+RandomForest+ExtraTrees+AdaBoost_SMOTE+BalancedRandomForest,6
0.12535797710918226,1.0,0.06220546654099906,0.11712511091393078,0.8706583722135821,0.33316029967730443,291,995,0,66,0.7737169517884914,1061,XGBoost_SMOTE+ExtraTrees+LogisticRegression+AdaBoost_SMOTE+BalancedRandomForest+EasyEnsemble+IsolationForest,7
0.06734577091196309,1.0,0.06220546654099906,0.11712511091393078,0.8700457137471135,0.3280081405745487,291,995,0,66,0.7737169517884914,1061,XGBoost+LightGBM+AdaBoost_SMOTE+BalancedRandomForest,4
0.06777462668311358,1.0,0.06220546654099906,0.11712511091393078,0.8697276026202931,0.31859433657402497,291,995,0,66,0.7737169517884914,1061,XGBoost+RandomForest+AdaBoost_SMOTE+BalancedRandomForest,4
0.0674330954628041,1.0,0.062146892655367235,0.11702127659574468,0.872013289975965,0.3265776421561405,290,996,0,66,0.7744945567651633,1062,LightGBM+RandomForest+AdaBoost_SMOTE+BalancedRandomForest,4
0.05437661672957047,1.0,0.062146892655367235,0.11702127659574468,0.8719543805080352,0.3329376846123349,290,996,0,66,0.7744945567651633,1062,XGBoost+LightGBM+ExtraTrees+AdaBoost_SMOTE+BalancedRandomForest,5
0.017923827231744526,1.0,0.062146892655367235,0.11702127659574468,0.8716716150619728,0.3341103151817561,290,996,0,66,0.7744945567651633,1062,XGBoost+LightGBM+LogisticRegression+GradientBoosting_SMOTE+BalancedRandomForest,5
0.0287469835129454,1.0,0.062146892655367235,0.11702127659574468,0.870139968895801,0.3073910131304286,290,996,0,66,0.7744945567651633,1062,LogisticRegression+GradientBoosting_SMOTE+BalancedRandomForest,3
0.13228826629801874,1.0,0.062146892655367235,0.11702127659574468,0.8671709317121448,0.30268645085035656,290,996,0,66,0.7744945567651633,1062,XGBoost_SMOTE+LogisticRegression+GradientBoosting_SMOTE+AdaBoost_SMOTE+EasyEnsemble+IsolationForest,6
0.05444647637024328,1.0,0.062088428974600186,0.11691762621789194,0.8742989773316368,0.34140727939387994,289,997,0,66,0.7752721617418351,1063,LightGBM+RandomForest+ExtraTrees+AdaBoost_SMOTE+BalancedRandomForest,5
0.09815149091281854,1.0,0.062088428974600186,0.11691762621789194,0.8723078373156133,0.3363157918341554,289,997,0,66,0.7752721617418351,1063,LightGBM+XGBoost_SMOTE+RandomForest+ExtraTrees+LogisticRegression+AdaBoost_SMOTE+BalancedRandomForest+EasyEnsemble+IsolationForest,9
0.004379317986661791,1.0,0.062088428974600186,0.11691762621789194,0.8722253640605118,0.3399053737378825,289,997,0,66,0.7752721617418351,1063,LightGBM+RandomForest+ExtraTrees+LogisticRegression+GradientBoosting_SMOTE,5
0.09851344502648583,1.0,0.062088428974600186,0.11691762621789194,0.8718836891465196,0.3372404382975657,289,997,0,66,0.7752721617418351,1063,XGBoost+LightGBM+ExtraTrees+LogisticRegression+GradientBoosting_SMOTE+AdaBoost_SMOTE+BalancedRandomForest+EasyEnsemble+IsolationForest,9
0.1101661051624961,1.0,0.062088428974600186,0.11691762621789194,0.8716951788491446,0.32137632605661337,289,997,0,66,0.7752721617418351,1063,XGBoost_SMOTE+RandomForest+ExtraTrees+LogisticRegression+AdaBoost_SMOTE+BalancedRandomForest+EasyEnsemble+IsolationForest,8
0.05592209136347879,1.0,0.062088428974600186,0.11691762621789194,0.8709882652339884,0.3188748521424941,289,997,0,66,0.7752721617418351,1063,XGBoost_SMOTE+RandomForest+ExtraTrees+AdaBoost_SMOTE+BalancedRandomForest,5
0.11171619972351407,1.0,0.062088428974600186,0.11691762621789194,0.8701399688958009,0.3105706899964094,289,997,0,66,0.7752721617418351,1063,XGBoost_SMOTE+RandomForest+LogisticRegression+GradientBoosting_SMOTE+AdaBoost_SMOTE+BalancedRandomForest+EasyEnsemble+IsolationForest,8
0.06746212668311358,1.0,0.06203007518796992,0.1168141592920354,0.8713535039351524,0.33426560325846655,288,998,0,66,0.776049766718507,1064,XGBoost+ExtraTrees+AdaBoost_SMOTE+BalancedRandomForest,4
0.1290854926048335,1.0,0.06203007518796992,0.1168141592920354,0.8688910881756916,0.3373672596215977,288,998,0,66,0.776049766718507,1064,LightGBM+XGBoost_SMOTE+LogisticRegression+AdaBoost_SMOTE+EasyEnsemble+IsolationForest,6
0.15450116795285518,1.0,0.06203007518796992,0.1168141592920354,0.8656628493331449,0.2971779097401403,288,998,0,66,0.776049766718507,1064,XGBoost_SMOTE+LogisticRegression+AdaBoost_SMOTE+EasyEnsemble+IsolationForest,5
0.02172414748332724,1.0,0.061971830985915494,0.11671087533156499,0.872378528677129,0.3306464772266275,287,999,0,66,0.7768273716951789,1065,LightGBM+LogisticRegression+GradientBoosting_SMOTE+BalancedRandomForest,4
0.11051563265050804,1.0,0.061971830985915494,0.11671087533156499,0.8723549648899571,0.341401375284532,287,999,0,66,0.7768273716951789,1065,LightGBM+ExtraTrees+LogisticRegression+GradientBoosting_SMOTE+AdaBoost_SMOTE+BalancedRandomForest+EasyEnsemble+IsolationForest,8
0.1260168493341913,1.0,0.061971830985915494,0.11671087533156499,0.8714595409774258,0.33107763026913944,287,999,0,66,0.7768273716951789,1065,ExtraTrees+LogisticRegression+GradientBoosting_SMOTE+AdaBoost_SMOTE+BalancedRandomForest+EasyEnsemble+IsolationForest,7
0.05585223172280598,1.0,0.061971830985915494,0.11671087533156499,0.8700457137471134,0.32343992422717327,287,999,0,66,0.7768273716951789,1065,XGBoost+XGBoost_SMOTE+ExtraTrees+AdaBoost_SMOTE+BalancedRandomForest,5
0.08923260164527279,1.0,0.061971830985915494,0.11671087533156499,0.86880861492059,0.30869448206319483,287,999,0,66,0.7768273716951789,1065,RandomForest+AdaBoost_SMOTE+BalancedRandomForest,3
0.0891161689108181,1.0,0.061971830985915494,0.11671087533156499,0.867889627220887,0.3221210228410355,287,999,0,66,0.7768273716951789,1065,XGBoost+AdaBoost_SMOTE+BalancedRandomForest,3
0.12916696396643068,1.0,0.061971830985915494,0.11671087533156499,0.8676422074555823,0.33210767531881213,287,999,0,66,0.7768273716951789,1065,XGBoost+XGBoost_SMOTE+LogisticRegression+AdaBoost_SMOTE+EasyEnsemble+IsolationForest,6
0.05557900674655839,1.0,0.06191369606003752,0.1166077738515901,0.8720486356567227,0.3333294549569071,286,1000,0,66,0.7776049766718507,1066,LightGBM+XGBoost_SMOTE+ExtraTrees+AdaBoost_SMOTE+BalancedRandomForest,5
0.11057673617170591,1.0,0.06191369606003752,0.1166077738515901,0.871435977190254,0.34157741741971404,286,1000,0,66,0.7776049766718507,1066,XGBoost+ExtraTrees+LogisticRegression+GradientBoosting_SMOTE+AdaBoost_SMOTE+BalancedRandomForest+EasyEnsemble+IsolationForest,8
0.10995173617170592,1.0,0.06191369606003752,0.1166077738515901,0.8712239031057072,0.32558880067901336,286,1000,0,66,0.7776049766718507,1066,XGBoost+RandomForest+LogisticRegression+GradientBoosting_SMOTE+AdaBoost_SMOTE+BalancedRandomForest+EasyEnsemble+IsolationForest,8
0.11005674960207656,1.0,0.06191369606003752,0.1166077738515901,0.8694448371742306,0.3265096896369885,286,1000,0,66,0.7776049766718507,1066,XGBoost+LightGBM+RandomForest+LogisticRegression+AdaBoost_SMOTE+EasyEnsemble+IsolationForest,7
0.12798355053003796,1.0,0.06191369606003752,0.1166077738515901,0.869197417408926,0.3288285312397209,286,1000,0,66,0.7776049766718507,1066,LightGBM+RandomForest+LogisticRegression+AdaBoost_SMOTE+EasyEnsemble+IsolationForest,6
0.11100127138047276,1.0,0.06191369606003752,0.1166077738515901,0.869173853621754,0.33765553528235714,286,1000,0,66,0.7776049766718507,1066,XGBoost+LightGBM+XGBoost_SMOTE+LogisticRegression+AdaBoost_SMOTE+EasyEnsemble+IsolationForest,7
0.1116601436054818,1.0,0.06191369606003752,0.1166077738515901,0.8689499976436214,0.33740583720199335,286,1000,0,66,0.7776049766718507,1066,XGBoost+LightGBM+LogisticRegression+GradientBoosting_SMOTE+AdaBoost_SMOTE+EasyEnsemble+IsolationForest,7
0.021872737634709052,1.0,0.061855670103092786,0.11650485436893204,0.8728851501013243,0.3249027437214462,285,1001,0,66,0.7783825816485226,1067,ExtraTrees+LogisticRegression+GradientBoosting_SMOTE+BalancedRandomForest,4
0.10989063265050805,1.0,0.061855670103092786,0.11650485436893204,0.8723549648899571,0.33135658725075906,285,1001,0,66,0.7783825816485226,1067,LightGBM+RandomForest+LogisticRegression+GradientBoosting_SMOTE+AdaBoost_SMOTE+BalancedRandomForest+EasyEnsemble+IsolationForest,8
0.018042699352849977,1.0,0.061855670103092786,0.11650485436893204,0.8719425986144493,0.3268338400109122,285,1001,0,66,0.7783825816485226,1067,XGBoost+RandomForest+LogisticRegression+GradientBoosting_SMOTE+BalancedRandomForest,5
0.09795788947093029,1.0,0.061855670103092786,0.11650485436893204,0.8718954710401055,0.33299286730055927,285,1001,0,66,0.7783825816485226,1067,XGBoost+LightGBM+RandomForest+LogisticRegression+GradientBoosting_SMOTE+AdaBoost_SMOTE+BalancedRandomForest+EasyEnsemble+IsolationForest,9
0.12327161474003254,1.0,0.061855670103092786,0.11650485436893204,0.8714124134030821,0.3473482387947155,285,1001,0,66,0.7783825816485226,1067,LightGBM+ExtraTrees+LogisticRegression+AdaBoost_SMOTE+BalancedRandomForest+EasyEnsemble+IsolationForest,7
0.1253025636199056,1.0,0.061855670103092786,0.11650485436893204,0.8711060841698478,0.31604800320786103,285,1001,0,66,0.7783825816485226,1067,RandomForest+LogisticRegression+GradientBoosting_SMOTE+AdaBoost_SMOTE+BalancedRandomForest+EasyEnsemble+IsolationForest,7
0.14348236455258376,1.0,0.061855670103092786,0.11650485436893204,0.8699632404920119,0.336425762823042,285,1001,0,66,0.7783825816485226,1067,ExtraTrees+LogisticRegression+AdaBoost_SMOTE+BalancedRandomForest+EasyEnsemble+IsolationForest,6
0.06884875843319799,1.0,0.061855670103092786,0.11650485436893204,0.8694094914934729,0.32804592511301356,285,1001,0,66,0.7783825816485226,1067,LightGBM+XGBoost_SMOTE+AdaBoost_SMOTE+BalancedRandomForest,4
0.12985417686734405,1.0,0.061855670103092786,0.11650485436893204,0.8689382157500354,0.3404944582915772,285,1001,0,66,0.7783825816485226,1067,LightGBM+LogisticRegression+GradientBoosting_SMOTE+AdaBoost_SMOTE+EasyEnsemble+IsolationForest,6
0.12993564822894124,1.0,0.061855670103092786,0.11650485436893204,0.8676657712427541,0.3339718729498781,285,1001,0,66,0.7783825816485226,1067,XGBoost+LogisticRegression+GradientBoosting_SMOTE+AdaBoost_SMOTE+EasyEnsemble+IsolationForest,6
0.15317883746310051,1.0,0.061855670103092786,0.11650485436893204,0.8668174749045667,0.3114870497572572,285,1001,0,66,0.7783825816485226,1067,RandomForest+LogisticRegression+AdaBoost_SMOTE+EasyEnsemble+IsolationForest,5
0.06754945123395459,1.0,0.06179775280898876,0.1164021164021164,0.8721900183797541,0.3287214409667717,284,1002,0,66,0.7791601866251944,1068,RandomForest+ExtraTrees+AdaBoost_SMOTE+BalancedRandomForest,4
0.10931411945362512,1.0,0.06179775280898876,0.1164021164021164,0.8714595409774258,0.3291486947377371,284,1002,0,66,0.7791601866251944,1068,LightGBM+XGBoost_SMOTE+RandomForest+LogisticRegression+AdaBoost_SMOTE+BalancedRandomForest+EasyEnsemble+IsolationForest,8
0.09744543329592324,1.0,0.06179775280898876,0.1164021164021164,0.8710236109147462,0.32888041965854753,284,1002,0,66,0.7791601866251944,1068,XGBoost+LightGBM+XGBoost_SMOTE+RandomForest+LogisticRegression+AdaBoost_SMOTE+BalancedRandomForest+EasyEnsemble+IsolationForest,9
0.10817465590181699,1.0,0.06179775280898876,0.1164021164021164,0.8710236109147461,0.3461711779769692,284,1002,0,66,0.7791601866251944,1068,XGBoost+LightGBM+ExtraTrees+LogisticRegression+AdaBoost_SMOTE+BalancedRandomForest+EasyEnsemble+IsolationForest,8
0.08866079395040545,1.0,0.06179775280898876,0.1164021164021164,0.8704227343418633,0.33531318248358527,284,1002,0,66,0.7791601866251944,1068,LightGBM+AdaBoost_SMOTE+BalancedRandomForest,3
0.12464369139489657,1.0,0.06179775280898876,0.1164021164021164,0.8703991705546915,0.3154954052965977,284,1002,0,66,0.7791601866251944,1068,XGBoost_SMOTE+RandomForest+LogisticRegression+AdaBoost_SMOTE+BalancedRandomForest+EasyEnsemble+IsolationForest,7
0.12334144733568723,1.0,0.06179775280898876,0.1164021164021164,0.870128187002215,0.3439173449330913,284,1002,0,66,0.7791601866251944,1068,XGBoost+ExtraTrees+LogisticRegression+AdaBoost_SMOTE+BalancedRandomForest+EasyEnsemble+IsolationForest,7
0.12806502189163513,1.0,0.06179775280898876,0.1164021164021164,0.868266647815637,0.32337624090906136,284,1002,0,66,0.7791601866251944,1068,XGBoost+RandomForest+LogisticRegression+AdaBoost_SMOTE+EasyEnsemble+IsolationForest,6
0.015144856026453773,1.0,0.0617399438727783,0.11629955947136564,0.8733446439511758,0.3362228209120081,283,1003,0,66,0.7799377916018663,1069,XGBoost+LightGBM+ExtraTrees+LogisticRegression+GradientBoosting_SMOTE+BalancedRandomForest,6
0.06712059546280409,1.0,0.0617399438727783,0.11629955947136564,0.8731796974409727,0.3417068031639608,283,1003,0,66,0.7799377916018663,1069,LightGBM+ExtraTrees+AdaBoost_SMOTE+BalancedRandomForest,4
0.015144856026453773,1.0,0.0617399438727783,0.11629955947136564,0.8727437673782931,0.3333870068685741,283,1003,0,66,0.7799377916018663,1069,XGBoost+LightGBM+RandomForest+LogisticRegression+GradientBoosting_SMOTE+BalancedRandomForest,6
0.018042699352849977,1.0,0.0617399438727783,0.11629955947136564,0.8727437673782931,0.33397788334889567,283,1003,0,66,0.7799377916018663,1069,XGBoost+ExtraTrees+LogisticRegression+GradientBoosting_SMOTE+BalancedRandomForest,5
0.11071708920660472,1.0,0.0617399438727783,0.11629955947136564,0.8705876808520665,0.33186387781938237,283,1003,0,66,0.7799377916018663,1069,LightGBM+XGBoost_SMOTE+LogisticRegression+GradientBoosting_SMOTE+AdaBoost_SMOTE+BalancedRandomForest+EasyEnsemble+IsolationForest,8
0.10937522297482302,1.0,0.0617399438727783,0.11629955947136564,0.8703402610867619,0.32443439585631045,283,1003,0,66,0.7799377916018663,1069,XGBoost+XGBoost_SMOTE+RandomForest+LogisticRegression+AdaBoost_SMOTE+BalancedRandomForest+EasyEnsemble+IsolationForest,8
0.00198627311270684,1.0,0.0617399438727783,0.11629955947136564,0.8661341250765824,0.3361172882778769,283,1003,0,66,0.7799377916018663,1069,XGBoost+ExtraTrees,2
0.15542358906786785,1.0,0.0617399438727783,0.11629955947136564,0.8660752156086526,0.2973280052932687,283,1003,0,66,0.7799377916018663,1069,LogisticRegression+GradientBoosting_SMOTE+AdaBoost_SMOTE+EasyEnsemble+IsolationForest,5
0.09112015227246463,1.0,0.0617399438727783,0.11629955947136564,0.865238701164051,0.3035475734417433,283,1003,0,66,0.7799377916018663,1069,XGBoost_SMOTE+AdaBoost_SMOTE+BalancedRandomForest,3
0.021872737634709052,1.0,0.0616822429906542,0.11619718309859155,0.8718836891465196,0.3218318902055735,282,1004,0,66,0.7807153965785381,1070,RandomForest+LogisticRegression+GradientBoosting_SMOTE+BalancedRandomForest,4
0.10754965590181698,1.0,0.0616822429906542,0.11619718309859155,0.870870446298129,0.3302787596659269,282,1004,0,66,0.7807153965785381,1070,XGBoost+LightGBM+RandomForest+LogisticRegression+AdaBoost_SMOTE+BalancedRandomForest+EasyEnsemble+IsolationForest,8
0.098692517520794,1.0,0.0616822429906542,0.11619718309859155,0.8705287713841369,0.33560437537313925,282,1004,0,66,0.7807153965785381,1070,XGBoost+LightGBM+XGBoost_SMOTE+LogisticRegression+GradientBoosting_SMOTE+AdaBoost_SMOTE+BalancedRandomForest+EasyEnsemble+IsolationForest,9
0.06896511420434848,1.0,0.0616822429906542,0.11619718309859155,0.8696686931523634,0.3128592303818708,282,1004,0,66,0.7807153965785381,1070,XGBoost_SMOTE+ExtraTrees+AdaBoost_SMOTE+BalancedRandomForest,4
0.1107781927278026,1.0,0.0616822429906542,0.11619718309859155,0.869574438003676,0.3297692739640935,282,1004,0,66,0.7807153965785381,1070,XGBoost+XGBoost_SMOTE+LogisticRegression+GradientBoosting_SMOTE+AdaBoost_SMOTE+BalancedRandomForest+EasyEnsemble+IsolationForest,8
0.1262470853983018,1.0,0.0616822429906542,0.11619718309859155,0.869197417408926,0.3163658451230325,282,1004,0,66,0.7807153965785381,1070,XGBoost_SMOTE+LogisticRegression+GradientBoosting_SMOTE+AdaBoost_SMOTE+BalancedRandomForest+EasyEnsemble+IsolationForest,7
0.13197390246790916,1.0,0.0616822429906542,0.11619718309859155,0.8648498986757152,0.3035892036392372,282,1004,0,66,0.7807153965785381,1070,AdaBoost_SMOTE+BalancedRandomForest,2
0.017629317986661792,1.0,0.061567164179104475,0.11599297012302284,0.8740751213535038,0.3395998588219367,280,1006,0,66,0.7822706065318819,1072,LightGBM+ExtraTrees+LogisticRegression+GradientBoosting_SMOTE+BalancedRandomForest,5
0.1225573290257468,1.0,0.061567164179104475,0.11599297012302284,0.8711414298506056,0.3305105269187047,280,1006,0,66,0.7822706065318819,1072,LightGBM+RandomForest+LogisticRegression+AdaBoost_SMOTE+BalancedRandomForest+EasyEnsemble+IsolationForest,7
0.12262716162140154,1.0,0.061567164179104475,0.11599297012302284,0.8700810594278713,0.3301687329319235,280,1006,0,66,0.7822706065318819,1072,XGBoost+RandomForest+LogisticRegression+AdaBoost_SMOTE+BalancedRandomForest+EasyEnsemble+IsolationForest,7
0.0076476581761559855,1.0,0.061567164179104475,0.11599297012302284,0.8581224374381451,0.30790865033361964,280,1006,0,66,0.7822706065318819,1072,RandomForest+GradientBoosting_SMOTE,2
0.017629317986661792,1.0,0.06150978564771668,0.11589113257243196,0.8736156275036523,0.3345638847250579,279,1007,0,66,0.7830482115085536,1073,LightGBM+RandomForest+LogisticRegression+GradientBoosting_SMOTE+BalancedRandomForest,5
0.015243916127374982,1.0,0.06150978564771668,0.11589113257243196,0.8735684999293086,0.334651639905758,279,1007,0,66,0.7830482115085536,1073,XGBoost+RandomForest+ExtraTrees+LogisticRegression+GradientBoosting_SMOTE+BalancedRandomForest,6
0.08881593497860611,1.0,0.06150978564771668,0.11589113257243196,0.8708468825109571,0.3376538919905181,279,1007,0,66,0.7830482115085536,1073,ExtraTrees+AdaBoost_SMOTE+BalancedRandomForest,3
0.14264903121925043,1.0,0.06150978564771668,0.11589113257243196,0.8690324708987229,0.3082367127198062,279,1007,0,66,0.7830482115085536,1073,RandomForest+LogisticRegression+AdaBoost_SMOTE+BalancedRandomForest+EasyEnsemble+IsolationForest,6
0.15158026063604554,1.0,0.061452513966480445,0.11578947368421053,0.8662048164380979,0.3381168574939471,278,1008,0,66,0.7838258164852255,1074,LightGBM+LogisticRegression+AdaBoost_SMOTE+EasyEnsemble+IsolationForest,5
0.18897354682887563,1.0,0.061452513966480445,0.11578947368421053,0.8605612894104341,0.26234460788488506,278,1008,0,66,0.7838258164852255,1074,LogisticRegression+AdaBoost_SMOTE+EasyEnsemble+IsolationForest,4
0.12416072302915206,1.0,0.061395348837209304,0.11568799298860649,0.8712945944672229,0.3377468245921629,277,1009,0,66,0.7846034214618973,1075,LightGBM+LogisticRegression+GradientBoosting_SMOTE+AdaBoost_SMOTE+BalancedRandomForest+EasyEnsemble+IsolationForest,7
0.10895262565479658,1.0,0.061395348837209304,0.11568799298860649,0.8707997549366134,0.33862031256193453,277,1009,0,66,0.7846034214618973,1075,XGBoost+LightGBM+LogisticRegression+GradientBoosting_SMOTE+AdaBoost_SMOTE+BalancedRandomForest+EasyEnsemble+IsolationForest,8
0.12423055562480677,1.0,0.061395348837209304,0.11568799298860649,0.8704227343418635,0.3407129387336866,277,1009,0,66,0.7846034214618973,1075,XGBoost+LogisticRegression+GradientBoosting_SMOTE+AdaBoost_SMOTE+BalancedRandomForest+EasyEnsemble+IsolationForest,7
0.123501850804143,1.0,0.061395348837209304,0.11568799298860649,0.8703638248739337,0.335163032425261,277,1009,0,66,0.7846034214618973,1075,LightGBM+XGBoost_SMOTE+LogisticRegression+AdaBoost_SMOTE+BalancedRandomForest+EasyEnsemble+IsolationForest,7
0.10837611245791365,1.0,0.061395348837209304,0.11568799298860649,0.8702106602573165,0.3371000789450043,277,1009,0,66,0.7846034214618973,1075,XGBoost+LightGBM+XGBoost_SMOTE+LogisticRegression+AdaBoost_SMOTE+BalancedRandomForest+EasyEnsemble+IsolationForest,8
0.14451965755655652,1.0,0.061395348837209304,0.11568799298860649,0.8695744380036761,0.31354796771600263,277,1009,0,66,0.7846034214618973,1075,LogisticRegression+GradientBoosting_SMOTE+AdaBoost_SMOTE+BalancedRandomForest+EasyEnsemble+IsolationForest,6
0.15167802626996213,1.0,0.061395348837209304,0.11568799298860649,0.8652033554832933,0.3339619066417626,277,1009,0,66,0.7846034214618973,1075,XGBoost+LogisticRegression+AdaBoost_SMOTE+EasyEnsemble+IsolationForest,5
0.12357168339979774,1.0,0.06133828996282528,0.11558669001751314,0.86956265611009,0.33629852977914215,276,1010,0,66,0.7853810264385692,1076,XGBoost+XGBoost_SMOTE+LogisticRegression+AdaBoost_SMOTE+BalancedRandomForest+EasyEnsemble+IsolationForest,7
0.0235845515714638,1.0,0.06133828996282528,0.11558669001751314,0.8687732692398322,0.3260603039530128,276,1010,0,66,0.7853810264385692,1076,XGBoost+LogisticRegression+BalancedRandomForest,3
0.126732874535756,1.0,0.06133828996282528,0.11558669001751314,0.8673476601159338,0.34190582910589346,276,1010,0,66,0.7853810264385692,1076,XGBoost+LightGBM+LogisticRegression+AdaBoost_SMOTE+EasyEnsemble+IsolationForest,6
0.017748190107767244,1.0,0.06128133704735376,0.11548556430446194,0.874063339459918,0.3261466236729412,275,1011,0,66,0.786158631415241,1077,RandomForest+ExtraTrees+LogisticRegression+GradientBoosting_SMOTE+BalancedRandomForest,5
0.013159876594103235,1.0,0.06128133704735376,0.11548556430446194,0.8739808662048165,0.33759994551782774,275,1011,0,66,0.786158631415241,1077,XGBoost+LightGBM+RandomForest+ExtraTrees+LogisticRegression+GradientBoosting_SMOTE+BalancedRandomForest,7
0.14375097329404599,1.0,0.06128133704735376,0.11548556430446194,0.8683609029643244,0.3120005409124828,275,1011,0,66,0.786158631415241,1077,XGBoost_SMOTE+LogisticRegression+AdaBoost_SMOTE+BalancedRandomForest+EasyEnsemble+IsolationForest,6
0.034015554244488856,1.0,0.061224489795918366,0.11538461538461539,0.8666760921815354,0.2984620048246501,274,1012,0,66,0.7869362363919129,1078,LogisticRegression+BalancedRandomForest,2
0.12148532103064798,1.0,0.061167747914735865,0.11528384279475982,0.8694919647485744,0.3445042453812352,273,1013,0,66,0.7877138413685848,1079,XGBoost+LightGBM+LogisticRegression+AdaBoost_SMOTE+BalancedRandomForest+EasyEnsemble+IsolationForest,7
0.14131688386337127,1.0,0.061167747914735865,0.11528384279475982,0.8691267260474104,0.341820782548178,273,1013,0,66,0.7877138413685848,1079,LightGBM+LogisticRegression+AdaBoost_SMOTE+BalancedRandomForest+EasyEnsemble+IsolationForest,6
0.14139835522496846,1.0,0.061167747914735865,0.11528384279475982,0.8681723926669493,0.34052946157569547,273,1013,0,66,0.7877138413685848,1079,XGBoost+LogisticRegression+AdaBoost_SMOTE+BalancedRandomForest+EasyEnsemble+IsolationForest,6
0.16917883746310053,1.0,0.061167747914735865,0.11528384279475982,0.8663344172675432,0.2902089729953942,273,1013,0,66,0.7877138413685848,1079,LogisticRegression+AdaBoost_SMOTE+BalancedRandomForest+EasyEnsemble+IsolationForest,5
0.014899431655551493,1.0,0.06111111111111111,0.11518324607329843,0.8748409444365899,0.3406645533485333,272,1014,0,66,0.7884914463452566,1080,LightGBM+RandomForest+ExtraTrees+LogisticRegression+GradientBoosting_SMOTE+BalancedRandomForest,6
0.017852323527216035,1.0,0.06111111111111111,0.11518324607329843,0.8704109524482775,0.33085170566046546,272,1014,0,66,0.7884914463452566,1080,XGBoost+LightGBM+LogisticRegression+BalancedRandomForest,4
0.015628378958475613,1.0,0.06111111111111111,0.11518324607329843,0.8657571044818324,0.32152066458197565,272,1014,0,66,0.7884914463452566,1080,XGBoost+LightGBM+XGBoost_SMOTE+RandomForest+GradientBoosting_SMOTE+BalancedRandomForest,6
0.0008894493221305311,1.0,0.06105457909343201,0.11508282476024412,0.8554479475941374,0.31512409462407137,271,1015,0,66,0.7892690513219285,1081,XGBoost+LogisticRegression,2
0.018347139367091127,1.0,0.06099815157116451,0.11498257839721254,0.864331495357934,0.31304799256180194,270,1016,0,66,0.7900466562986003,1082,XGBoost+XGBoost_SMOTE+RandomForest+GradientBoosting_SMOTE+BalancedRandomForest,5
0.018000913678597845,1.0,0.060941828254847646,0.11488250652741515,0.87069371789434,0.3277602369193069,269,1017,0,66,0.7908242612752722,1083,XGBoost+RandomForest+LogisticRegression+BalancedRandomForest,4
0.013752896250121953,1.0,0.060941828254847646,0.11488250652741515,0.8673830057966917,0.3279070194876134,269,1017,0,66,0.7908242612752722,1083,XGBoost+LightGBM+XGBoost_SMOTE+RandomForest+ExtraTrees+GradientBoosting_SMOTE+BalancedRandomForest,7
0.01687152437385562,1.0,0.060941828254847646,0.11488250652741515,0.8656510674395589,0.32809181112518015,269,1017,0,66,0.7908242612752722,1083,XGBoost+LightGBM+RandomForest+GradientBoosting_SMOTE+BalancedRandomForest,5
0.018000913678597845,1.0,0.06088560885608856,0.11478260869565217,0.8716951788491446,0.3399693691750505,268,1018,0,66,0.7916018662519441,1084,XGBoost+ExtraTrees+LogisticRegression+BalancedRandomForest,4
0.014476270311546349,1.0,0.06088560885608856,0.11478260869565217,0.8677835901786135,0.3341079773710028,268,1018,0,66,0.7916018662519441,1084,XGBoost+LightGBM+RandomForest+ExtraTrees+GradientBoosting_SMOTE+BalancedRandomForest,6
0.018073914390843538,1.0,0.06088560885608856,0.11478260869565217,0.8661930345445119,0.3215556455694113,268,1018,0,66,0.7916018662519441,1084,LightGBM+XGBoost_SMOTE+RandomForest+GradientBoosting_SMOTE+BalancedRandomForest,5
0.014531858821772829,1.0,0.060829493087557605,0.11468288444830582,0.8718483434657618,0.3309615088338279,267,1019,0,66,0.7923794712286159,1085,XGBoost+LightGBM+RandomForest+LogisticRegression+BalancedRandomForest,5
0.014531858821772829,1.0,0.06077348066298342,0.11458333333333333,0.8726141665488477,0.3436296210827574,266,1020,0,66,0.7931570762052877,1086,XGBoost+LightGBM+ExtraTrees+LogisticRegression+BalancedRandomForest,5
0.01696460899077601,1.0,0.06077348066298342,0.11458333333333333,0.867135586031387,0.32976786361170907,266,1020,0,66,0.7931570762052877,1086,XGBoost+RandomForest+ExtraTrees+GradientBoosting_SMOTE+BalancedRandomForest,5
0.015705949472575937,1.0,0.06077348066298342,0.11458333333333333,0.8665347094585041,0.3200719799250116,266,1020,0,66,0.7931570762052877,1086,XGBoost+XGBoost_SMOTE+RandomForest+ExtraTrees+GradientBoosting_SMOTE+BalancedRandomForest,6
0.018004054750170733,1.0,0.06077348066298342,0.11458333333333333,0.8649323719308167,0.3236776377762733,266,1020,0,66,0.7931570762052877,1086,XGBoost+LightGBM+XGBoost_SMOTE+GradientBoosting_SMOTE+BalancedRandomForest,5
0.023093702829659234,1.0,0.06071757129714812,0.11448395490026018,0.8715302323389416,0.3313608029062255,265,1021,0,66,0.7939346811819595,1087,ExtraTrees+LogisticRegression+BalancedRandomForest,3
0.02289558262781682,1.0,0.06071757129714812,0.11448395490026018,0.8703638248739337,0.33300880537910443,265,1021,0,66,0.7939346811819595,1087,LightGBM+LogisticRegression+BalancedRandomForest,3
0.015420045625142279,1.0,0.06071757129714812,0.11448395490026018,0.8670531127762855,0.33176771323269316,265,1021,0,66,0.7939346811819595,1087,XGBoost+LightGBM+XGBoost_SMOTE+ExtraTrees+GradientBoosting_SMOTE+BalancedRandomForest,6
0.02058076123847001,1.0,0.06071757129714812,0.11448395490026018,0.8645317875488949,0.3190316539925407,265,1021,0,66,0.7939346811819595,1087,XGBoost+RandomForest+GradientBoosting_SMOTE+BalancedRandomForest,4
0.021996424208863906,1.0,0.06071757129714812,0.11448395490026018,0.863377161977473,0.31658227520601623,265,1021,0,66,0.7939346811819595,1087,XGBoost+XGBoost_SMOTE+GradientBoosting_SMOTE+BalancedRandomForest,4
0.01669138401452842,1.0,0.06066176470588235,0.11438474870017332,0.8686554503039728,0.33664696384389614,264,1022,0,66,0.7947122861586314,1088,LightGBM+RandomForest+ExtraTrees+GradientBoosting_SMOTE+BalancedRandomForest,5
0.02208374875970491,1.0,0.06066176470588235,0.11438474870017332,0.8636717093171214,0.30673987960069576,264,1022,0,66,0.7947122861586314,1088,XGBoost_SMOTE+RandomForest+GradientBoosting_SMOTE+BalancedRandomForest,4
0.023093702829659234,1.0,0.06060606060606061,0.11428571428571428,0.8699632404920119,0.3162570892184491,263,1023,0,66,0.7954898911353032,1089,RandomForest+LogisticRegression+BalancedRandomForest,3
0.015478261992369615,1.0,0.06060606060606061,0.11428571428571428,0.8676068617748244,0.3277790167372375,263,1023,0,66,0.7954898911353032,1089,LightGBM+XGBoost_SMOTE+RandomForest+ExtraTrees+GradientBoosting_SMOTE+BalancedRandomForest,6
0.020239230018160526,1.0,0.060550458715596334,0.11418685121107267,0.8666289646071917,0.32843438537500397,262,1024,0,66,0.7962674961119751,1090,LightGBM+RandomForest+GradientBoosting_SMOTE+BalancedRandomForest,4
0.018097139367091127,1.0,0.060550458715596334,0.11418685121107267,0.8656981950139027,0.32242979589000575,262,1024,0,66,0.7962674961119751,1090,XGBoost+XGBoost_SMOTE+ExtraTrees+GradientBoosting_SMOTE+BalancedRandomForest,5
0.02015190546731952,1.0,0.060550458715596334,0.11418685121107267,0.8649559357179887,0.32706679503527963,262,1024,0,66,0.7962674961119751,1090,XGBoost+LightGBM+GradientBoosting_SMOTE+BalancedRandomForest,4
0.014650730942878276,1.0,0.06049495875343722,0.11408815903197926,0.8729911871435977,0.33682797516917407,261,1025,0,66,0.797045101088647,1091,XGBoost+RandomForest+ExtraTrees+LogisticRegression+BalancedRandomForest,5
0.017484186970862615,1.0,0.06043956043956044,0.11398963730569948,0.8719661624016212,0.32983705979681727,260,1026,0,66,0.7978227060653188,1092,LightGBM+RandomForest+LogisticRegression+BalancedRandomForest,4
0.05600314783422871,1.0,0.06043956043956044,0.11398963730569948,0.8711178660634338,0.32731158514022934,260,1026,0,66,0.7978227060653188,1092,LightGBM+XGBoost_SMOTE+RandomForest+ExtraTrees+LogisticRegression+GradientBoosting_SMOTE+AdaBoost_SMOTE+BalancedRandomForest+IsolationForest,9
0.017484186970862615,1.0,0.06038426349496798,0.11389128559102675,0.8733682077383477,0.34080475331544535,259,1027,0,66,0.7986003110419907,1093,LightGBM+ExtraTrees+LogisticRegression+BalancedRandomForest,4
0.05065242745423666,1.0,0.06038426349496798,0.11389128559102675,0.8703520429803479,0.32885745774465797,259,1027,0,66,0.7986003110419907,1093,XGBoost+LightGBM+XGBoost_SMOTE+RandomForest+ExtraTrees+LogisticRegression+GradientBoosting_SMOTE+AdaBoost_SMOTE+BalancedRandomForest+IsolationForest,10
0.004476470891313599,1.0,0.06038426349496798,0.11389128559102675,0.8677128988170979,0.3320808331043424,259,1027,0,66,0.7986003110419907,1093,XGBoost+ExtraTrees+LogisticRegression+GradientBoosting_SMOTE,4
0.018166999007763928,1.0,0.06038426349496798,0.11389128559102675,0.8662637259060277,0.32028713775558504,259,1027,0,66,0.7986003110419907,1093,XGBoost_SMOTE+RandomForest+ExtraTrees+GradientBoosting_SMOTE+BalancedRandomForest,5
0.0015427285399621437,1.0,0.06038426349496798,0.11389128559102675,0.8661341250765823,0.3341990305297871,259,1027,0,66,0.7986003110419907,1093,XGBoost+LightGBM+ExtraTrees,3
0.02619101498462668,1.0,0.06038426349496798,0.11389128559102675,0.863377161977473,0.3173310011209495,259,1027,0,66,0.7986003110419907,1093,XGBoost+GradientBoosting_SMOTE+BalancedRandomForest,3
0.01231821568481069,1.0,0.0603290676416819,0.11379310344827587,0.8735331542485508,0.3396237312472903,258,1028,0,66,0.7993779160186625,1094,XGBoost+LightGBM+RandomForest+ExtraTrees+LogisticRegression+BalancedRandomForest,6
0.06275265183041664,1.0,0.0603290676416819,0.11379310344827587,0.8703991705546915,0.3156749145212319,258,1028,0,66,0.7993779160186625,1094,XGBoost_SMOTE+RandomForest+ExtraTrees+LogisticRegression+GradientBoosting_SMOTE+AdaBoost_SMOTE+BalancedRandomForest+IsolationForest,8
0.01662152437385562,1.0,0.0603290676416819,0.11379310344827587,0.8672062773929026,0.3341155284827606,258,1028,0,66,0.7993779160186625,1094,XGBoost+LightGBM+ExtraTrees+GradientBoosting_SMOTE+BalancedRandomForest,5
0.020355585789311015,1.0,0.0603290676416819,0.11379310344827587,0.8669352938404261,0.32608759817420596,258,1028,0,66,0.7993779160186625,1094,RandomForest+ExtraTrees+GradientBoosting_SMOTE+BalancedRandomForest,4
0.02165489298855442,1.0,0.0603290676416819,0.11379310344827587,0.8649323719308167,0.31910403712797275,258,1028,0,66,0.7993779160186625,1094,LightGBM+XGBoost_SMOTE+GradientBoosting_SMOTE+BalancedRandomForest,4
0.02630744771908135,1.0,0.0603290676416819,0.11379310344827587,0.8642608039964182,0.31542193637748484,258,1028,0,66,0.7993779160186625,1094,RandomForest+GradientBoosting_SMOTE+BalancedRandomForest,3
0.017632777122244425,1.0,0.06027397260273973,0.11369509043927649,0.8728615863141524,0.33102890356241493,257,1029,0,66,0.8001555209953344,1095,RandomForest+ExtraTrees+LogisticRegression+BalancedRandomForest,4
0.05605746207529348,1.0,0.06027397260273973,0.11369509043927649,0.8700574956406993,0.32261117358633123,257,1029,0,66,0.8001555209953344,1095,XGBoost+XGBoost_SMOTE+RandomForest+ExtraTrees+LogisticRegression+GradientBoosting_SMOTE+AdaBoost_SMOTE+BalancedRandomForest+IsolationForest,9
0.005375661640331111,1.0,0.06027397260273973,0.11369509043927649,0.8658749234176917,0.3174262028255913,257,1029,0,66,0.8001555209953344,1095,ExtraTrees+LogisticRegression+GradientBoosting_SMOTE,3
0.017823914390843538,1.0,0.060218978102189784,0.11359724612736662,0.8670766765634573,0.32670707968062374,256,1030,0,66,0.8009331259720062,1096,LightGBM+XGBoost_SMOTE+ExtraTrees+GradientBoosting_SMOTE+BalancedRandomForest,5
0.02026826123847001,1.0,0.060218978102189784,0.11359724612736662,0.8663344172675432,0.33367109585325494,256,1030,0,66,0.8009331259720062,1096,XGBoost+ExtraTrees+GradientBoosting_SMOTE+BalancedRandomForest,4
0.028194998346273214,1.0,0.060218978102189784,0.11359724612736662,0.8616216598331684,0.2947466961666074,256,1030,0,66,0.8009331259720062,1096,XGBoost_SMOTE+GradientBoosting_SMOTE+BalancedRandomForest,3
0.0015427285399621437,1.0,0.060218978102189784,0.11359724612736662,0.8612564211320043,0.3238405099344025,256,1030,0,66,0.8009331259720062,1096,XGBoost+LightGBM+RandomForest,3
0.014237349576690091,1.0,0.0601640838650866,0.11349957007738606,0.874440360054668,0.34103203939460014,255,1031,0,66,0.8017107309486781,1097,LightGBM+RandomForest+ExtraTrees+LogisticRegression+BalancedRandomForest,5
0.025735640024214034,1.0,0.060109289617486336,0.1134020618556701,0.8658395777369339,0.32723021601819896,254,1032,0,66,0.80248833592535,1098,LightGBM+GradientBoosting_SMOTE+BalancedRandomForest,3
0.07418144247399266,1.0,0.06005459508644222,0.11330472103004292,0.8688439606013478,0.3301251630594533,253,1033,0,66,0.8032659409020217,1099,LightGBM+XGBoost_SMOTE+RandomForest+ExtraTrees+LogisticRegression+GradientBoosting_SMOTE+BalancedRandomForest+EasyEnsemble+IsolationForest,9
0.08320323330015111,1.0,0.06005459508644222,0.11330472103004292,0.8682902116028088,0.3194316600567448,253,1033,0,66,0.8032659409020217,1099,XGBoost_SMOTE+RandomForest+ExtraTrees+LogisticRegression+GradientBoosting_SMOTE+BalancedRandomForest+EasyEnsemble+IsolationForest,8
0.07423575671505746,1.0,0.06005459508644222,0.11330472103004292,0.8677364626042697,0.32507891534937866,253,1033,0,66,0.8032659409020217,1099,XGBoost+XGBoost_SMOTE+RandomForest+ExtraTrees+LogisticRegression+GradientBoosting_SMOTE+BalancedRandomForest+EasyEnsemble+IsolationForest,9
0.06701289263002422,1.0,0.06,0.11320754716981132,0.8681959564541213,0.32925086157542066,252,1034,0,66,0.8040435458786936,1100,XGBoost+LightGBM+XGBoost_SMOTE+RandomForest+ExtraTrees+LogisticRegression+GradientBoosting_SMOTE+BalancedRandomForest+EasyEnsemble+IsolationForest,10
0.02177124875970491,1.0,0.06,0.11320754716981132,0.8653918657806683,0.31863985334579703,252,1034,0,66,0.8040435458786936,1100,XGBoost_SMOTE+ExtraTrees+GradientBoosting_SMOTE+BalancedRandomForest,4
0.03758617157862203,1.0,0.06,0.11320754716981132,0.8627291578302464,0.30154736076565214,252,1034,0,66,0.8040435458786936,1100,GradientBoosting_SMOTE+BalancedRandomForest,2
0.06868535094564236,1.0,0.05994550408719346,0.11311053984575835,0.8704345162354493,0.3227915432733238,251,1035,0,66,0.8048211508553654,1101,XGBoost_SMOTE+RandomForest+ExtraTrees+LogisticRegression+AdaBoost_SMOTE+BalancedRandomForest+IsolationForest,7
0.0702887449490476,1.0,0.05994550408719346,0.11311053984575835,0.8696922569395353,0.3232637287103481,251,1035,0,66,0.8048211508553654,1101,XGBoost_SMOTE+ExtraTrees+LogisticRegression+GradientBoosting_SMOTE+AdaBoost_SMOTE+BalancedRandomForest+IsolationForest,7
0.019926730018160525,1.0,0.05994550408719346,0.11311053984575835,0.868254865922051,0.33922384648965126,251,1035,0,66,0.8048211508553654,1101,LightGBM+ExtraTrees+GradientBoosting_SMOTE+BalancedRandomForest,4
0.0015012182381304608,1.0,0.05994550408719346,0.11311053984575835,0.8660869975022386,0.3344261264766325,251,1035,0,66,0.8048211508553654,1101,XGBoost+ExtraTrees+LogisticRegression,3
0.06035057156052772,1.0,0.05989110707803993,0.11301369863013698,0.8711178660634337,0.3374081306279785,250,1036,0,66,0.8055987558320373,1102,LightGBM+XGBoost_SMOTE+RandomForest+ExtraTrees+LogisticRegression+AdaBoost_SMOTE+BalancedRandomForest+IsolationForest,8
0.06175354131350729,1.0,0.05989110707803993,0.11301369863013698,0.8704109524482775,0.32772896633632354,250,1036,0,66,0.8055987558320373,1102,LightGBM+XGBoost_SMOTE+ExtraTrees+LogisticRegression+GradientBoosting_SMOTE+AdaBoost_SMOTE+BalancedRandomForest+IsolationForest,8
0.0693442231706514,1.0,0.05983680870353581,0.11291702309666382,0.8712828125736369,0.32078453494703263,249,1037,0,66,0.8063763608087092,1103,RandomForest+ExtraTrees+LogisticRegression+GradientBoosting_SMOTE+AdaBoost_SMOTE+BalancedRandomForest+IsolationForest,7
0.055169363838040726,1.0,0.05983680870353581,0.11291702309666382,0.8700928413214573,0.33541625093466215,249,1037,0,66,0.8063763608087092,1103,XGBoost+LightGBM+XGBoost_SMOTE+ExtraTrees+LogisticRegression+GradientBoosting_SMOTE+AdaBoost_SMOTE+BalancedRandomForest+IsolationForest,9
0.061814644834705175,1.0,0.05983680870353581,0.11291702309666382,0.8698336396625667,0.32695180541191865,249,1037,0,66,0.8063763608087092,1103,XGBoost+XGBoost_SMOTE+ExtraTrees+LogisticRegression+GradientBoosting_SMOTE+AdaBoost_SMOTE+BalancedRandomForest+IsolationForest,8
0.014719586118721924,1.0,0.05983680870353581,0.11291702309666382,0.8653565200999105,0.3222088717070733,249,1037,0,66,0.8063763608087092,1103,XGBoost+LightGBM+XGBoost_SMOTE+RandomForest+BalancedRandomForest,5
0.0016422047186642886,1.0,0.05983680870353581,0.11291702309666382,0.8583109477355201,0.31385544997544984,249,1037,0,66,0.8063763608087092,1103,XGBoost+RandomForest,2
0.025890781052414685,1.0,0.059782608695652176,0.11282051282051282,0.8664168905226448,0.3278098281346837,248,1038,0,66,0.807153965785381,1104,ExtraTrees+GradientBoosting_SMOTE+BalancedRandomForest,3
0.004442023126648246,1.0,0.059782608695652176,0.11282051282051282,0.8637306187850511,0.32837958129195133,248,1038,0,66,0.807153965785381,1104,LightGBM+LogisticRegression+GradientBoosting_SMOTE,3
0.06092708475741062,1.0,0.05972850678733032,0.11272416737830913,0.8718247796785898,0.3328528780832555,247,1039,0,66,0.8079315707620529,1105,LightGBM+RandomForest+ExtraTrees+LogisticRegression+GradientBoosting_SMOTE+AdaBoost_SMOTE+BalancedRandomForest+IsolationForest,8
0.01268298843226827,1.0,0.05972850678733032,0.11272416737830913,0.8675243885197229,0.3323429297359572,247,1039,0,66,0.8079315707620529,1105,XGBoost+LightGBM+XGBoost_SMOTE+RandomForest+ExtraTrees+BalancedRandomForest,6
0.05392227961317,1.0,0.059674502712477394,0.11262798634812286,0.8706819360007539,0.33485079574941357,246,1040,0,66,0.8087091757387247,1106,XGBoost+LightGBM+XGBoost_SMOTE+RandomForest+ExtraTrees+LogisticRegression+AdaBoost_SMOTE+BalancedRandomForest+IsolationForest,9
0.06041167508172559,1.0,0.059674502712477394,0.11262798634812286,0.8701988783637307,0.3321279024966615,246,1040,0,66,0.8087091757387247,1106,XGBoost+XGBoost_SMOTE+RandomForest+ExtraTrees+LogisticRegression+AdaBoost_SMOTE+BalancedRandomForest+IsolationForest,8
0.054434735788177015,1.0,0.05956678700361011,0.11243611584327087,0.8712828125736368,0.33556140467874107,244,1042,0,66,0.8102643856920684,1108,XGBoost+LightGBM+RandomForest+ExtraTrees+LogisticRegression+GradientBoosting_SMOTE+AdaBoost_SMOTE+BalancedRandomForest+IsolationForest,9
0.0609881882786085,1.0,0.05956678700361011,0.11243611584327087,0.8706465903199962,0.32999324330916063,244,1042,0,66,0.8102643856920684,1108,XGBoost+RandomForest+ExtraTrees+LogisticRegression+GradientBoosting_SMOTE+AdaBoost_SMOTE+BalancedRandomForest+IsolationForest,8
0.05886017352047618,1.0,0.05956678700361011,0.11243611584327087,0.8689146519628635,0.31428607853526797,244,1042,0,66,0.8102643856920684,1108,XGBoost_SMOTE+RandomForest+ExtraTrees+LogisticRegression+GradientBoosting_SMOTE+AdaBoost_SMOTE+IsolationForest,7
0.08080115303026217,1.0,0.05956678700361011,0.11243611584327087,0.8688675243885198,0.33816748538339075,244,1042,0,66,0.8102643856920684,1108,LightGBM+XGBoost_SMOTE+RandomForest+ExtraTrees+LogisticRegression+BalancedRandomForest+EasyEnsemble+IsolationForest,8
0.07210057425293395,1.0,0.05956678700361011,0.11243611584327087,0.8682430840284651,0.3364700496310087,244,1042,0,66,0.8102643856920684,1108,XGBoost+LightGBM+XGBoost_SMOTE+RandomForest+ExtraTrees+LogisticRegression+BalancedRandomForest+EasyEnsemble+IsolationForest,9
0.0920574440539103,1.0,0.05956678700361011,0.11243611584327087,0.8679367547952307,0.3242876316572312,244,1042,0,66,0.8102643856920684,1108,XGBoost_SMOTE+RandomForest+ExtraTrees+LogisticRegression+BalancedRandomForest+EasyEnsemble+IsolationForest,7
0.01789083841955289,1.0,0.05956678700361011,0.11243611584327087,0.8639544747631839,0.3123368300353646,244,1042,0,66,0.8102643856920684,1108,XGBoost+XGBoost_SMOTE+RandomForest+BalancedRandomForest,4
0.005827941782627198,1.0,0.05956678700361011,0.11243611584327087,0.8555186389556529,0.3103416108024436,244,1042,0,66,0.8102643856920684,1108,XGBoost+GradientBoosting_SMOTE,2
0.0517535413135073,1.0,0.059513074842200184,0.1123404255319149,0.8703402610867619,0.3276242494241113,243,1043,0,66,0.8110419906687403,1109,LightGBM+XGBoost_SMOTE+RandomForest+ExtraTrees+LogisticRegression+GradientBoosting_SMOTE+AdaBoost_SMOTE+IsolationForest,8
0.05181464483470518,1.0,0.059513074842200184,0.1123404255319149,0.8689382157500354,0.32173218958615646,243,1043,0,66,0.8110419906687403,1109,XGBoost+XGBoost_SMOTE+RandomForest+ExtraTrees+LogisticRegression+GradientBoosting_SMOTE+AdaBoost_SMOTE+IsolationForest,8
0.07261303042794097,1.0,0.059513074842200184,0.1123404255319149,0.8682902116028088,0.3353153799252772,243,1043,0,66,0.8110419906687403,1109,XGBoost+LightGBM+RandomForest+ExtraTrees+LogisticRegression+GradientBoosting_SMOTE+BalancedRandomForest+EasyEnsemble+IsolationForest,9
0.08086225655146004,1.0,0.059513074842200184,0.1123404255319149,0.8677600263914416,0.3346694173558848,243,1043,0,66,0.8110419906687403,1109,XGBoost+XGBoost_SMOTE+RandomForest+ExtraTrees+LogisticRegression+BalancedRandomForest+EasyEnsemble+IsolationForest,8
0.00377624200605145,1.0,0.059513074842200184,0.1123404255319149,0.8648263348885432,0.32945823433285265,243,1043,0,66,0.8110419906687403,1109,XGBoost+LightGBM+LogisticRegression+GradientBoosting_SMOTE,4
0.08137766622714507,1.0,0.05945945945945946,0.11224489795918367,0.8690560346858948,0.3351870322727478,242,1044,0,66,0.8118195956454122,1110,LightGBM+RandomForest+ExtraTrees+LogisticRegression+GradientBoosting_SMOTE+BalancedRandomForest+EasyEnsemble+IsolationForest,8
0.09271631627891937,1.0,0.05945945945945946,0.11224489795918367,0.8685140675809416,0.32192806240388067,242,1044,0,66,0.8118195956454122,1110,RandomForest+ExtraTrees+LogisticRegression+GradientBoosting_SMOTE+BalancedRandomForest+EasyEnsemble+IsolationForest,7
0.07334765847780468,1.0,0.05945945945945946,0.11224489795918367,0.8676657712427541,0.33700349998849777,242,1044,0,66,0.8118195956454122,1110,XGBoost+LightGBM+XGBoost_SMOTE+ExtraTrees+LogisticRegression+GradientBoosting_SMOTE+BalancedRandomForest+EasyEnsemble+IsolationForest,9
0.013337055742406808,1.0,0.05945945945945946,0.11224489795918367,0.8668292567981526,0.3343647450124364,242,1044,0,66,0.8118195956454122,1110,XGBoost+LightGBM+RandomForest+ExtraTrees+BalancedRandomForest,5
0.01754930719924341,1.0,0.05945945945945946,0.11224489795918367,0.866405108629059,0.3234430892507121,242,1044,0,66,0.8118195956454122,1110,LightGBM+XGBoost_SMOTE+RandomForest+BalancedRandomForest,4
0.014812670735642314,1.0,0.05945945945945946,0.11224489795918367,0.866393326735473,0.3236008115908543,242,1044,0,66,0.8118195956454122,1110,XGBoost+XGBoost_SMOTE+RandomForest+ExtraTrees+BalancedRandomForest,5
0.0015012182381304608,1.0,0.05945945945945946,0.11224489795918367,0.8646731702719261,0.3238735485361341,242,1044,0,66,0.8118195956454122,1110,XGBoost+RandomForest+LogisticRegression,3
0.08220412278324174,1.0,0.0594059405940594,0.11214953271028037,0.8683373391771526,0.3332423543760396,241,1045,0,66,0.812597200622084,1111,LightGBM+XGBoost_SMOTE+ExtraTrees+LogisticRegression+GradientBoosting_SMOTE+BalancedRandomForest+EasyEnsemble+IsolationForest,8
0.08143876974834297,1.0,0.0594059405940594,0.11214953271028037,0.8678424996465431,0.3337009509835137,241,1045,0,66,0.812597200622084,1111,XGBoost+RandomForest+ExtraTrees+LogisticRegression+GradientBoosting_SMOTE+BalancedRandomForest+EasyEnsemble+IsolationForest,8
0.08226522630443964,1.0,0.0594059405940594,0.11214953271028037,0.8672062773929027,0.3272812021391849,241,1045,0,66,0.812597200622084,1111,XGBoost+XGBoost_SMOTE+ExtraTrees+LogisticRegression+GradientBoosting_SMOTE+BalancedRandomForest+EasyEnsemble+IsolationForest,8
0.017461982648402406,1.0,0.0594059405940594,0.11214953271028037,0.8648970262500589,0.32322914151790805,241,1045,0,66,0.812597200622084,1111,XGBoost+LightGBM+XGBoost_SMOTE+BalancedRandomForest,4
0.01604631967800851,1.0,0.0594059405940594,0.11214953271028037,0.8646378245911683,0.3255978772681417,241,1045,0,66,0.812597200622084,1111,XGBoost+LightGBM+RandomForest+BalancedRandomForest,4
0.06754351035488883,1.0,0.05935251798561151,0.11205432937181664,0.87069371789434,0.33509411243302356,240,1046,0,66,0.8133748055987559,1112,LightGBM+XGBoost_SMOTE+ExtraTrees+LogisticRegression+AdaBoost_SMOTE+BalancedRandomForest+IsolationForest,7
0.061128541313507305,1.0,0.05935251798561151,0.11205432937181664,0.8702224421509025,0.32835999353321127,240,1046,0,66,0.8133748055987559,1112,LightGBM+XGBoost_SMOTE+RandomForest+LogisticRegression+GradientBoosting_SMOTE+AdaBoost_SMOTE+BalancedRandomForest+IsolationForest,8
0.04628047494915184,1.0,0.05935251798561151,0.11205432937181664,0.8697040388331213,0.3299511629372319,240,1046,0,66,0.8133748055987559,1112,XGBoost+LightGBM+XGBoost_SMOTE+RandomForest+ExtraTrees+LogisticRegression+GradientBoosting_SMOTE+AdaBoost_SMOTE+IsolationForest,9
0.05461380828248518,1.0,0.05935251798561151,0.11205432937181664,0.8696686931523635,0.3263167741513804,240,1046,0,66,0.8133748055987559,1112,XGBoost+LightGBM+XGBoost_SMOTE+RandomForest+LogisticRegression+GradientBoosting_SMOTE+AdaBoost_SMOTE+BalancedRandomForest+IsolationForest,9
0.014469586118721924,1.0,0.05935251798561151,0.11205432937181664,0.8670177670955276,0.3344089056030182,240,1046,0,66,0.8133748055987559,1112,XGBoost+LightGBM+XGBoost_SMOTE+ExtraTrees+BalancedRandomForest,5
0.07923492703242664,1.0,0.05929919137466307,0.11195928753180662,0.8700574956406995,0.32569442456565223,239,1047,0,66,0.8141524105754276,1113,ExtraTrees+LogisticRegression+GradientBoosting_SMOTE+AdaBoost_SMOTE+BalancedRandomForest+IsolationForest,6
0.07846624276991611,1.0,0.05929919137466307,0.11195928753180662,0.8694684009614024,0.3285959928081737,239,1047,0,66,0.8141524105754276,1113,XGBoost_SMOTE+ExtraTrees+LogisticRegression+AdaBoost_SMOTE+BalancedRandomForest+IsolationForest,6
0.061189644834705174,1.0,0.05929919137466307,0.11195928753180662,0.86918563551534,0.3194301481908869,239,1047,0,66,0.8141524105754276,1113,XGBoost+XGBoost_SMOTE+RandomForest+LogisticRegression+GradientBoosting_SMOTE+AdaBoost_SMOTE+BalancedRandomForest+IsolationForest,8
0.06957445923476188,1.0,0.05929919137466307,0.11195928753180662,0.8687497054526603,0.30902746182766333,239,1047,0,66,0.8141524105754276,1113,XGBoost_SMOTE+RandomForest+LogisticRegression+GradientBoosting_SMOTE+AdaBoost_SMOTE+BalancedRandomForest+IsolationForest,7
0.09366083805731555,1.0,0.05929919137466307,0.11195928753180662,0.8674772609453792,0.31889481834239186,239,1047,0,66,0.8141524105754276,1113,XGBoost_SMOTE+ExtraTrees+LogisticRegression+GradientBoosting_SMOTE+BalancedRandomForest+EasyEnsemble+IsolationForest,7
0.016162675449158996,1.0,0.05929919137466307,0.11195928753180662,0.8660869975022386,0.3323602346550799,239,1047,0,66,0.8141524105754276,1113,XGBoost+RandomForest+ExtraTrees+BalancedRandomForest,4
0.05941256456481624,1.0,0.059245960502693,0.11186440677966102,0.8703049154060041,0.3407110828051872,238,1048,0,66,0.8149300155520995,1114,XGBoost+LightGBM+XGBoost_SMOTE+ExtraTrees+LogisticRegression+AdaBoost_SMOTE+BalancedRandomForest+IsolationForest,8
0.06761334295054354,1.0,0.059245960502693,0.11186440677966102,0.8697982939818089,0.33058065073370835,238,1048,0,66,0.8149300155520995,1114,XGBoost+XGBoost_SMOTE+ExtraTrees+LogisticRegression+AdaBoost_SMOTE+BalancedRandomForest+IsolationForest,7
0.015821144228849515,1.0,0.059245960502693,0.11186440677966102,0.8684080305386682,0.34028794110369925,238,1048,0,66,0.8149300155520995,1114,LightGBM+RandomForest+ExtraTrees+BalancedRandomForest,4
0.01573381967800851,1.0,0.059245960502693,0.11186440677966102,0.8665347094585041,0.3387393606383321,238,1048,0,66,0.8149300155520995,1114,XGBoost+LightGBM+ExtraTrees+BalancedRandomForest,4
0.06820238257989784,1.0,0.059192825112107626,0.1117696867061812,0.8712239031057071,0.34369644583922876,237,1049,0,66,0.8157076205287714,1115,LightGBM+ExtraTrees+LogisticRegression+GradientBoosting_SMOTE+AdaBoost_SMOTE+BalancedRandomForest+IsolationForest,7
0.06659898857649263,1.0,0.059192825112107626,0.1117696867061812,0.8708586644045431,0.3346748846123813,237,1049,0,66,0.8157076205287714,1115,LightGBM+RandomForest+ExtraTrees+LogisticRegression+AdaBoost_SMOTE+BalancedRandomForest+IsolationForest,7
0.01453944575939473,1.0,0.059192825112107626,0.1117696867061812,0.8682313021348791,0.3337742987504261,237,1049,0,66,0.8157076205287714,1115,LightGBM+XGBoost_SMOTE+RandomForest+ExtraTrees+BalancedRandomForest,5
0.020716900598878662,1.0,0.059192825112107626,0.1117696867061812,0.8632593430416138,0.3191506333481187,237,1049,0,66,0.8157076205287714,1115,XGBoost+RandomForest+BalancedRandomForest,3
0.02260445122607052,1.0,0.059192825112107626,0.1117696867061812,0.8628587586596917,0.31611026173273366,237,1049,0,66,0.8157076205287714,1115,XGBoost+XGBoost_SMOTE+BalancedRandomForest,3
0.05998907776169914,1.0,0.05913978494623656,0.1116751269035533,0.8707644092558556,0.3376506206744684,236,1050,0,66,0.8164852255054432,1116,XGBoost+LightGBM+ExtraTrees+LogisticRegression+GradientBoosting_SMOTE+AdaBoost_SMOTE+BalancedRandomForest+IsolationForest,8
0.05858610800871957,1.0,0.05913978494623656,0.1116751269035533,0.8703991705546915,0.33362546603887133,236,1050,0,66,0.8164852255054432,1116,XGBoost+LightGBM+RandomForest+ExtraTrees+LogisticRegression+AdaBoost_SMOTE+BalancedRandomForest+IsolationForest,8
0.07736430069512054,1.0,0.05913978494623656,0.1116751269035533,0.8695862198972619,0.3236656875955917,236,1050,0,66,0.8164852255054432,1116,RandomForest+ExtraTrees+LogisticRegression+AdaBoost_SMOTE+BalancedRandomForest+IsolationForest,6
0.06666882117214736,1.0,0.05913978494623656,0.1116751269035533,0.8695862198972617,0.33201736104248203,236,1050,0,66,0.8164852255054432,1116,XGBoost+RandomForest+ExtraTrees+LogisticRegression+AdaBoost_SMOTE+BalancedRandomForest+IsolationForest,7
0.0644587695889158,1.0,0.05913978494623656,0.1116751269035533,0.8665347094585042,0.3303404075822324,236,1050,0,66,0.8164852255054432,1116,XGBoost+LightGBM+XGBoost_SMOTE+RandomForest+ExtraTrees+LogisticRegression+GradientBoosting_SMOTE+EasyEnsemble+IsolationForest,9
0.01757833841955289,1.0,0.05913978494623656,0.1116751269035533,0.8658042320561762,0.3299992128578487,236,1050,0,66,0.8164852255054432,1116,XGBoost+XGBoost_SMOTE+ExtraTrees+BalancedRandomForest,4
0.0012898235272160333,1.0,0.05908683974932856,0.11158072696534235,0.8689499976436212,0.33983662616584936,235,1051,0,66,0.8172628304821151,1117,XGBoost+LightGBM+ExtraTrees+LogisticRegression,4
0.09091560346315676,1.0,0.05908683974932856,0.11158072696534235,0.8681841745605354,0.33762414537349045,235,1051,0,66,0.8172628304821151,1117,LightGBM+XGBoost_SMOTE+ExtraTrees+LogisticRegression+BalancedRandomForest+EasyEnsemble+IsolationForest,7
0.07986314603455069,1.0,0.05908683974932856,0.11158072696534235,0.8677600263914416,0.33709119096716944,235,1051,0,66,0.8172628304821151,1117,XGBoost+LightGBM+XGBoost_SMOTE+ExtraTrees+LogisticRegression+BalancedRandomForest+EasyEnsemble+IsolationForest,8
0.0909854360588115,1.0,0.05908683974932856,0.11158072696534235,0.8671827136057307,0.3349192947492616,235,1051,0,66,0.8172628304821151,1117,XGBoost+XGBoost_SMOTE+ExtraTrees+LogisticRegression+BalancedRandomForest+EasyEnsemble+IsolationForest,7
0.09294655234302983,1.0,0.05908683974932856,0.11158072696534235,0.8664051086290588,0.3137098947969666,235,1051,0,66,0.8172628304821151,1117,XGBoost_SMOTE+RandomForest+LogisticRegression+GradientBoosting_SMOTE+BalancedRandomForest+EasyEnsemble+IsolationForest,7
0.01723680719924341,1.0,0.059033989266547404,0.11148648648648649,0.8679838823695745,0.33743124872237484,234,1052,0,66,0.8180404354587869,1118,LightGBM+XGBoost_SMOTE+ExtraTrees+BalancedRandomForest,4
0.08157912278324175,1.0,0.059033989266547404,0.11148648648648649,0.8674065695838635,0.32735324920326175,234,1052,0,66,0.8180404354587869,1118,LightGBM+XGBoost_SMOTE+RandomForest+LogisticRegression+GradientBoosting_SMOTE+BalancedRandomForest+EasyEnsemble+IsolationForest,8
0.07279210292224914,1.0,0.059033989266547404,0.11148648648648649,0.8671591498185589,0.3305524577730117,234,1052,0,66,0.8180404354587869,1118,XGBoost+LightGBM+XGBoost_SMOTE+RandomForest+LogisticRegression+GradientBoosting_SMOTE+BalancedRandomForest+EasyEnsemble+IsolationForest,9
0.07220412278324176,1.0,0.059033989266547404,0.11148648648648649,0.8670648946698714,0.33019204969946275,234,1052,0,66,0.8180404354587869,1118,LightGBM+XGBoost_SMOTE+RandomForest+ExtraTrees+LogisticRegression+GradientBoosting_SMOTE+EasyEnsemble+IsolationForest,8
0.10573368472956206,1.0,0.059033989266547404,0.11148648648648649,0.8668881662660823,0.3252516283560451,234,1052,0,66,0.8180404354587869,1118,XGBoost_SMOTE+ExtraTrees+LogisticRegression+BalancedRandomForest+EasyEnsemble+IsolationForest,6
0.017665662970393896,1.0,0.059033989266547404,0.11148648648648649,0.8667350016494652,0.3250742477729961,234,1052,0,66,0.8180404354587869,1118,XGBoost_SMOTE+RandomForest+ExtraTrees+BalancedRandomForest,4
0.08223226662874412,1.0,0.059033989266547404,0.11148648648648649,0.8661105612894104,0.3188605431346009,234,1052,0,66,0.8180404354587869,1118,XGBoost_SMOTE+RandomForest+ExtraTrees+LogisticRegression+GradientBoosting_SMOTE+EasyEnsemble+IsolationForest,7
0.02026152563846602,1.0,0.059033989266547404,0.11148648648648649,0.8657335406946605,0.32503836653933377,234,1052,0,66,0.8180404354587869,1118,LightGBM+RandomForest+BalancedRandomForest,3
0.009876984920993334,1.0,0.059033989266547404,0.11148648648648649,0.8490385974833875,0.2705008741232163,234,1052,0,66,0.8180404354587869,1118,GradientBoosting_SMOTE,1
0.09157447568816579,1.0,0.058981233243967826,0.11139240506329114,0.8682666478156369,0.33834873874060184,233,1053,0,66,0.8188180404354588,1119,LightGBM+ExtraTrees+LogisticRegression+GradientBoosting_SMOTE+BalancedRandomForest+EasyEnsemble+IsolationForest,7
0.08043965923143359,1.0,0.058981233243967826,0.11139240506329114,0.8676657712427542,0.33949759248758893,233,1053,0,66,0.8188180404354588,1119,XGBoost+LightGBM+ExtraTrees+LogisticRegression+GradientBoosting_SMOTE+BalancedRandomForest+EasyEnsemble+IsolationForest,8
0.09164430828382053,1.0,0.058981233243967826,0.11139240506329114,0.8668410386917386,0.3370093978345194,233,1053,0,66,0.8188180404354588,1119,XGBoost+ExtraTrees+LogisticRegression+GradientBoosting_SMOTE+BalancedRandomForest+EasyEnsemble+IsolationForest,7
0.07903668947845402,1.0,0.058981233243967826,0.11139240506329114,0.8667114378622933,0.3348655895790339,233,1053,0,66,0.8188180404354588,1119,XGBoost+LightGBM+RandomForest+ExtraTrees+LogisticRegression+BalancedRandomForest+EasyEnsemble+IsolationForest,8
0.08164022630443962,1.0,0.058981233243967826,0.11139240506329114,0.8663461991611293,0.32016630250542094,233,1053,0,66,0.8188180404354588,1119,XGBoost+XGBoost_SMOTE+RandomForest+LogisticRegression+GradientBoosting_SMOTE+BalancedRandomForest+EasyEnsemble+IsolationForest,8
0.020300233932211996,1.0,0.058981233243967826,0.11139240506329114,0.8654979028229417,0.3345901078781205,233,1053,0,66,0.8188180404354588,1119,XGBoost+ExtraTrees+BalancedRandomForest,3
0.020145092904011345,1.0,0.058981233243967826,0.11139240506329114,0.8636010179556058,0.3273440604089523,233,1053,0,66,0.8188180404354588,1119,XGBoost+LightGBM+BalancedRandomForest,3
0.06827221517555257,1.0,0.05892857142857143,0.11129848229342328,0.8699514585984259,0.33846355069932765,232,1054,0,66,0.8195956454121306,1120,XGBoost+ExtraTrees+LogisticRegression+GradientBoosting_SMOTE+AdaBoost_SMOTE+BalancedRandomForest+IsolationForest,7
0.08997108168476056,1.0,0.05892857142857143,0.11129848229342328,0.8675126066261369,0.33485628985267163,232,1054,0,66,0.8195956454121306,1120,LightGBM+RandomForest+ExtraTrees+LogisticRegression+BalancedRandomForest+EasyEnsemble+IsolationForest,7
0.10463174265476645,1.0,0.05892857142857143,0.11129848229342328,0.8663108534803713,0.3246503110577093,232,1054,0,66,0.8195956454121306,1120,RandomForest+ExtraTrees+LogisticRegression+BalancedRandomForest+EasyEnsemble+IsolationForest,6
0.0017408487418045602,1.0,0.05892857142857143,0.11129848229342328,0.8660752156086526,0.33272857706713843,232,1054,0,66,0.8195956454121306,1120,XGBoost+RandomForest+ExtraTrees,3
0.022720883960525195,1.0,0.05892857142857143,0.11129848229342328,0.8633535981903011,0.3093828794800133,232,1054,0,66,0.8195956454121306,1120,XGBoost_SMOTE+RandomForest+BalancedRandomForest,3
0.10650236899207259,1.0,0.058876003568242644,0.11120471777590564,0.8674183514774495,0.3200239349707536,231,1055,0,66,0.8203732503888025,1121,ExtraTrees+LogisticRegression+GradientBoosting_SMOTE+BalancedRandomForest+EasyEnsemble+IsolationForest,6
0.09004091428041527,1.0,0.058876003568242644,0.11120471777590564,0.8662755077996136,0.3341155809702683,231,1055,0,66,0.8203732503888025,1121,XGBoost+RandomForest+ExtraTrees+LogisticRegression+BalancedRandomForest+EasyEnsemble+IsolationForest,7
0.020416666666666666,1.0,0.058876003568242644,0.11120471777590564,0.8662755077996136,0.33538601992226036,231,1055,0,66,0.8203732503888025,1121,RandomForest+ExtraTrees+BalancedRandomForest,3
0.07226522630443963,1.0,0.058876003568242644,0.11120471777590564,0.8657453225882464,0.325152386628476,231,1055,0,66,0.8203732503888025,1121,XGBoost+XGBoost_SMOTE+RandomForest+ExtraTrees+LogisticRegression+GradientBoosting_SMOTE+EasyEnsemble+IsolationForest,8
0.022304217293858526,1.0,0.058876003568242644,0.11120471777590564,0.8656392855459729,0.3224145876991644,231,1055,0,66,0.8203732503888025,1121,XGBoost_SMOTE+ExtraTrees+BalancedRandomForest,3
0.022149076265657878,1.0,0.058876003568242644,0.11120471777590564,0.8655803760780433,0.32515142085912585,231,1055,0,66,0.8203732503888025,1121,LightGBM+XGBoost_SMOTE+BalancedRandomForest,3
0.06019053431779583,1.0,0.058823529411764705,0.1111111111111111,0.8693034544511994,0.336412829323823,230,1056,0,66,0.8211508553654744,1122,XGBoost+LightGBM+XGBoost_SMOTE+LogisticRegression+GradientBoosting_SMOTE+AdaBoost_SMOTE+BalancedRandomForest+IsolationForest,8
0.05771833292972262,1.0,0.058823529411764705,0.1111111111111111,0.8690560346858948,0.33591931165619354,230,1056,0,66,0.8211508553654744,1122,LightGBM+XGBoost_SMOTE+ExtraTrees+LogisticRegression+GradientBoosting_SMOTE+AdaBoost_SMOTE+IsolationForest,7
0.05081553431779582,1.0,0.058823529411764705,0.1111111111111111,0.8689264338564494,0.33634578428274253,230,1056,0,66,0.8211508553654744,1122,XGBoost+LightGBM+XGBoost_SMOTE+ExtraTrees+LogisticRegression+GradientBoosting_SMOTE+AdaBoost_SMOTE+IsolationForest,8
0.06700353577388887,1.0,0.058823529411764705,0.1111111111111111,0.8670413308826996,0.32339689720670556,230,1056,0,66,0.8211508553654744,1122,XGBoost_SMOTE+ExtraTrees+LogisticRegression+GradientBoosting_SMOTE+AdaBoost_SMOTE+IsolationForest,6
0.04998907776169915,1.0,0.058771148708815675,0.11101766190075694,0.8695037466421603,0.3328516138819414,229,1057,0,66,0.8219284603421462,1123,XGBoost+LightGBM+RandomForest+ExtraTrees+LogisticRegression+GradientBoosting_SMOTE+AdaBoost_SMOTE+IsolationForest,8
0.06850245123966306,1.0,0.058771148708815675,0.11101766190075694,0.8683137753899808,0.32938697855500015,229,1057,0,66,0.8219284603421462,1123,XGBoost+XGBoost_SMOTE+LogisticRegression+GradientBoosting_SMOTE+AdaBoost_SMOTE+BalancedRandomForest+IsolationForest,7
0.09083716083414464,1.0,0.058771148708815675,0.11101766190075694,0.8679367547952308,0.324785386481847,229,1057,0,66,0.8219284603421462,1123,ExtraTrees+LogisticRegression+AdaBoost_SMOTE+BalancedRandomForest+IsolationForest,5
0.05778816552537735,1.0,0.058771148708815675,0.11101766190075694,0.8677953720721995,0.33078622604538316,229,1057,0,66,0.8219284603421462,1123,XGBoost+XGBoost_SMOTE+ExtraTrees+LogisticRegression+GradientBoosting_SMOTE+AdaBoost_SMOTE+IsolationForest,7
0.056114938926317394,1.0,0.05871886120996441,0.11092436974789915,0.8706112446392384,0.336976181524542,228,1058,0,66,0.8227060653188181,1124,LightGBM+XGBoost_SMOTE+RandomForest+ExtraTrees+LogisticRegression+AdaBoost_SMOTE+IsolationForest,7
0.04941256456481624,1.0,0.05871886120996441,0.11092436974789915,0.8700810594278713,0.33373976145841094,228,1058,0,66,0.8227060653188181,1124,XGBoost+LightGBM+XGBoost_SMOTE+RandomForest+ExtraTrees+LogisticRegression+AdaBoost_SMOTE+IsolationForest,8
0.07603215333924139,1.0,0.05871886120996441,0.11092436974789915,0.86993967670484,0.3454910834542346,228,1058,0,66,0.8227060653188181,1124,LightGBM+ExtraTrees+LogisticRegression+AdaBoost_SMOTE+BalancedRandomForest+IsolationForest,6
0.05878756456481624,1.0,0.05871886120996441,0.11092436974789915,0.8697158207267073,0.3300977791172666,228,1058,0,66,0.8227060653188181,1124,XGBoost+LightGBM+XGBoost_SMOTE+RandomForest+LogisticRegression+AdaBoost_SMOTE+BalancedRandomForest+IsolationForest,8
0.056184771521972106,1.0,0.05871886120996441,0.11092436974789915,0.8696451293651916,0.33123570723617335,228,1058,0,66,0.8227060653188181,1124,XGBoost+XGBoost_SMOTE+RandomForest+ExtraTrees+LogisticRegression+AdaBoost_SMOTE+IsolationForest,7
0.06552698058139379,1.0,0.05871886120996441,0.11092436974789915,0.8694448371742307,0.33881854153278435,228,1058,0,66,0.8227060653188181,1124,XGBoost+LightGBM+ExtraTrees+LogisticRegression+AdaBoost_SMOTE+BalancedRandomForest+IsolationForest,7
0.06513290943658276,1.0,0.05871886120996441,0.11092436974789915,0.8692798906640276,0.321508044008789,228,1058,0,66,0.8227060653188181,1124,XGBoost_SMOTE+RandomForest+ExtraTrees+LogisticRegression+AdaBoost_SMOTE+IsolationForest,6
0.06843261864400835,1.0,0.05871886120996441,0.11092436974789915,0.8689735614307932,0.32894954894241896,228,1058,0,66,0.8227060653188181,1124,LightGBM+XGBoost_SMOTE+LogisticRegression+GradientBoosting_SMOTE+AdaBoost_SMOTE+BalancedRandomForest+IsolationForest,7
0.07950353577388887,1.0,0.05871886120996441,0.11092436974789915,0.8673123144351761,0.31160155107017423,228,1058,0,66,0.8227060653188181,1124,XGBoost_SMOTE+LogisticRegression+GradientBoosting_SMOTE+AdaBoost_SMOTE+BalancedRandomForest+IsolationForest,6
0.029375,1.0,0.05871886120996441,0.11092436974789915,0.8622343182996371,0.30981880059025835,228,1058,0,66,0.8227060653188181,1124,RandomForest+BalancedRandomForest,2
0.07611362470083857,1.0,0.058666666666666666,0.11083123425692695,0.8685729770488713,0.340181650505782,227,1059,0,66,0.8234836702954899,1125,XGBoost+ExtraTrees+LogisticRegression+AdaBoost_SMOTE+BalancedRandomForest+IsolationForest,6
0.0012898235272160333,1.0,0.058666666666666666,0.11083123425692695,0.8678424996465433,0.3269657379332901,227,1059,0,66,0.8234836702954899,1125,XGBoost+LightGBM+RandomForest+LogisticRegression,4
0.10329959529888733,1.0,0.058666666666666666,0.11083123425692695,0.8667821292238088,0.33502454355062183,227,1059,0,66,0.8234836702954899,1125,LightGBM+ExtraTrees+LogisticRegression+BalancedRandomForest+EasyEnsemble+IsolationForest,6
0.056773811151326424,1.0,0.0586145648312611,0.11073825503355705,0.8698336396625667,0.33228997292434864,226,1060,0,66,0.8242612752721618,1126,LightGBM+RandomForest+ExtraTrees+LogisticRegression+GradientBoosting_SMOTE+AdaBoost_SMOTE+IsolationForest,7
0.07763290943658277,1.0,0.0586145648312611,0.11073825503355705,0.8687261416654886,0.31182436194513086,226,1060,0,66,0.8242612752721618,1126,XGBoost_SMOTE+RandomForest+LogisticRegression+AdaBoost_SMOTE+BalancedRandomForest+IsolationForest,6
0.0659015936990933,1.0,0.0586145648312611,0.11073825503355705,0.8686907959847306,0.3167271602473331,226,1060,0,66,0.8242612752721618,1126,RandomForest+ExtraTrees+LogisticRegression+GradientBoosting_SMOTE+AdaBoost_SMOTE+IsolationForest,6
0.05684364374698115,1.0,0.0586145648312611,0.11073825503355705,0.868620104623215,0.3250953349502818,226,1060,0,66,0.8242612752721618,1126,XGBoost+RandomForest+ExtraTrees+LogisticRegression+GradientBoosting_SMOTE+AdaBoost_SMOTE+IsolationForest,7
0.0792381460345507,1.0,0.0586145648312611,0.11073825503355705,0.8666054008200198,0.33150639990852976,226,1060,0,66,0.8242612752721618,1126,XGBoost+LightGBM+XGBoost_SMOTE+RandomForest+LogisticRegression+BalancedRandomForest+EasyEnsemble+IsolationForest,8
0.12355809118571978,1.0,0.0586145648312611,0.11073825503355705,0.8649912813987465,0.31750787933086577,226,1060,0,66,0.8242612752721618,1126,ExtraTrees+LogisticRegression+BalancedRandomForest+EasyEnsemble+IsolationForest,5
0.029200350898317993,1.0,0.0586145648312611,0.11073825503355705,0.8618337339177152,0.31978991538287277,226,1060,0,66,0.8242612752721618,1126,XGBoost+BalancedRandomForest,2
0.0668292246406031,1.0,0.05856255545696539,0.11064543168482817,0.8700221499599416,0.3283113105646342,225,1061,0,66,0.8250388802488335,1127,LightGBM+XGBoost_SMOTE+RandomForest+LogisticRegression+AdaBoost_SMOTE+BalancedRandomForest+IsolationForest,7
0.06689905723625783,1.0,0.05856255545696539,0.11064543168482817,0.8688439606013478,0.3219173298963114,225,1061,0,66,0.8250388802488335,1127,XGBoost+XGBoost_SMOTE+RandomForest+LogisticRegression+AdaBoost_SMOTE+BalancedRandomForest+IsolationForest,7
0.019844858971799353,1.0,0.05856255545696539,0.11064543168482817,0.8680781375182618,0.34299395632672547,225,1061,0,66,0.8250388802488335,1127,LightGBM+ExtraTrees+BalancedRandomForest,3
0.08889907368966174,1.0,0.05856255545696539,0.11064543168482817,0.8661105612894104,0.3385648709297605,225,1061,0,66,0.8250388802488335,1127,XGBoost+LightGBM+ExtraTrees+LogisticRegression+BalancedRandomForest+EasyEnsemble+IsolationForest,7
0.08109042603799058,1.0,0.05856255545696539,0.11064543168482817,0.8659809604599652,0.3337925271154202,225,1061,0,66,0.8250388802488335,1127,LightGBM+XGBoost_SMOTE+ExtraTrees+LogisticRegression+GradientBoosting_SMOTE+EasyEnsemble+IsolationForest,7
0.07126611578753028,1.0,0.05856255545696539,0.11064543168482817,0.8657806682690042,0.3371232683343231,225,1061,0,66,0.8250388802488335,1127,XGBoost+LightGBM+XGBoost_SMOTE+ExtraTrees+LogisticRegression+GradientBoosting_SMOTE+EasyEnsemble+IsolationForest,8
0.10338106666048452,1.0,0.05856255545696539,0.11064543168482817,0.8650501908666761,0.33151638221993524,225,1061,0,66,0.8250388802488335,1127,XGBoost+ExtraTrees+LogisticRegression+BalancedRandomForest+EasyEnsemble+IsolationForest,6
0.09020131774887107,1.0,0.05851063829787234,0.11055276381909548,0.8673476601159338,0.32955801584809913,224,1062,0,66,0.8258164852255054,1128,LightGBM+XGBoost_SMOTE+RandomForest+LogisticRegression+BalancedRandomForest+EasyEnsemble+IsolationForest,7
0.0798146592314336,1.0,0.05851063829787234,0.11055276381909548,0.8669706395211838,0.3313910770688524,224,1062,0,66,0.8258164852255054,1128,XGBoost+LightGBM+RandomForest+LogisticRegression+GradientBoosting_SMOTE+BalancedRandomForest+EasyEnsemble+IsolationForest,8
0.08064111578753028,1.0,0.05851063829787234,0.11055276381909548,0.8664168905226448,0.32822771735761597,224,1062,0,66,0.8258164852255054,1128,XGBoost+LightGBM+XGBoost_SMOTE+LogisticRegression+GradientBoosting_SMOTE+BalancedRandomForest+EasyEnsemble+IsolationForest,8
0.08116025863364529,1.0,0.05851063829787234,0.11055276381909548,0.8649205900372308,0.33130279765925713,224,1062,0,66,0.8258164852255054,1128,XGBoost+XGBoost_SMOTE+ExtraTrees+LogisticRegression+GradientBoosting_SMOTE+EasyEnsemble+IsolationForest,7
0.03220632594078779,1.0,0.05851063829787234,0.11055276381909548,0.8614802771101372,0.2954387059143199,224,1062,0,66,0.8258164852255054,1128,XGBoost_SMOTE+BalancedRandomForest,2
0.0908601899738801,1.0,0.05845881310894597,0.11046025104602511,0.8676775531363401,0.3342306046556437,223,1063,0,66,0.8265940902021773,1129,LightGBM+RandomForest+LogisticRegression+GradientBoosting_SMOTE+BalancedRandomForest+EasyEnsemble+IsolationForest,7
0.0918047117522763,1.0,0.05845881310894597,0.11046025104602511,0.8666643102879495,0.32627316324236033,223,1063,0,66,0.8265940902021773,1129,LightGBM+XGBoost_SMOTE+LogisticRegression+GradientBoosting_SMOTE+BalancedRandomForest+EasyEnsemble+IsolationForest,7
0.0909300225695348,1.0,0.05845881310894597,0.11046025104602511,0.8663579810547151,0.32729861827739604,223,1063,0,66,0.8265940902021773,1129,XGBoost+RandomForest+LogisticRegression+GradientBoosting_SMOTE+BalancedRandomForest+EasyEnsemble+IsolationForest,7
0.09027115034452578,1.0,0.05845881310894597,0.11046025104602511,0.8661105612894104,0.32404620460355066,223,1063,0,66,0.8265940902021773,1129,XGBoost+XGBoost_SMOTE+RandomForest+LogisticRegression+BalancedRandomForest+EasyEnsemble+IsolationForest,7
0.09187454434793099,1.0,0.05845881310894597,0.11046025104602511,0.8656746312267307,0.3218796975327994,223,1063,0,66,0.8265940902021773,1129,XGBoost+XGBoost_SMOTE+LogisticRegression+GradientBoosting_SMOTE+BalancedRandomForest+EasyEnsemble+IsolationForest,7
0.028517288457699026,1.0,0.05845881310894597,0.11046025104602511,0.8649441538244028,0.3290017725300912,223,1063,0,66,0.8265940902021773,1129,LightGBM+BalancedRandomForest,2
0.09427097773353481,1.0,0.05845881310894597,0.11046025104602511,0.8643904048258636,0.3144522249358569,223,1063,0,66,0.8265940902021773,1129,XGBoost_SMOTE+ExtraTrees+LogisticRegression+GradientBoosting_SMOTE+EasyEnsemble+IsolationForest,6
0.06748809686561215,1.0,0.0584070796460177,0.11036789297658862,0.8709293557660587,0.33282044380179476,222,1064,0,66,0.8273716951788491,1130,LightGBM+RandomForest+LogisticRegression+GradientBoosting_SMOTE+AdaBoost_SMOTE+BalancedRandomForest+IsolationForest,7
0.05707387981109163,1.0,0.0584070796460177,0.11036789297658862,0.8673476601159338,0.3205910711583087,222,1064,0,66,0.8273716951788491,1130,XGBoost+XGBoost_SMOTE+RandomForest+LogisticRegression+GradientBoosting_SMOTE+AdaBoost_SMOTE+IsolationForest,7
0.1049003513962287,1.0,0.0584070796460177,0.11036789297658862,0.8659338328856214,0.31638599912899895,222,1064,0,66,0.8273716951788491,1130,XGBoost_SMOTE+RandomForest+LogisticRegression+BalancedRandomForest+EasyEnsemble+IsolationForest,6
0.059364077761699156,1.0,0.058355437665782495,0.11027568922305764,0.8702460059380743,0.33054881622037097,221,1065,0,66,0.828149300155521,1131,XGBoost+LightGBM+RandomForest+LogisticRegression+GradientBoosting_SMOTE+AdaBoost_SMOTE+BalancedRandomForest+IsolationForest,8
0.06755792946126686,1.0,0.058355437665782495,0.11027568922305764,0.8696451293651914,0.32460961190976334,221,1065,0,66,0.828149300155521,1131,XGBoost+RandomForest+LogisticRegression+GradientBoosting_SMOTE+AdaBoost_SMOTE+BalancedRandomForest+IsolationForest,7
0.057004047215436913,1.0,0.058355437665782495,0.11027568922305764,0.8682077383477073,0.3252391791126423,221,1065,0,66,0.828149300155521,1131,LightGBM+XGBoost_SMOTE+RandomForest+LogisticRegression+GradientBoosting_SMOTE+AdaBoost_SMOTE+IsolationForest,7
0.07948703203458532,1.0,0.058355437665782495,0.11027568922305764,0.8670648946698712,0.3389006392246573,221,1065,0,66,0.828149300155521,1131,LightGBM+XGBoost_SMOTE+RandomForest+ExtraTrees+LogisticRegression+EasyEnsemble+IsolationForest,7
0.10566903565873924,1.0,0.058355437665782495,0.11027568922305764,0.8663226353739574,0.31806120038475205,221,1065,0,66,0.828149300155521,1131,RandomForest+LogisticRegression+GradientBoosting_SMOTE+BalancedRandomForest+EasyEnsemble+IsolationForest,6
0.09240035139622871,1.0,0.058355437665782495,0.11027568922305764,0.8655568122908713,0.3233238406230221,221,1065,0,66,0.828149300155521,1131,XGBoost_SMOTE+RandomForest+ExtraTrees+LogisticRegression+EasyEnsemble+IsolationForest,6
0.10677097773353479,1.0,0.058355437665782495,0.11027568922305764,0.8650384089730901,0.3145986024270238,221,1065,0,66,0.828149300155521,1131,XGBoost_SMOTE+LogisticRegression+GradientBoosting_SMOTE+BalancedRandomForest+EasyEnsemble+IsolationForest,6
0.0784015936990933,1.0,0.05830388692579505,0.11018363939899833,0.8693741458127151,0.31191170146194963,220,1066,0,66,0.8289269051321928,1132,RandomForest+LogisticRegression+GradientBoosting_SMOTE+AdaBoost_SMOTE+BalancedRandomForest+IsolationForest,6
0.07519882000590807,1.0,0.05830388692579505,0.11018363939899833,0.8691031622602385,0.32964579529427707,220,1066,0,66,0.8289269051321928,1132,LightGBM+RandomForest+LogisticRegression+AdaBoost_SMOTE+BalancedRandomForest+IsolationForest,6
0.06269882000590805,1.0,0.05830388692579505,0.11018363939899833,0.8689617795372072,0.33343306162734265,220,1066,0,66,0.8289269051321928,1132,LightGBM+RandomForest+ExtraTrees+LogisticRegression+AdaBoost_SMOTE+IsolationForest,6
0.050190534317795826,1.0,0.05830388692579505,0.11018363939899833,0.86843159432584,0.32564002468391906,220,1066,0,66,0.8289269051321928,1132,XGBoost+LightGBM+XGBoost_SMOTE+RandomForest+LogisticRegression+GradientBoosting_SMOTE+AdaBoost_SMOTE+IsolationForest,8
0.07483716083414464,1.0,0.05830388692579505,0.11018363939899833,0.8666643102879495,0.3203510473945754,220,1066,0,66,0.8289269051321928,1132,RandomForest+ExtraTrees+LogisticRegression+AdaBoost_SMOTE+IsolationForest,5
0.0014695464049716079,1.0,0.05830388692579505,0.11018363939899833,0.866558273245676,0.33212643192880575,220,1066,0,66,0.8289269051321928,1132,XGBoost+LightGBM+RandomForest+ExtraTrees,4
0.08014590425959438,1.0,0.05830388692579505,0.11018363939899833,0.8662990715867854,0.33545352790877936,220,1066,0,66,0.8289269051321928,1132,LightGBM+RandomForest+ExtraTrees+LogisticRegression+GradientBoosting_SMOTE+EasyEnsemble+IsolationForest,7
0.09316903565873924,1.0,0.05830388692579505,0.11018363939899833,0.8646613883783402,0.315107939686085,220,1066,0,66,0.8289269051321928,1132,RandomForest+ExtraTrees+LogisticRegression+GradientBoosting_SMOTE+EasyEnsemble+IsolationForest,6
0.08983716083414464,1.0,0.05825242718446602,0.11009174311926606,0.8668292567981526,0.3037554823750641,219,1067,0,66,0.8297045101088647,1133,RandomForest+LogisticRegression+AdaBoost_SMOTE+BalancedRandomForest+IsolationForest,5
0.06986314603455068,1.0,0.05825242718446602,0.11009174311926606,0.8660516518214808,0.3369773767164281,219,1067,0,66,0.8297045101088647,1133,XGBoost+LightGBM+XGBoost_SMOTE+RandomForest+ExtraTrees+LogisticRegression+EasyEnsemble+IsolationForest,8
0.06481269486710808,1.0,0.0582010582010582,0.11,0.8690442527923088,0.3282208067239102,218,1068,0,66,0.8304821150855366,1134,XGBoost+LightGBM+RandomForest+LogisticRegression+AdaBoost_SMOTE+BalancedRandomForest+IsolationForest,7
0.07528029136750523,1.0,0.0582010582010582,0.11,0.8679838823695745,0.3277836755521872,218,1068,0,66,0.8304821150855366,1134,XGBoost+RandomForest+LogisticRegression+AdaBoost_SMOTE+BalancedRandomForest+IsolationForest,6
0.06617020244055553,1.0,0.0582010582010582,0.11,0.866004524247137,0.3034684484504976,218,1068,0,66,0.8304821150855366,1134,XGBoost_SMOTE+RandomForest+LogisticRegression+GradientBoosting_SMOTE+AdaBoost_SMOTE+IsolationForest,6
0.07955686463024006,1.0,0.0582010582010582,0.11,0.8655921579716291,0.33491372267284913,218,1068,0,66,0.8304821150855366,1134,XGBoost+XGBoost_SMOTE+RandomForest+ExtraTrees+LogisticRegression+EasyEnsemble+IsolationForest,7
0.08818478797537603,1.0,0.0582010582010582,0.11,0.8655685941844574,0.3298721331737882,218,1068,0,66,0.8304821150855366,1134,XGBoost+LightGBM+RandomForest+LogisticRegression+BalancedRandomForest+EasyEnsemble+IsolationForest,7
0.06380076208070362,1.0,0.05814977973568282,0.10990840965861781,0.8687497054526603,0.34071458312291275,217,1069,0,66,0.8312597200622084,1135,LightGBM+XGBoost_SMOTE+ExtraTrees+LogisticRegression+AdaBoost_SMOTE+IsolationForest,6
0.055701803156227594,1.0,0.05814977973568282,0.10990840965861781,0.8681723926669495,0.33479818281591867,217,1069,0,66,0.8312597200622084,1135,XGBoost+LightGBM+ExtraTrees+LogisticRegression+GradientBoosting_SMOTE+AdaBoost_SMOTE+IsolationForest,7
0.06278029136750524,1.0,0.05814977973568282,0.10990840965861781,0.8677835901786134,0.3282166981130166,217,1069,0,66,0.8312597200622084,1135,XGBoost+RandomForest+ExtraTrees+LogisticRegression+AdaBoost_SMOTE+IsolationForest,6
0.07615949132389932,1.0,0.05814977973568282,0.10990840965861781,0.8666289646071917,0.32676538001940647,217,1069,0,66,0.8312597200622084,1135,XGBoost_SMOTE+ExtraTrees+LogisticRegression+AdaBoost_SMOTE+IsolationForest,5
0.07043965923143361,1.0,0.05814977973568282,0.10990840965861781,0.8656864131203167,0.333968444377546,217,1069,0,66,0.8312597200622084,1135,XGBoost+LightGBM+RandomForest+ExtraTrees+LogisticRegression+GradientBoosting_SMOTE+EasyEnsemble+IsolationForest,8
0.10246626196555401,1.0,0.05814977973568282,0.10990840965861781,0.8656628493331449,0.3316330405790325,217,1069,0,66,0.8312597200622084,1135,LightGBM+RandomForest+LogisticRegression+BalancedRandomForest+EasyEnsemble+IsolationForest,6
0.10254773332715117,1.0,0.05814977973568282,0.10990840965861781,0.8642608039964182,0.3257006639273657,217,1069,0,66,0.8312597200622084,1135,XGBoost+RandomForest+LogisticRegression+BalancedRandomForest+EasyEnsemble+IsolationForest,6
0.05504293093121856,1.0,0.058098591549295774,0.10981697171381032,0.8687143597719026,0.33630193870151054,216,1070,0,66,0.8320373250388803,1136,XGBoost+LightGBM+XGBoost_SMOTE+ExtraTrees+LogisticRegression+AdaBoost_SMOTE+IsolationForest,7
0.06456944634321417,1.0,0.058098591549295774,0.10981697171381032,0.8679956642631604,0.33915248500376344,216,1070,0,66,0.8320373250388803,1136,LightGBM+ExtraTrees+LogisticRegression+GradientBoosting_SMOTE+AdaBoost_SMOTE+IsolationForest,6
0.09208191243891198,1.0,0.058098591549295774,0.10981697171381032,0.8678071539657854,0.30566840631816955,216,1070,0,66,0.8320373250388803,1136,LogisticRegression+GradientBoosting_SMOTE+AdaBoost_SMOTE+BalancedRandomForest+IsolationForest,5
0.09115949132389932,1.0,0.058098591549295774,0.10981697171381032,0.8667703473302228,0.30951309745669126,216,1070,0,66,0.8320373250388803,1136,XGBoost_SMOTE+LogisticRegression+AdaBoost_SMOTE+BalancedRandomForest+IsolationForest,5
0.02875,1.0,0.058098591549295774,0.10981697171381032,0.8658925962580706,0.34076822855631445,216,1070,0,66,0.8320373250388803,1136,ExtraTrees+BalancedRandomForest,2
0.08021573685524909,1.0,0.058098591549295774,0.10981697171381032,0.8649559357179887,0.3323483396339636,216,1070,0,66,0.8320373250388803,1136,XGBoost+RandomForest+ExtraTrees+LogisticRegression+GradientBoosting_SMOTE+EasyEnsemble+IsolationForest,7
0.12255809118571977,1.0,0.058098591549295774,0.10981697171381032,0.8639780385503558,0.3118984049509175,216,1070,0,66,0.8320373250388803,1136,RandomForest+LogisticRegression+BalancedRandomForest+EasyEnsemble+IsolationForest,5
0.07630076208070362,1.0,0.05804749340369393,0.10972568578553615,0.8690913803666526,0.33602794323127394,215,1071,0,66,0.8328149300155521,1137,LightGBM+XGBoost_SMOTE+LogisticRegression+AdaBoost_SMOTE+BalancedRandomForest+IsolationForest,6
0.054098409152822366,1.0,0.05804749340369393,0.10972568578553615,0.8686554503039728,0.3330216878464362,215,1071,0,66,0.8328149300155521,1137,XGBoost+LightGBM+RandomForest+ExtraTrees+LogisticRegression+AdaBoost_SMOTE+IsolationForest,7
0.10356820404034957,1.0,0.05804749340369393,0.10972568578553615,0.8662637259060275,0.32846690902163916,215,1071,0,66,0.8328149300155521,1137,LightGBM+XGBoost_SMOTE+LogisticRegression+BalancedRandomForest+EasyEnsemble+IsolationForest,6
0.06575721664550428,1.0,0.05799648506151142,0.10963455149501661,0.8689028700692776,0.3360958636669048,214,1072,0,66,0.833592534992224,1138,XGBoost+LightGBM+XGBoost_SMOTE+LogisticRegression+AdaBoost_SMOTE+BalancedRandomForest+IsolationForest,7
0.0638822334423008,1.0,0.05799648506151142,0.10963455149501661,0.8678307177529572,0.33519772694436806,214,1072,0,66,0.833592534992224,1138,XGBoost+XGBoost_SMOTE+ExtraTrees+LogisticRegression+AdaBoost_SMOTE+IsolationForest,6
0.06465091770481134,1.0,0.05799648506151142,0.10963455149501661,0.8674065695838635,0.33653876302548397,214,1072,0,66,0.833592534992224,1138,XGBoost+ExtraTrees+LogisticRegression+GradientBoosting_SMOTE+AdaBoost_SMOTE+IsolationForest,6
0.08912930975377223,1.0,0.05799648506151142,0.10963455149501661,0.8658277958433479,0.32881870039405825,214,1072,0,66,0.833592534992224,1138,XGBoost+LightGBM+XGBoost_SMOTE+LogisticRegression+BalancedRandomForest+EasyEnsemble+IsolationForest,7
0.07708191243891196,1.0,0.05799648506151142,0.10963455149501661,0.8656628493331449,0.3256095690686378,214,1072,0,66,0.833592534992224,1138,ExtraTrees+LogisticRegression+GradientBoosting_SMOTE+AdaBoost_SMOTE+IsolationForest,5
0.07706944634321418,1.0,0.05794556628621598,0.10954356846473029,0.8696922569395352,0.3354665847756946,213,1073,0,66,0.8343701399688958,1139,LightGBM+LogisticRegression+GradientBoosting_SMOTE+AdaBoost_SMOTE+BalancedRandomForest+IsolationForest,6
0.06641608887051333,1.0,0.05794556628621598,0.10954356846473029,0.8693505820255432,0.3386419767462889,213,1073,0,66,0.8343701399688958,1139,XGBoost+LightGBM+LogisticRegression+GradientBoosting_SMOTE+AdaBoost_SMOTE+BalancedRandomForest+IsolationForest,7
0.07715091770481135,1.0,0.05794556628621598,0.10954356846473029,0.8684787219001838,0.3326372025794166,213,1073,0,66,0.8343701399688958,1139,XGBoost+LogisticRegression+GradientBoosting_SMOTE+AdaBoost_SMOTE+BalancedRandomForest+IsolationForest,6
0.0763822334423008,1.0,0.05794556628621598,0.10954356846473029,0.8679603185824026,0.3314553107680886,213,1073,0,66,0.8343701399688958,1139,XGBoost+XGBoost_SMOTE+LogisticRegression+AdaBoost_SMOTE+BalancedRandomForest+IsolationForest,6
0.08978818197878126,1.0,0.05794556628621598,0.10954356846473029,0.8662048164380979,0.3338979674322498,213,1073,0,66,0.8343701399688958,1139,XGBoost+LightGBM+LogisticRegression+GradientBoosting_SMOTE+BalancedRandomForest+EasyEnsemble+IsolationForest,7
0.10364967540194674,1.0,0.05794556628621598,0.10954356846473029,0.8649559357179887,0.3264799750363792,213,1073,0,66,0.8343701399688958,1139,XGBoost+XGBoost_SMOTE+LogisticRegression+BalancedRandomForest+EasyEnsemble+IsolationForest,6
0.12388042167547444,1.0,0.05794556628621598,0.10954356846473029,0.864142985060559,0.31835580950587267,213,1073,0,66,0.8343701399688958,1139,XGBoost_SMOTE+LogisticRegression+BalancedRandomForest+EasyEnsemble+IsolationForest,5
0.0038852945217514655,1.0,0.05794556628621598,0.10954356846473029,0.8619751166407466,0.32372411734880724,213,1073,0,66,0.8343701399688958,1139,XGBoost+LogisticRegression+GradientBoosting_SMOTE,3
0.10755809118571977,1.0,0.05794556628621598,0.10954356846473029,0.861880861492059,0.31974550100184984,213,1073,0,66,0.8343701399688958,1139,RandomForest+ExtraTrees+LogisticRegression+EasyEnsemble+IsolationForest,5
0.1043368883028601,1.0,0.05789473684210526,0.10945273631840796,0.866558273245676,0.3397730514939266,212,1074,0,66,0.8351477449455676,1140,LightGBM+LogisticRegression+GradientBoosting_SMOTE+BalancedRandomForest+EasyEnsemble+IsolationForest,6
0.07064111578753027,1.0,0.05789473684210526,0.10945273631840796,0.8652151373768792,0.3286014330244696,212,1074,0,66,0.8351477449455676,1140,XGBoost+LightGBM+XGBoost_SMOTE+RandomForest+LogisticRegression+GradientBoosting_SMOTE+EasyEnsemble+IsolationForest,8
0.10441835966445727,1.0,0.057843996494303246,0.10936205468102735,0.8652387011640511,0.33139673436035183,211,1075,0,66,0.8359253499222395,1141,XGBoost+LogisticRegression+GradientBoosting_SMOTE+BalancedRandomForest+EasyEnsemble+IsolationForest,6
0.12480284279048708,1.0,0.057843996494303246,0.10936205468102735,0.8649205900372308,0.31529143661635833,211,1075,0,66,0.8359253499222395,1141,LogisticRegression+GradientBoosting_SMOTE+BalancedRandomForest+EasyEnsemble+IsolationForest,5
0.08996626196555398,1.0,0.057843996494303246,0.10936205468102735,0.864119421273387,0.332748336379296,211,1075,0,66,0.8359253499222395,1141,LightGBM+RandomForest+ExtraTrees+LogisticRegression+EasyEnsemble+IsolationForest,6
0.055932039220338084,1.0,0.05779334500875657,0.10927152317880795,0.8671473679249728,0.3353605871846038,210,1076,0,66,0.8367029548989113,1142,XGBoost+LightGBM+XGBoost_SMOTE+LogisticRegression+GradientBoosting_SMOTE+AdaBoost_SMOTE+IsolationForest,7
0.07323858400708967,1.0,0.05779334500875657,0.10927152317880795,0.8657453225882464,0.34638492759235234,210,1076,0,66,0.8367029548989113,1142,LightGBM+ExtraTrees+LogisticRegression+AdaBoost_SMOTE+IsolationForest,5
0.08037614032370485,1.0,0.05779334500875657,0.10927152317880795,0.8655921579716293,0.32721536945036545,210,1076,0,66,0.8367029548989113,1142,LightGBM+XGBoost_SMOTE+RandomForest+LogisticRegression+GradientBoosting_SMOTE+EasyEnsemble+IsolationForest,7
0.09106820404034954,1.0,0.05779334500875657,0.10927152317880795,0.8647438616334419,0.33357967707352126,210,1076,0,66,0.8367029548989113,1142,LightGBM+XGBoost_SMOTE+ExtraTrees+LogisticRegression+EasyEnsemble+IsolationForest,6
0.08044597291935959,1.0,0.05779334500875657,0.10927152317880795,0.8642608039964184,0.3226524878427542,210,1076,0,66,0.8367029548989113,1142,XGBoost+XGBoost_SMOTE+RandomForest+LogisticRegression+GradientBoosting_SMOTE+EasyEnsemble+IsolationForest,7
0.055,1.0,0.05779334500875657,0.10927152317880795,0.8602137235496489,0.3051855067833376,210,1076,0,66,0.8367029548989113,1142,BalancedRandomForest,1
0.0005933739417252263,1.0,0.05779334500875657,0.10927152317880795,0.8561784249964655,0.3198987104517824,210,1076,0,66,0.8367029548989113,1142,LightGBM+LogisticRegression,2
0.06296742874737028,1.0,0.05774278215223097,0.10918114143920596,0.8686083227296291,0.32470251153956053,209,1077,0,66,0.8374805598755832,1143,LightGBM+XGBoost_SMOTE+RandomForest+LogisticRegression+AdaBoost_SMOTE+IsolationForest,6
0.07515949132389932,1.0,0.05774278215223097,0.10918114143920596,0.866558273245676,0.3064938741922813,209,1077,0,66,0.8374805598755832,1143,XGBoost_SMOTE+RandomForest+LogisticRegression+AdaBoost_SMOTE+IsolationForest,5
0.0784150240394865,1.0,0.05774278215223097,0.10918114143920596,0.8646260426975824,0.33453040759506064,209,1077,0,66,0.8374805598755832,1143,XGBoost+LightGBM+XGBoost_SMOTE+ExtraTrees+LogisticRegression+EasyEnsemble+IsolationForest,7
0.0910464510426808,1.0,0.05774278215223097,0.10918114143920596,0.862823412978934,0.327595239372641,209,1077,0,66,0.8374805598755832,1143,ExtraTrees+LogisticRegression+AdaBoost_SMOTE+IsolationForest,4
0.06304890010896746,1.0,0.057692307692307696,0.10909090909090909,0.867312314435176,0.321925102869079,208,1078,0,66,0.838258164852255,1144,XGBoost+XGBoost_SMOTE+RandomForest+LogisticRegression+AdaBoost_SMOTE+IsolationForest,6
0.06491952644627356,1.0,0.057692307692307696,0.10909090909090909,0.8653800838870823,0.32038105422975127,208,1078,0,66,0.838258164852255,1144,XGBoost+XGBoost_SMOTE+LogisticRegression+GradientBoosting_SMOTE+AdaBoost_SMOTE+IsolationForest,6
0.0774705022610903,1.0,0.057692307692307696,0.10909090909090909,0.8635538903812621,0.3324532332400969,208,1078,0,66,0.838258164852255,1144,XGBoost+LightGBM+RandomForest+ExtraTrees+LogisticRegression+EasyEnsemble+IsolationForest,7
0.09114967540194674,1.0,0.057692307692307696,0.10909090909090909,0.8634242895518168,0.32869304552893813,208,1078,0,66,0.838258164852255,1144,XGBoost+XGBoost_SMOTE+ExtraTrees+LogisticRegression+EasyEnsemble+IsolationForest,6
0.09343764440020148,1.0,0.057692307692307696,0.10909090909090909,0.8631533059993401,0.30864724974924473,208,1078,0,66,0.838258164852255,1144,XGBoost_SMOTE+RandomForest+LogisticRegression+GradientBoosting_SMOTE+EasyEnsemble+IsolationForest,6
0.10888042167547445,1.0,0.057692307692307696,0.10909090909090909,0.862623120787973,0.31845092943656395,208,1078,0,66,0.838258164852255,1144,XGBoost_SMOTE+ExtraTrees+LogisticRegression+EasyEnsemble+IsolationForest,5
0.0014384136785978456,1.0,0.05764192139737991,0.10900082576383155,0.8700103680663556,0.33495655257520557,207,1079,0,66,0.8390357698289269,1145,XGBoost+RandomForest+ExtraTrees+LogisticRegression,4
0.08823858400708967,1.0,0.05764192139737991,0.10900082576383155,0.8671944954993166,0.3312943297285449,207,1079,0,66,0.8390357698289269,1145,LightGBM+LogisticRegression+AdaBoost_SMOTE+BalancedRandomForest+IsolationForest,5
0.07740424292866664,1.0,0.05764192139737991,0.10900082576383155,0.8636834912107074,0.29730084690772607,207,1079,0,66,0.8390357698289269,1145,XGBoost_SMOTE+LogisticRegression+GradientBoosting_SMOTE+AdaBoost_SMOTE+IsolationForest,5
0.05432864521693285,1.0,0.05759162303664921,0.10891089108910891,0.8682077383477073,0.32740624313700933,206,1080,0,66,0.8398133748055988,1146,XGBoost+LightGBM+XGBoost_SMOTE+RandomForest+LogisticRegression+AdaBoost_SMOTE+IsolationForest,7
0.06373611300988084,1.0,0.05759162303664921,0.10891089108910891,0.8678071539657854,0.32797894760272495,206,1080,0,66,0.8398133748055988,1146,LightGBM+RandomForest+LogisticRegression+GradientBoosting_SMOTE+AdaBoost_SMOTE+IsolationForest,6
0.05498751744194189,1.0,0.05759162303664921,0.10891089108910891,0.8677600263914417,0.32892560777978314,206,1080,0,66,0.8398133748055988,1146,XGBoost+LightGBM+RandomForest+LogisticRegression+GradientBoosting_SMOTE+AdaBoost_SMOTE+IsolationForest,7
0.0648380550846764,1.0,0.05759162303664921,0.10891089108910891,0.8662872896931995,0.32700839645816276,206,1080,0,66,0.8398133748055988,1146,LightGBM+XGBoost_SMOTE+LogisticRegression+GradientBoosting_SMOTE+AdaBoost_SMOTE+IsolationForest,6
0.06144814401162609,1.0,0.05759162303664921,0.10891089108910891,0.8662519440124417,0.3422503877415558,206,1080,0,66,0.8398133748055988,1146,XGBoost+LightGBM+ExtraTrees+LogisticRegression+AdaBoost_SMOTE+IsolationForest,6
0.07608191243891196,1.0,0.05759162303664921,0.10891089108910891,0.8654625571421839,0.30280812726770145,206,1080,0,66,0.8398133748055988,1146,RandomForest+LogisticRegression+GradientBoosting_SMOTE+AdaBoost_SMOTE+IsolationForest,5
0.1097964510426808,1.0,0.05759162303664921,0.10891089108910891,0.8640251661246996,0.28699795530851646,206,1080,0,66,0.8398133748055988,1146,LogisticRegression+AdaBoost_SMOTE+BalancedRandomForest+IsolationForest,4
0.09004773332715117,1.0,0.05759162303664921,0.10891089108910891,0.8625995570008012,0.3284657753666865,206,1080,0,66,0.8398133748055988,1146,XGBoost+RandomForest+ExtraTrees+LogisticRegression+EasyEnsemble+IsolationForest,6
0.0739481440116261,1.0,0.05754141238012206,0.10882110469909316,0.8676539893491682,0.3445234051682483,205,1081,0,66,0.8405909797822706,1147,XGBoost+LightGBM+LogisticRegression+AdaBoost_SMOTE+BalancedRandomForest+IsolationForest,6
0.06381758437147801,1.0,0.05754141238012206,0.10882110469909316,0.8665229275649182,0.32320727594664317,205,1081,0,66,0.8405909797822706,1147,XGBoost+RandomForest+LogisticRegression+GradientBoosting_SMOTE+AdaBoost_SMOTE+IsolationForest,6
0.07333634964100628,1.0,0.05754141238012206,0.10882110469909316,0.8649677176115745,0.3405817529383227,205,1081,0,66,0.8405909797822706,1147,XGBoost+ExtraTrees+LogisticRegression+AdaBoost_SMOTE+IsolationForest,5
0.07907389626449556,1.0,0.05754141238012206,0.10882110469909316,0.8636599274235355,0.33652000073044036,205,1081,0,66,0.8405909797822706,1147,XGBoost+LightGBM+ExtraTrees+LogisticRegression+GradientBoosting_SMOTE+EasyEnsemble+IsolationForest,7
0.09183688830286012,1.0,0.05754141238012206,0.10882110469909316,0.8636010179556058,0.3339577702366035,205,1081,0,66,0.8405909797822706,1147,LightGBM+ExtraTrees+LogisticRegression+GradientBoosting_SMOTE+EasyEnsemble+IsolationForest,6
0.12095951435866481,1.0,0.05749128919860627,0.10873146622734761,0.864131203166973,0.34356047870303685,204,1082,0,66,0.8413685847589425,1148,LightGBM+LogisticRegression+BalancedRandomForest+EasyEnsemble+IsolationForest,5
0.09191835966445727,1.0,0.057441253263707574,0.10864197530864197,0.8629883594891371,0.3383201210520626,203,1083,0,66,0.8421461897356143,1149,XGBoost+ExtraTrees+LogisticRegression+GradientBoosting_SMOTE+EasyEnsemble+IsolationForest,6
0.10980284279048709,1.0,0.057441253263707574,0.10864197530864197,0.8615391865780669,0.3234881609505115,203,1083,0,66,0.8421461897356143,1149,ExtraTrees+LogisticRegression+GradientBoosting_SMOTE+EasyEnsemble+IsolationForest,5
0.1506976139821497,1.0,0.057441253263707574,0.10864197530864197,0.8609147462180121,0.2962493243748672,203,1083,0,66,0.8421461897356143,1149,LogisticRegression+BalancedRandomForest+EasyEnsemble+IsolationForest,4
0.08833634964100628,1.0,0.057391304347826085,0.10855263157894737,0.8661576888637542,0.3266271465004033,202,1084,0,66,0.8429237947122862,1150,XGBoost+LogisticRegression+AdaBoost_SMOTE+BalancedRandomForest+IsolationForest,5
0.1210572799925814,1.0,0.05734144222415291,0.10846343467543139,0.8627409397238324,0.3346909153559536,201,1085,0,66,0.843701399688958,1151,XGBoost+LogisticRegression+BalancedRandomForest+EasyEnsemble+IsolationForest,5
0.10595951435866477,1.0,0.05734144222415291,0.10846343467543139,0.859630519817145,0.3389648291348264,201,1085,0,66,0.843701399688958,1151,LightGBM+ExtraTrees+LogisticRegression+EasyEnsemble+IsolationForest,5
0.10121558597127205,1.0,0.057291666666666664,0.10837438423645321,0.8638013101465667,0.34004107098156183,200,1086,0,66,0.8444790046656299,1152,XGBoost+LightGBM+LogisticRegression+BalancedRandomForest+EasyEnsemble+IsolationForest,6
0.07930413232860602,1.0,0.05724197745013009,0.10828547990155865,0.8639898204439417,0.33069854307198476,199,1087,0,66,0.8452566096423018,1153,XGBoost+LightGBM+XGBoost_SMOTE+LogisticRegression+GradientBoosting_SMOTE+EasyEnsemble+IsolationForest,7
0.088715585971272,1.0,0.05724197745013009,0.10828547990155865,0.8605612894104341,0.3403334627653312,199,1087,0,66,0.8452566096423018,1153,XGBoost+LightGBM+ExtraTrees+LogisticRegression+EasyEnsemble+IsolationForest,6
0.11012517328024178,1.0,0.05724197745013009,0.10828547990155865,0.8603374334323013,0.30636234728384054,199,1087,0,66,0.8452566096423018,1153,XGBoost_SMOTE+LogisticRegression+GradientBoosting_SMOTE+EasyEnsemble+IsolationForest,5
0.0012818588217728267,1.0,0.05719237435008666,0.10819672131147541,0.8709764833404025,0.33865116255715544,198,1088,0,66,0.8460342146189735,1154,XGBoost+LightGBM+RandomForest+ExtraTrees+LogisticRegression,5
0.09210549704432232,1.0,0.05719237435008666,0.10819672131147541,0.8627173759366605,0.32976636997489,198,1088,0,66,0.8460342146189735,1154,LightGBM+XGBoost_SMOTE+LogisticRegression+GradientBoosting_SMOTE+EasyEnsemble+IsolationForest,6
0.0008905542444888509,1.0,0.05719237435008666,0.10819672131147541,0.8619692256939536,0.32318372760803654,198,1088,0,66,0.8460342146189735,1154,ExtraTrees+LogisticRegression,2
0.13194761398214971,1.0,0.05719237435008666,0.10819672131147541,0.8560016965926763,0.3165012009036495,198,1088,0,66,0.8460342146189735,1154,ExtraTrees+LogisticRegression+EasyEnsemble+IsolationForest,4
0.07770073832520079,1.0,0.05714285714285714,0.10810810810810811,0.864131203166973,0.32870894190452876,197,1089,0,66,0.8468118195956454,1155,XGBoost+LightGBM+XGBoost_SMOTE+RandomForest+LogisticRegression+EasyEnsemble+IsolationForest,7
0.09031634206861339,1.0,0.05714285714285714,0.10810810810810811,0.8631179603185825,0.3225773650740691,197,1089,0,66,0.8468118195956454,1155,XGBoost+XGBoost_SMOTE+RandomForest+LogisticRegression+EasyEnsemble+IsolationForest,6
0.09218696840591951,1.0,0.05714285714285714,0.10810810810810811,0.8621989726188792,0.31560451874537115,197,1089,0,66,0.8468118195956454,1155,XGBoost+XGBoost_SMOTE+LogisticRegression+GradientBoosting_SMOTE+EasyEnsemble+IsolationForest,6
0.09144936415487415,1.0,0.05714285714285714,0.10810810810810811,0.8616805693010982,0.2824130927010194,197,1089,0,66,0.8468118195956454,1155,XGBoost_SMOTE+LogisticRegression+AdaBoost_SMOTE+IsolationForest,4
0.07223858400708967,1.0,0.05709342560553633,0.10801963993453355,0.8659927423535511,0.3240790579492603,196,1090,0,66,0.8475894245723172,1156,LightGBM+RandomForest+LogisticRegression+AdaBoost_SMOTE+IsolationForest,5
0.07835961055020982,1.0,0.05709342560553633,0.10801963993453355,0.8634831990197465,0.32986246189773194,196,1090,0,66,0.8475894245723172,1156,XGBoost+LightGBM+RandomForest+LogisticRegression+GradientBoosting_SMOTE+EasyEnsemble+IsolationForest,7
0.09100355496952676,1.0,0.05709342560553633,0.10801963993453355,0.8633300344031292,0.33020025006458326,196,1090,0,66,0.8475894245723172,1156,LightGBM+RandomForest+LogisticRegression+GradientBoosting_SMOTE+EasyEnsemble+IsolationForest,6
0.10605727999258141,1.0,0.05709342560553633,0.10801963993453355,0.8587586596917858,0.3339706303313555,196,1090,0,66,0.8475894245723172,1156,XGBoost+ExtraTrees+LogisticRegression+EasyEnsemble+IsolationForest,5
0.004938492460496667,1.0,0.05709342560553633,0.10801963993453355,0.8562137706772233,0.29063085004137257,196,1090,0,66,0.8475894245723172,1156,LogisticRegression+GradientBoosting_SMOTE,2
0.07356091449684435,1.0,0.05704407951598963,0.10793131643499591,0.8656981950139027,0.3304897800212285,195,1091,0,66,0.8483670295489891,1157,LightGBM+XGBoost_SMOTE+LogisticRegression+AdaBoost_SMOTE+IsolationForest,5
0.09023487070701623,1.0,0.05704407951598963,0.10793131643499591,0.8645200056553088,0.3272185975087555,195,1091,0,66,0.8483670295489891,1157,LightGBM+XGBoost_SMOTE+RandomForest+LogisticRegression+EasyEnsemble+IsolationForest,6
0.09108502633112396,1.0,0.05704407951598963,0.10793131643499591,0.8619397709599886,0.32493510538318277,195,1091,0,66,0.8483670295489891,1157,XGBoost+RandomForest+LogisticRegression+GradientBoosting_SMOTE+EasyEnsemble+IsolationForest,6
0.09260239054863997,1.0,0.05704407951598963,0.10793131643499591,0.8610679108346293,0.2853828122016589,195,1091,0,66,0.8483670295489891,1157,LogisticRegression+GradientBoosting_SMOTE+AdaBoost_SMOTE+IsolationForest,4
0.1088028427904871,1.0,0.05704407951598963,0.10793131643499591,0.8609500918987699,0.3131738331376399,195,1091,0,66,0.8483670295489891,1157,RandomForest+LogisticRegression+GradientBoosting_SMOTE+EasyEnsemble+IsolationForest,5
0.06171675275308832,1.0,0.05699481865284974,0.10784313725490197,0.8665464913520902,0.3339666579402749,194,1092,0,66,0.8491446345256609,1158,XGBoost+LightGBM+XGBoost_SMOTE+LogisticRegression+AdaBoost_SMOTE+IsolationForest,6
0.10788042167547443,1.0,0.05699481865284974,0.10784313725490197,0.8620340261086762,0.3114115236528777,194,1092,0,66,0.8491446345256609,1158,XGBoost_SMOTE+RandomForest+LogisticRegression+EasyEnsemble+IsolationForest,5
0.06061481067829275,1.0,0.056896551724137934,0.10766721044045677,0.8661223431829964,0.3256360366869509,192,1094,0,66,0.8506998444790047,1160,XGBoost+LightGBM+RandomForest+LogisticRegression+AdaBoost_SMOTE+IsolationForest,6
0.07233634964100628,1.0,0.056896551724137934,0.10766721044045677,0.8651915735897073,0.3212144863359972,192,1094,0,66,0.8506998444790047,1160,XGBoost+RandomForest+LogisticRegression+AdaBoost_SMOTE+IsolationForest,5
0.07365868013076096,1.0,0.056896551724137934,0.10766721044045677,0.8650030632923323,0.3318431184822703,192,1094,0,66,0.8506998444790047,1160,XGBoost+XGBoost_SMOTE+LogisticRegression+AdaBoost_SMOTE+IsolationForest,5
0.07448333561185701,1.0,0.056847545219638244,0.10757946210268948,0.8647202978462698,0.33137408106872135,191,1095,0,66,0.8514774494556765,1161,LightGBM+LogisticRegression+GradientBoosting_SMOTE+AdaBoost_SMOTE+IsolationForest,5
0.0897964510426808,1.0,0.056847545219638244,0.10757946210268948,0.8622932277675668,0.29544640306199227,191,1095,0,66,0.8514774494556765,1161,RandomForest+LogisticRegression+AdaBoost_SMOTE+IsolationForest,4
0.07458110124577362,1.0,0.05679862306368331,0.10749185667752444,0.8637895282529808,0.33073577175065244,190,1096,0,66,0.8522550544323484,1162,XGBoost+LogisticRegression+GradientBoosting_SMOTE+AdaBoost_SMOTE+IsolationForest,5
0.0008905542444888509,1.0,0.05679862306368331,0.10749185667752444,0.8582756020547623,0.3069531150302033,190,1096,0,66,0.8522550544323484,1162,RandomForest+LogisticRegression,2
0.06248543701559887,1.0,0.05674978503869303,0.10740439381611067,0.8656157217588011,0.33657655058711555,189,1097,0,66,0.8530326594090202,1163,XGBoost+LightGBM+LogisticRegression+GradientBoosting_SMOTE+AdaBoost_SMOTE+IsolationForest,6
0.0897528789752448,1.0,0.056555269922879174,0.1070559610705596,0.8605495075168481,0.3311098932668557,185,1101,0,66,0.8561430793157077,1167,XGBoost+LightGBM+LogisticRegression+GradientBoosting_SMOTE+EasyEnsemble+IsolationForest,6
0.08898419471273426,1.0,0.05650684931506849,0.10696920583468396,0.8620340261086762,0.3284896470138812,184,1102,0,66,0.8569206842923794,1168,XGBoost+LightGBM+XGBoost_SMOTE+LogisticRegression+EasyEnsemble+IsolationForest,6
0.10628184484841947,1.0,0.05650684931506849,0.10696920583468396,0.8610443470474574,0.32862524873888893,184,1102,0,66,0.8569206842923794,1168,LightGBM+XGBoost_SMOTE+LogisticRegression+EasyEnsemble+IsolationForest,5
0.0878822526379387,1.0,0.05650684931506849,0.10696920583468396,0.8603492153258872,0.32618688862179124,184,1102,0,66,0.8569206842923794,1168,XGBoost+LightGBM+RandomForest+LogisticRegression+EasyEnsemble+IsolationForest,6
0.13069761398214969,1.0,0.05650684931506849,0.10696920583468396,0.8557896225081295,0.2992629601687714,184,1102,0,66,0.8569206842923794,1168,RandomForest+LogisticRegression+EasyEnsemble+IsolationForest,4
0.1049595143586648,1.0,0.05645851154833191,0.10688259109311742,0.8597012111786606,0.32512156395185615,183,1103,0,66,0.8576982892690513,1169,LightGBM+RandomForest+LogisticRegression+EasyEnsemble+IsolationForest,5
0.10730203159734875,1.0,0.05645851154833191,0.10688259109311742,0.8589236062019888,0.3296499074856258,183,1103,0,66,0.8576982892690513,1169,XGBoost+LogisticRegression+GradientBoosting_SMOTE+EasyEnsemble+IsolationForest,5
0.10637961048233606,1.0,0.05641025641025641,0.10679611650485436,0.8603374334323012,0.3287837077772914,182,1104,0,66,0.8584758942457231,1170,XGBoost+XGBoost_SMOTE+LogisticRegression+EasyEnsemble+IsolationForest,5
0.1072042659634321,1.0,0.05641025641025641,0.10679611650485436,0.8595362646684575,0.3320263027722085,182,1104,0,66,0.8584758942457231,1170,LightGBM+LogisticRegression+GradientBoosting_SMOTE+EasyEnsemble+IsolationForest,5
0.10505727999258138,1.0,0.05636208368915457,0.10670978172999192,0.8589353880955747,0.3213619440815066,181,1105,0,66,0.859253499222395,1171,XGBoost+RandomForest+LogisticRegression+EasyEnsemble+IsolationForest,5
0.13235052709434303,1.0,0.05636208368915457,0.10670978172999192,0.8571681040576842,0.2850029562809461,181,1105,0,66,0.859253499222395,1171,XGBoost_SMOTE+LogisticRegression+EasyEnsemble+IsolationForest,4
0.08779823000886208,1.0,0.05631399317406143,0.10662358642972536,0.8615745322588246,0.3349204400393207,180,1106,0,66,0.8600311041990669,1172,LightGBM+LogisticRegression+AdaBoost_SMOTE+IsolationForest,4
0.13350355348810888,1.0,0.05631399317406143,0.10662358642972536,0.8560488241670201,0.29472700411514746,180,1106,0,66,0.8600311041990669,1172,LogisticRegression+GradientBoosting_SMOTE+EasyEnsemble+IsolationForest,4
0.0707377728139513,1.0,0.056265984654731455,0.10653753026634383,0.8631650878929261,0.3355293203254041,179,1107,0,66,0.8608087091757387,1173,XGBoost+LightGBM+LogisticRegression+AdaBoost_SMOTE+IsolationForest,5
0.11639526805690774,1.0,0.056265984654731455,0.10653753026634383,0.853822046279278,0.24143244998251176,179,1107,0,66,0.8608087091757387,1173,LogisticRegression+AdaBoost_SMOTE+IsolationForest,3
0.0815359978902947,1.0,0.05617021276595745,0.1063658340048348,0.8664993637777464,0.3252322023305174,177,1109,0,66,0.8623639191290824,1175,XGBoost+LightGBM+XGBoost_SMOTE+RandomForest+ExtraTrees+GradientBoosting_SMOTE+AdaBoost_SMOTE+EasyEnsemble+IsolationForest,9
0.10345870316552644,1.0,0.05612244897959184,0.10628019323671498,0.8559663509119186,0.3295907105678662,176,1110,0,66,0.8631415241057543,1176,XGBoost+LightGBM+LogisticRegression+EasyEnsemble+IsolationForest,5
0.128699392948331,1.0,0.05612244897959184,0.10628019323671498,0.8533861162165983,0.32778775262974746,176,1110,0,66,0.8631415241057543,1176,LightGBM+LogisticRegression+EasyEnsemble+IsolationForest,4
0.0008122492944834842,1.0,0.056074766355140186,0.10619469026548672,0.867477260945379,0.33688301475094207,175,1111,0,66,0.8639191290824261,1177,LightGBM+ExtraTrees+LogisticRegression,3
0.09147367551215678,1.0,0.056074766355140186,0.10619469026548672,0.8650973184410198,0.3200033442711329,175,1111,0,66,0.8639191290824261,1177,XGBoost+XGBoost_SMOTE+RandomForest+ExtraTrees+GradientBoosting_SMOTE+AdaBoost_SMOTE+EasyEnsemble+IsolationForest,8
0.09141549762658153,1.0,0.056074766355140186,0.10619469026548672,0.8646260426975824,0.32072293349250564,175,1111,0,66,0.8639191290824261,1177,XGBoost+LightGBM+XGBoost_SMOTE+RandomForest+GradientBoosting_SMOTE+AdaBoost_SMOTE+EasyEnsemble+IsolationForest,8
0.08792043705125785,1.0,0.056074766355140186,0.10619469026548672,0.8605966350911919,0.3256514622246274,175,1111,0,66,0.8639191290824261,1177,XGBoost+LogisticRegression+AdaBoost_SMOTE+IsolationForest,4
0.12882159999072673,1.0,0.056074766355140186,0.10619469026548672,0.8526556388142702,0.3230522096810931,175,1111,0,66,0.8639191290824261,1177,XGBoost+LogisticRegression+EasyEnsemble+IsolationForest,4
0.17093015197619957,1.0,0.056074766355140186,0.10619469026548672,0.844078420283708,0.22980715412613545,175,1111,0,66,0.8639191290824261,1177,LogisticRegression+EasyEnsemble+IsolationForest,3
0.0010103694963259006,1.0,0.05602716468590832,0.10610932475884244,0.8682077383477073,0.3274816707452791,174,1112,0,66,0.864696734059098,1178,RandomForest+ExtraTrees+LogisticRegression,3
0.09125924762658154,1.0,0.05602716468590832,0.10610932475884244,0.8654861209293557,0.3285283085032145,174,1112,0,66,0.864696734059098,1178,XGBoost+LightGBM+XGBoost_SMOTE+ExtraTrees+GradientBoosting_SMOTE+AdaBoost_SMOTE+EasyEnsemble+IsolationForest,8
0.10400562915675061,1.0,0.05597964376590331,0.10602409638554217,0.863754182572223,0.32987336107020526,173,1113,0,66,0.8654743390357699,1179,XGBoost+XGBoost_SMOTE+ExtraTrees+GradientBoosting_SMOTE+AdaBoost_SMOTE+EasyEnsemble+IsolationForest,7
0.10393914014466463,1.0,0.05597964376590331,0.10602409638554217,0.863023705169895,0.3269740290199347,173,1113,0,66,0.8654743390357699,1179,XGBoost+LightGBM+XGBoost_SMOTE+GradientBoosting_SMOTE+AdaBoost_SMOTE+EasyEnsemble+IsolationForest,7
0.10418420058532205,1.0,0.05597964376590331,0.10602409638554217,0.8625759932136292,0.31318867220054436,173,1113,0,66,0.8654743390357699,1179,XGBoost+XGBoost_SMOTE+RandomForest+GradientBoosting_SMOTE+AdaBoost_SMOTE+EasyEnsemble+IsolationForest,7
0.0009528196972363753,1.0,0.05593220338983051,0.10593900481540931,0.8711060841698477,0.34616952090695663,172,1114,0,66,0.8662519440124417,1180,LightGBM+ExtraTrees,2
0.09130290990200204,1.0,0.05593220338983051,0.10593900481540931,0.8665464913520902,0.3200726894572189,172,1114,0,66,0.8662519440124417,1180,LightGBM+XGBoost_SMOTE+RandomForest+ExtraTrees+GradientBoosting_SMOTE+AdaBoost_SMOTE+EasyEnsemble+IsolationForest,8
0.14442774046012366,1.0,0.05593220338983051,0.10593900481540931,0.8562491163579811,0.28789453153685024,172,1114,0,66,0.8662519440124417,1180,XGBoost_SMOTE+GradientBoosting_SMOTE+AdaBoost_SMOTE+EasyEnsemble+IsolationForest,5
0.10398903988800233,1.0,0.0558848433530906,0.10585404971932638,0.8641429850605589,0.31447155027901674,171,1115,0,66,0.8670295489891136,1181,LightGBM+XGBoost_SMOTE+RandomForest+GradientBoosting_SMOTE+AdaBoost_SMOTE+EasyEnsemble+IsolationForest,7
0.12069554653600273,1.0,0.0558848433530906,0.10585404971932638,0.8612917668127621,0.32709116020221535,171,1115,0,66,0.8670295489891136,1181,LightGBM+XGBoost_SMOTE+GradientBoosting_SMOTE+AdaBoost_SMOTE+EasyEnsemble+IsolationForest,6
0.12092323401620904,1.0,0.0558848433530906,0.10585404971932638,0.8604670342617465,0.32029361892837266,171,1115,0,66,0.8670295489891136,1181,XGBoost+XGBoost_SMOTE+GradientBoosting_SMOTE+AdaBoost_SMOTE+EasyEnsemble+IsolationForest,6
0.0905514161413846,1.0,0.05583756345177665,0.10576923076923077,0.8668646024789104,0.3320465319461266,170,1116,0,66,0.8678071539657853,1182,XGBoost+LightGBM+RandomForest+ExtraTrees+GradientBoosting_SMOTE+AdaBoost_SMOTE+EasyEnsemble+IsolationForest,8
0.1038104684594309,1.0,0.05583756345177665,0.10576923076923077,0.8648263348885433,0.3302912183948576,170,1116,0,66,0.8678071539657853,1182,LightGBM+XGBoost_SMOTE+ExtraTrees+GradientBoosting_SMOTE+AdaBoost_SMOTE+EasyEnsemble+IsolationForest,7
0.1031301898758681,1.0,0.05583756345177665,0.10576923076923077,0.8645671332296527,0.3247680256680225,170,1116,0,66,0.8678071539657853,1182,XGBoost+LightGBM+RandomForest+GradientBoosting_SMOTE+AdaBoost_SMOTE+EasyEnsemble+IsolationForest,7
0.11969355485517946,1.0,0.05583756345177665,0.10576923076923077,0.8621636269381215,0.33055421696122295,170,1116,0,66,0.8678071539657853,1182,XGBoost+LightGBM+GradientBoosting_SMOTE+AdaBoost_SMOTE+EasyEnsemble+IsolationForest,6
0.12098145038343638,1.0,0.05583756345177665,0.10576923076923077,0.8606555445591215,0.2959302071413694,170,1116,0,66,0.8678071539657853,1182,XGBoost_SMOTE+RandomForest+GradientBoosting_SMOTE+AdaBoost_SMOTE+EasyEnsemble+IsolationForest,6
0.10405552890008832,1.0,0.055790363482671176,0.10568454763811048,0.8644846599745512,0.3151176747574752,169,1117,0,66,0.8685847589424572,1183,XGBoost_SMOTE+RandomForest+ExtraTrees+GradientBoosting_SMOTE+AdaBoost_SMOTE+EasyEnsemble+IsolationForest,7
0.11997945870261312,1.0,0.055790363482671176,0.10568454763811048,0.8630237051698949,0.31596890092656676,169,1117,0,66,0.8685847589424572,1183,XGBoost+RandomForest+GradientBoosting_SMOTE+AdaBoost_SMOTE+EasyEnsemble+IsolationForest,6
0.14295212546688815,1.0,0.055790363482671176,0.10568454763811048,0.8607969272821527,0.33363512764709485,169,1117,0,66,0.8685847589424572,1183,LightGBM+GradientBoosting_SMOTE+AdaBoost_SMOTE+EasyEnsemble+IsolationForest,5
0.14322535044313572,1.0,0.055790363482671176,0.10568454763811048,0.8595244827748715,0.3265764779715502,169,1117,0,66,0.8685847589424572,1183,XGBoost+GradientBoosting_SMOTE+AdaBoost_SMOTE+EasyEnsemble+IsolationForest,5
0.10295161844729668,1.0,0.05574324324324324,0.1056,0.8651091003346056,0.33895275262791946,168,1118,0,66,0.8693623639191291,1184,XGBoost+LightGBM+ExtraTrees+GradientBoosting_SMOTE+AdaBoost_SMOTE+EasyEnsemble+IsolationForest,7
0.11975177122240678,1.0,0.05574324324324324,0.1056,0.8646378245911683,0.32260585064991554,168,1118,0,66,0.8693623639191291,1184,LightGBM+RandomForest+GradientBoosting_SMOTE+AdaBoost_SMOTE+EasyEnsemble+IsolationForest,6
0.12077311705010306,1.0,0.05574324324324324,0.1056,0.8616923511946841,0.3188325870733668,168,1118,0,66,0.8693623639191291,1184,XGBoost_SMOTE+ExtraTrees+GradientBoosting_SMOTE+AdaBoost_SMOTE+EasyEnsemble+IsolationForest,6
0.03261557489014434,1.0,0.05569620253164557,0.10551558752997602,0.8656157217588012,0.32949212767571273,167,1119,0,66,0.8701399688958009,1185,LightGBM+XGBoost_SMOTE+RandomForest+ExtraTrees+LogisticRegression+GradientBoosting_SMOTE+BalancedRandomForest+IsolationForest,8
0.1031966788879541,1.0,0.05569620253164557,0.10551558752997602,0.8655568122908713,0.3246790541527211,167,1119,0,66,0.8701399688958009,1185,XGBoost+RandomForest+ExtraTrees+GradientBoosting_SMOTE+AdaBoost_SMOTE+EasyEnsemble+IsolationForest,7
0.03698821189377565,1.0,0.05569620253164557,0.10551558752997602,0.8648381167821293,0.3177071054165127,167,1119,0,66,0.8701399688958009,1185,XGBoost_SMOTE+RandomForest+ExtraTrees+LogisticRegression+GradientBoosting_SMOTE+BalancedRandomForest+IsolationForest,7
0.1197711253692798,1.0,0.05569620253164557,0.10551558752997602,0.8640605118054573,0.34465744598556386,167,1119,0,66,0.8701399688958009,1185,XGBoost+ExtraTrees+GradientBoosting_SMOTE+AdaBoost_SMOTE+EasyEnsemble+IsolationForest,6
0.14329521008380855,1.0,0.05569620253164557,0.10551558752997602,0.8610914746218012,0.31105925831682146,167,1119,0,66,0.8701399688958009,1185,RandomForest+GradientBoosting_SMOTE+AdaBoost_SMOTE+EasyEnsemble+IsolationForest,5
0.17818151260476067,1.0,0.05569620253164557,0.10551558752997602,0.8548588529148405,0.2815640132732229,167,1119,0,66,0.8701399688958009,1185,GradientBoosting_SMOTE+AdaBoost_SMOTE+EasyEnsemble+IsolationForest,4
0.1030015181906344,1.0,0.05564924114671164,0.10543130990415335,0.8669117300532542,0.3318846935192489,166,1120,0,66,0.8709175738724728,1186,LightGBM+RandomForest+ExtraTrees+GradientBoosting_SMOTE+AdaBoost_SMOTE+EasyEnsemble+IsolationForest,7
0.11982934173650711,1.0,0.05564924114671164,0.10543130990415335,0.8655921579716293,0.3202377566918408,166,1120,0,66,0.8709175738724728,1186,RandomForest+ExtraTrees+GradientBoosting_SMOTE+AdaBoost_SMOTE+EasyEnsemble+IsolationForest,6
0.02926894923949588,1.0,0.05564924114671164,0.10543130990415335,0.8651326641217776,0.3310923632113811,166,1120,0,66,0.8709175738724728,1186,XGBoost+LightGBM+XGBoost_SMOTE+RandomForest+ExtraTrees+LogisticRegression+GradientBoosting_SMOTE+BalancedRandomForest+IsolationForest,9
0.0009528196972363753,1.0,0.05564924114671164,0.10543130990415335,0.8650384089730901,0.3289965223247173,166,1120,0,66,0.8709175738724728,1186,LightGBM+RandomForest,2
0.03267667841134222,1.0,0.05564924114671164,0.10543130990415335,0.8646731702719261,0.32610709605346805,166,1120,0,66,0.8709175738724728,1186,XGBoost+XGBoost_SMOTE+RandomForest+ExtraTrees+LogisticRegression+GradientBoosting_SMOTE+BalancedRandomForest+IsolationForest,8
0.0010518797981575836,1.0,0.05560235888795282,0.10534716679968077,0.8710353928083322,0.3455157873103085,165,1121,0,66,0.8716951788491446,1187,LightGBM+RandomForest+ExtraTrees,3
0.0008122492944834842,1.0,0.05560235888795282,0.10534716679968077,0.8661459069701681,0.32548114693746116,165,1121,0,66,0.8716951788491446,1187,LightGBM+RandomForest+LogisticRegression,3
0.0009216869708626131,1.0,0.05550883095037847,0.1051792828685259,0.8717423064234884,0.3429793412314728,163,1123,0,66,0.8732503888024883,1189,LightGBM+RandomForest+ExtraTrees+LogisticRegression,4
0.00125,1.0,0.05550883095037847,0.1051792828685259,0.8692563268768557,0.34920153872633897,163,1123,0,66,0.8732503888024883,1189,ExtraTrees,1
0.00125,1.0,0.05550883095037847,0.1051792828685259,0.8574449785569537,0.3104603198802474,163,1123,0,66,0.8732503888024883,1189,RandomForest,1
0.11954343788907346,1.0,0.05546218487394958,0.10509554140127389,0.8645671332296526,0.3408469405636939,162,1124,0,66,0.8740279937791602,1190,LightGBM+ExtraTrees+GradientBoosting_SMOTE+AdaBoost_SMOTE+EasyEnsemble+IsolationForest,6
0.10159309112220118,1.0,0.055415617128463476,0.10501193317422435,0.8637188368914652,0.31891984589030464,161,1125,0,66,0.8748055987558321,1191,XGBoost+LightGBM+XGBoost_SMOTE+RandomForest+AdaBoost_SMOTE+EasyEnsemble+IsolationForest,7
0.14304521008380855,1.0,0.055415617128463476,0.10501193317422435,0.8619279890664029,0.32717043484352565,161,1125,0,66,0.8748055987558321,1191,ExtraTrees+GradientBoosting_SMOTE+AdaBoost_SMOTE+EasyEnsemble+IsolationForest,5
0.11790027297590139,1.0,0.055415617128463476,0.10501193317422435,0.8611621659833169,0.3288283121201928,161,1125,0,66,0.8748055987558321,1191,XGBoost+LightGBM+XGBoost_SMOTE+AdaBoost_SMOTE+EasyEnsemble+IsolationForest,6
0.03424297729961686,1.0,0.05536912751677853,0.10492845786963434,0.8656157217588011,0.33329409419802425,160,1126,0,66,0.8755832037325039,1192,LightGBM+XGBoost_SMOTE+RandomForest+ExtraTrees+LogisticRegression+BalancedRandomForest+IsolationForest,7
0.11695649766230544,1.0,0.05536912751677853,0.10492845786963434,0.8624346104905981,0.32052230764470885,160,1126,0,66,0.8755832037325039,1192,XGBoost+LightGBM+RandomForest+AdaBoost_SMOTE+EasyEnsemble+IsolationForest,6
0.11818617682333504,1.0,0.055322715842414084,0.10484511517077046,0.8620575898958481,0.3114177748076357,159,1127,0,66,0.8763608087091758,1193,XGBoost+XGBoost_SMOTE+RandomForest+AdaBoost_SMOTE+EasyEnsemble+IsolationForest,6
0.10141451969362976,1.0,0.05527638190954774,0.10476190476190476,0.863954474763184,0.33757768835406493,158,1128,0,66,0.8771384136858476,1194,XGBoost+LightGBM+XGBoost_SMOTE+ExtraTrees+AdaBoost_SMOTE+EasyEnsemble+IsolationForest,7
0.14107341218800204,1.0,0.05527638190954774,0.10476190476190476,0.8580046185022857,0.32207711425383645,158,1128,0,66,0.8771384136858476,1194,XGBoost+XGBoost_SMOTE+AdaBoost_SMOTE+EasyEnsemble+IsolationForest,5
0.08920645473192604,1.0,0.055230125523012555,0.10467882632831087,0.8657335406946605,0.3282655549067268,157,1129,0,66,0.8779160186625194,1195,XGBoost+LightGBM+XGBoost_SMOTE+RandomForest+ExtraTrees+AdaBoost_SMOTE+EasyEnsemble+IsolationForest,8
0.034901849524625904,1.0,0.055230125523012555,0.10467882632831087,0.8657099769074885,0.33492268739969483,157,1129,0,66,0.8779160186625194,1195,LightGBM+RandomForest+ExtraTrees+LogisticRegression+GradientBoosting_SMOTE+BalancedRandomForest+IsolationForest,7
0.03027459814145328,1.0,0.055230125523012555,0.10467882632831087,0.864885244356473,0.3354233047627368,157,1129,0,66,0.8779160186625194,1195,XGBoost+LightGBM+XGBoost_SMOTE+RandomForest+ExtraTrees+LogisticRegression+BalancedRandomForest+IsolationForest,8
0.10165958013428718,1.0,0.055230125523012555,0.10467882632831087,0.8646496064847542,0.3224769677061755,157,1129,0,66,0.8779160186625194,1195,XGBoost+XGBoost_SMOTE+RandomForest+ExtraTrees+AdaBoost_SMOTE+EasyEnsemble+IsolationForest,7
0.11797784349000172,1.0,0.055230125523012555,0.10467882632831087,0.8624228285970122,0.33649875667811663,157,1129,0,66,0.8779160186625194,1195,XGBoost+XGBoost_SMOTE+ExtraTrees+AdaBoost_SMOTE+EasyEnsemble+IsolationForest,6
0.14080018721175447,1.0,0.055230125523012555,0.10467882632831087,0.8597129930722465,0.33245577699241496,157,1129,0,66,0.8779160186625194,1195,LightGBM+XGBoost_SMOTE+AdaBoost_SMOTE+EasyEnsemble+IsolationForest,5
0.23085123575393288,1.0,0.055230125523012555,0.10467882632831087,0.8336278806729818,0.19985003831576575,157,1129,0,66,0.8779160186625194,1195,AdaBoost_SMOTE+EasyEnsemble+IsolationForest,3
0.07888239810126524,1.0,0.05518394648829431,0.1045958795562599,0.8664404543098166,0.3263633501117676,156,1130,0,66,0.8786936236391913,1196,XGBoost+LightGBM+XGBoost_SMOTE+RandomForest+ExtraTrees+GradientBoosting_SMOTE+AdaBoost_SMOTE+BalancedRandomForest+EasyEnsemble+IsolationForest,10
0.034312809895271586,1.0,0.05518394648829431,0.1045958795562599,0.8644021867194496,0.3316516729662271,156,1130,0,66,0.8786936236391913,1196,XGBoost+XGBoost_SMOTE+RandomForest+ExtraTrees+LogisticRegression+BalancedRandomForest+IsolationForest,7
0.11703406817640577,1.0,0.05518394648829431,0.1045958795562599,0.8643786229322776,0.3308872429603194,156,1130,0,66,0.8786936236391913,1196,XGBoost+RandomForest+ExtraTrees+AdaBoost_SMOTE+EasyEnsemble+IsolationForest,6
0.04148624720940493,1.0,0.05518394648829431,0.1045958795562599,0.8641076393798012,0.31716446469797493,156,1130,0,66,0.8786936236391913,1196,XGBoost_SMOTE+ExtraTrees+LogisticRegression+GradientBoosting_SMOTE+BalancedRandomForest+IsolationForest,6
0.1179584893431287,1.0,0.05518394648829431,0.1045958795562599,0.8638602196144964,0.3196108030559519,156,1130,0,66,0.8786936236391913,1196,LightGBM+XGBoost_SMOTE+RandomForest+AdaBoost_SMOTE+EasyEnsemble+IsolationForest,6
0.13994088181168693,1.0,0.05518394648829431,0.1045958795562599,0.8603374334323013,0.3175900511016061,156,1130,0,66,0.8786936236391913,1196,XGBoost+RandomForest+AdaBoost_SMOTE+EasyEnsemble+IsolationForest,5
0.13959779719476656,1.0,0.05518394648829431,0.1045958795562599,0.8570974126961686,0.3317872057501169,156,1130,0,66,0.8786936236391913,1196,XGBoost+LightGBM+AdaBoost_SMOTE+EasyEnsemble+IsolationForest,5
0.17398860226460866,1.0,0.05518394648829431,0.1045958795562599,0.8536806635562467,0.32119726287311756,156,1130,0,66,0.8786936236391913,1196,XGBoost+AdaBoost_SMOTE+EasyEnsemble+IsolationForest,4
0.10146441943696748,1.0,0.05513784461152882,0.10451306413301663,0.8664286724162308,0.3292135099640675,155,1131,0,66,0.8794712286158631,1197,LightGBM+XGBoost_SMOTE+RandomForest+ExtraTrees+AdaBoost_SMOTE+EasyEnsemble+IsolationForest,7
0.08723044233473914,1.0,0.05513784461152882,0.10451306413301663,0.8657571044818323,0.328334930394961,155,1131,0,66,0.8794712286158631,1197,XGBoost+LightGBM+XGBoost_SMOTE+ExtraTrees+GradientBoosting_SMOTE+AdaBoost_SMOTE+BalancedRandomForest+EasyEnsemble+IsolationForest,9
0.08742104489969492,1.0,0.05513784461152882,0.10451306413301663,0.8653800838870824,0.32176699717576357,155,1131,0,66,0.8794712286158631,1197,XGBoost+XGBoost_SMOTE+RandomForest+ExtraTrees+GradientBoosting_SMOTE+AdaBoost_SMOTE+BalancedRandomForest+EasyEnsemble+IsolationForest,9
0.0358463713030221,1.0,0.05513784461152882,0.10451306413301663,0.8651680098025355,0.32894643169735377,155,1131,0,66,0.8794712286158631,1197,LightGBM+XGBoost_SMOTE+ExtraTrees+LogisticRegression+GradientBoosting_SMOTE+BalancedRandomForest+IsolationForest,7
0.10060556942483324,1.0,0.05513784461152882,0.10451306413301663,0.8651444460153634,0.3307315050892661,155,1131,0,66,0.8794712286158631,1197,XGBoost+LightGBM+RandomForest+ExtraTrees+AdaBoost_SMOTE+EasyEnsemble+IsolationForest,7
0.08736933122362804,1.0,0.05513784461152882,0.10451306413301663,0.8651091003346059,0.32064549598798564,155,1131,0,66,0.8794712286158631,1197,XGBoost+LightGBM+XGBoost_SMOTE+RandomForest+GradientBoosting_SMOTE+AdaBoost_SMOTE+BalancedRandomForest+EasyEnsemble+IsolationForest,9
0.03085111133833619,1.0,0.05513784461152882,0.10451306413301663,0.8651091003346058,0.33660442205879937,155,1131,0,66,0.8794712286158631,1197,XGBoost+LightGBM+RandomForest+ExtraTrees+LogisticRegression+GradientBoosting_SMOTE+BalancedRandomForest+IsolationForest,8
0.04038430513460936,1.0,0.05513784461152882,0.10451306413301663,0.8649794995051604,0.32240787042120717,155,1131,0,66,0.8794712286158631,1197,RandomForest+ExtraTrees+LogisticRegression+GradientBoosting_SMOTE+BalancedRandomForest+IsolationForest,6
0.039615620872098814,1.0,0.05513784461152882,0.10451306413301663,0.8643904048258637,0.32290529716641014,155,1131,0,66,0.8794712286158631,1197,XGBoost_SMOTE+RandomForest+ExtraTrees+LogisticRegression+BalancedRandomForest+IsolationForest,6
0.09803617551215678,1.0,0.05513784461152882,0.10451306413301663,0.863565672274848,0.3107131105547427,155,1131,0,66,0.8794712286158631,1197,XGBoost+XGBoost_SMOTE+RandomForest+GradientBoosting_SMOTE+AdaBoost_SMOTE+BalancedRandomForest+EasyEnsemble+IsolationForest,8
0.14114327182867487,1.0,0.05513784461152882,0.10451306413301663,0.8599132852632075,0.30472835352409683,155,1131,0,66,0.8794712286158631,1197,XGBoost_SMOTE+RandomForest+AdaBoost_SMOTE+EasyEnsemble+IsolationForest,5
0.1736470710442992,1.0,0.05513784461152882,0.10451306413301663,0.854564305575192,0.33166361373391134,155,1131,0,66,0.8794712286158631,1197,LightGBM+AdaBoost_SMOTE+EasyEnsemble+IsolationForest,4
0.17549158978584356,1.0,0.05513784461152882,0.10451306413301663,0.8525024741976531,0.28146089019163434,155,1131,0,66,0.8794712286158631,1197,XGBoost_SMOTE+AdaBoost_SMOTE+EasyEnsemble+IsolationForest,4
0.08726925324622405,1.0,0.05509181969949917,0.10443037974683544,0.866193034544512,0.3209587935899818,154,1132,0,66,0.880248833592535,1198,LightGBM+XGBoost_SMOTE+RandomForest+ExtraTrees+GradientBoosting_SMOTE+AdaBoost_SMOTE+BalancedRandomForest+EasyEnsemble+IsolationForest,9
0.09787992551215678,1.0,0.05509181969949917,0.10443037974683544,0.8643904048258636,0.32958808096344205,154,1132,0,66,0.880248833592535,1198,XGBoost+XGBoost_SMOTE+ExtraTrees+GradientBoosting_SMOTE+AdaBoost_SMOTE+BalancedRandomForest+EasyEnsemble+IsolationForest,8
0.09782174762658154,1.0,0.05509181969949917,0.10443037974683544,0.8642843677835903,0.3299400973689081,154,1132,0,66,0.880248833592535,1198,XGBoost+LightGBM+XGBoost_SMOTE+GradientBoosting_SMOTE+AdaBoost_SMOTE+BalancedRandomForest+EasyEnsemble+IsolationForest,8
0.11775015600979538,1.0,0.05509181969949917,0.10443037974683544,0.8636127998491917,0.3339434100179907,154,1132,0,66,0.880248833592535,1198,LightGBM+XGBoost_SMOTE+ExtraTrees+AdaBoost_SMOTE+EasyEnsemble+IsolationForest,6
0.11150562915675062,1.0,0.05509181969949917,0.10443037974683544,0.862446392384184,0.3246275043610162,154,1132,0,66,0.880248833592535,1198,XGBoost+XGBoost_SMOTE+GradientBoosting_SMOTE+AdaBoost_SMOTE+BalancedRandomForest+EasyEnsemble+IsolationForest,7
0.09770915990200205,1.0,0.05504587155963303,0.10434782608695652,0.8651562279089495,0.32939837407550593,153,1133,0,66,0.8810264385692068,1199,LightGBM+XGBoost_SMOTE+ExtraTrees+GradientBoosting_SMOTE+AdaBoost_SMOTE+BalancedRandomForest+EasyEnsemble+IsolationForest,8
0.09792358778757729,1.0,0.05504587155963303,0.10434782608695652,0.8651208822281917,0.3159053340140563,153,1133,0,66,0.8810264385692068,1199,XGBoost_SMOTE+RandomForest+ExtraTrees+GradientBoosting_SMOTE+AdaBoost_SMOTE+BalancedRandomForest+EasyEnsemble+IsolationForest,8
0.09786540990200204,1.0,0.05504587155963303,0.10434782608695652,0.8647438616334416,0.3151800450962706,153,1133,0,66,0.8810264385692068,1199,LightGBM+XGBoost_SMOTE+RandomForest+GradientBoosting_SMOTE+AdaBoost_SMOTE+BalancedRandomForest+EasyEnsemble+IsolationForest,8
0.03497168212028062,1.0,0.05504587155963303,0.10434782608695652,0.8645317875488949,0.33060456134472477,153,1133,0,66,0.8810264385692068,1199,XGBoost+RandomForest+ExtraTrees+LogisticRegression+GradientBoosting_SMOTE+BalancedRandomForest+IsolationForest,7
0.11803605985722904,1.0,0.05504587155963303,0.10434782608695652,0.8642961496771762,0.31773765360245815,153,1133,0,66,0.8810264385692068,1199,XGBoost_SMOTE+RandomForest+ExtraTrees+AdaBoost_SMOTE+EasyEnsemble+IsolationForest,6
0.03591620389867683,1.0,0.05504587155963303,0.10434782608695652,0.8640133842311137,0.3291322580833856,153,1133,0,66,0.8810264385692068,1199,XGBoost+XGBoost_SMOTE+ExtraTrees+LogisticRegression+GradientBoosting_SMOTE+BalancedRandomForest+IsolationForest,7
0.11155552890008832,1.0,0.05504587155963303,0.10434782608695652,0.8628941043404497,0.3027508821598946,153,1133,0,66,0.8810264385692068,1199,XGBoost_SMOTE+RandomForest+GradientBoosting_SMOTE+AdaBoost_SMOTE+BalancedRandomForest+EasyEnsemble+IsolationForest,7
0.13966765683543933,1.0,0.05504587155963303,0.10434782608695652,0.8620222442150902,0.3227276291981981,153,1133,0,66,0.8810264385692068,1199,LightGBM+RandomForest+AdaBoost_SMOTE+EasyEnsemble+IsolationForest,5
0.08660125879234187,1.0,0.055,0.10426540284360189,0.8671002403506292,0.33044528539384965,152,1134,0,66,0.8818040435458787,1200,XGBoost+LightGBM+RandomForest+ExtraTrees+GradientBoosting_SMOTE+AdaBoost_SMOTE+BalancedRandomForest+EasyEnsemble+IsolationForest,9
0.11680638069619946,1.0,0.055,0.10426540284360189,0.8655568122908714,0.33546753213685576,152,1134,0,66,0.8818040435458787,1200,LightGBM+RandomForest+ExtraTrees+AdaBoost_SMOTE+EasyEnsemble+IsolationForest,6
0.031677567894432865,1.0,0.055,0.10426540284360189,0.8644846599745512,0.3335070709646144,152,1134,0,66,0.8818040435458787,1200,XGBoost+LightGBM+XGBoost_SMOTE+ExtraTrees+LogisticRegression+GradientBoosting_SMOTE+BalancedRandomForest+IsolationForest,8
0.1113104684594309,1.0,0.055,0.10426540284360189,0.8636952731042933,0.32350186162914196,152,1134,0,66,0.8818040435458787,1200,LightGBM+XGBoost_SMOTE+GradientBoosting_SMOTE+AdaBoost_SMOTE+BalancedRandomForest+EasyEnsemble+IsolationForest,7
0.12952311705010305,1.0,0.055,0.10426540284360189,0.8610325651538716,0.3057718010463597,152,1134,0,66,0.8818040435458787,1200,XGBoost_SMOTE+GradientBoosting_SMOTE+AdaBoost_SMOTE+BalancedRandomForest+EasyEnsemble+IsolationForest,6
0.0970013284168051,1.0,0.054954204829308906,0.10418310970797158,0.8678307177529573,0.3322544760873341,151,1135,0,66,0.8825816485225505,1201,LightGBM+RandomForest+ExtraTrees+GradientBoosting_SMOTE+AdaBoost_SMOTE+BalancedRandomForest+EasyEnsemble+IsolationForest,8
0.09711391614138459,1.0,0.054954204829308906,0.10418310970797158,0.8656275036523872,0.3256923044119763,151,1135,0,66,0.8825816485225505,1201,XGBoost+LightGBM+RandomForest+GradientBoosting_SMOTE+AdaBoost_SMOTE+BalancedRandomForest+EasyEnsemble+IsolationForest,8
0.11045161844729667,1.0,0.054954204829308906,0.10418310970797158,0.8643668410386918,0.3323004371580613,151,1135,0,66,0.8825816485225505,1201,XGBoost+LightGBM+GradientBoosting_SMOTE+AdaBoost_SMOTE+BalancedRandomForest+EasyEnsemble+IsolationForest,7
0.1113769574715169,1.0,0.054954204829308906,0.10418310970797158,0.863765964465809,0.32112224449633714,151,1135,0,66,0.8825816485225505,1201,XGBoost_SMOTE+ExtraTrees+GradientBoosting_SMOTE+AdaBoost_SMOTE+BalancedRandomForest+EasyEnsemble+IsolationForest,7
0.11674816432897211,1.0,0.054954204829308906,0.10418310970797158,0.8616452236203402,0.34432692387058944,151,1135,0,66,0.8825816485225505,1201,XGBoost+LightGBM+ExtraTrees+AdaBoost_SMOTE+EasyEnsemble+IsolationForest,6
0.14089327182867487,1.0,0.054954204829308906,0.10418310970797158,0.8603256515387153,0.32117535541309844,151,1135,0,66,0.8825816485225505,1201,XGBoost_SMOTE+ExtraTrees+AdaBoost_SMOTE+EasyEnsemble+IsolationForest,5
0.17407592681544967,1.0,0.054954204829308906,0.10418310970797158,0.8572505773127856,0.30653873672074494,151,1135,0,66,0.8825816485225505,1201,RandomForest+AdaBoost_SMOTE+EasyEnsemble+IsolationForest,4
0.00125,1.0,0.05490848585690516,0.10410094637223975,0.8683314482303596,0.34080624775074775,150,1136,0,66,0.8833592534992224,1202,RandomForest+ExtraTrees,2
0.11056800720272039,1.0,0.05490848585690516,0.10410094637223975,0.866746783543051,0.3214408671367448,150,1136,0,66,0.8833592534992224,1202,RandomForest+ExtraTrees+GradientBoosting_SMOTE+AdaBoost_SMOTE+BalancedRandomForest+EasyEnsemble+IsolationForest,7
0.11032294676206297,1.0,0.05490848585690516,0.10410094637223975,0.866558273245676,0.34246408392830874,150,1136,0,66,0.8833592534992224,1202,LightGBM+ExtraTrees+GradientBoosting_SMOTE+AdaBoost_SMOTE+BalancedRandomForest+EasyEnsemble+IsolationForest,7
0.09717209402695984,1.0,0.05490848585690516,0.10410094637223975,0.8663461991611293,0.32367944758187706,150,1136,0,66,0.8833592534992224,1202,XGBoost+RandomForest+ExtraTrees+GradientBoosting_SMOTE+AdaBoost_SMOTE+BalancedRandomForest+EasyEnsemble+IsolationForest,8
0.11050151819063439,1.0,0.05490848585690516,0.10410094637223975,0.8661694707573401,0.3232825471738562,150,1136,0,66,0.8833592534992224,1202,LightGBM+RandomForest+GradientBoosting_SMOTE+AdaBoost_SMOTE+BalancedRandomForest+EasyEnsemble+IsolationForest,7
0.0969576661413846,1.0,0.05490848585690516,0.10410094637223975,0.8661576888637542,0.33325602274759974,150,1136,0,66,0.8833592534992224,1202,XGBoost+LightGBM+ExtraTrees+GradientBoosting_SMOTE+AdaBoost_SMOTE+BalancedRandomForest+EasyEnsemble+IsolationForest,8
0.11051810745938266,1.0,0.05490848585690516,0.10410094637223975,0.8656275036523869,0.3390258264207732,150,1136,0,66,0.8833592534992224,1202,XGBoost+ExtraTrees+GradientBoosting_SMOTE+AdaBoost_SMOTE+BalancedRandomForest+EasyEnsemble+IsolationForest,7
0.11069667888795409,1.0,0.05490848585690516,0.10410094637223975,0.8645671332296526,0.3164705703532991,150,1136,0,66,0.8833592534992224,1202,XGBoost+RandomForest+GradientBoosting_SMOTE+AdaBoost_SMOTE+BalancedRandomForest+EasyEnsemble+IsolationForest,7
0.1285211253692798,1.0,0.05490848585690516,0.10410094637223975,0.8631415241057543,0.330335228620041,150,1136,0,66,0.8833592534992224,1202,XGBoost+GradientBoosting_SMOTE+AdaBoost_SMOTE+BalancedRandomForest+EasyEnsemble+IsolationForest,6
0.13941765683543933,1.0,0.05490848585690516,0.10410094637223975,0.8609500918987699,0.3481587082036708,150,1136,0,66,0.8833592534992224,1202,LightGBM+ExtraTrees+AdaBoost_SMOTE+EasyEnsemble+IsolationForest,5
0.13969088181168693,1.0,0.05490848585690516,0.10410094637223975,0.8597719025401761,0.34255891431265534,150,1136,0,66,0.8833592534992224,1202,XGBoost+ExtraTrees+AdaBoost_SMOTE+EasyEnsemble+IsolationForest,5
0.17376342681544968,1.0,0.05490848585690516,0.10410094637223975,0.8558956595504029,0.33720834236910413,150,1136,0,66,0.8833592534992224,1202,ExtraTrees+AdaBoost_SMOTE+EasyEnsemble+IsolationForest,4
0.12837100840317378,1.0,0.05486284289276808,0.10401891252955082,0.8654979028229418,0.3357019554452754,149,1137,0,66,0.8841368584758943,1203,ExtraTrees+GradientBoosting_SMOTE+AdaBoost_SMOTE+BalancedRandomForest+EasyEnsemble+IsolationForest,6
0.12857934173650712,1.0,0.05486284289276808,0.10401891252955082,0.8643079315707621,0.30832948500017143,149,1137,0,66,0.8841368584758943,1203,RandomForest+GradientBoosting_SMOTE+AdaBoost_SMOTE+BalancedRandomForest+EasyEnsemble+IsolationForest,6
0.12829343788907346,1.0,0.05486284289276808,0.10401891252955082,0.8642136764220747,0.33207403114603695,149,1137,0,66,0.8841368584758943,1203,LightGBM+GradientBoosting_SMOTE+AdaBoost_SMOTE+BalancedRandomForest+EasyEnsemble+IsolationForest,6
0.03828347351621967,1.0,0.054817275747508304,0.10393700787401575,0.8645435694424808,0.33685505607904237,148,1138,0,66,0.8849144634525661,1204,LightGBM+XGBoost_SMOTE+ExtraTrees+LogisticRegression+BalancedRandomForest+IsolationForest,6
0.13976074145235973,1.0,0.054817275747508304,0.10393700787401575,0.8640133842311137,0.3320722491238215,148,1138,0,66,0.8849144634525661,1204,RandomForest+ExtraTrees+AdaBoost_SMOTE+EasyEnsemble+IsolationForest,5
0.08540573753948982,1.0,0.054771784232365145,0.1038552321007081,0.8661223431829964,0.32917213944228774,147,1139,0,66,0.885692068429238,1205,XGBoost+LightGBM+XGBoost_SMOTE+RandomForest+ExtraTrees+AdaBoost_SMOTE+BalancedRandomForest+EasyEnsemble+IsolationForest,9
0.021677567894432863,1.0,0.054771784232365145,0.1038552321007081,0.8621871907252935,0.32809996624141935,147,1139,0,66,0.885692068429238,1205,XGBoost+LightGBM+XGBoost_SMOTE+RandomForest+ExtraTrees+LogisticRegression+GradientBoosting_SMOTE+IsolationForest,8
0.035132085588736386,1.0,0.05472636815920398,0.10377358490566038,0.8641783307413168,0.3273551762770468,146,1140,0,66,0.8864696734059098,1206,LightGBM+XGBoost_SMOTE+RandomForest+LogisticRegression+GradientBoosting_SMOTE+BalancedRandomForest+IsolationForest,7
0.15354521008380856,1.0,0.05472636815920398,0.10377358490566038,0.8616452236203402,0.3065248339165974,146,1140,0,66,0.8864696734059098,1206,GradientBoosting_SMOTE+AdaBoost_SMOTE+BalancedRandomForest+EasyEnsemble+IsolationForest,5
0.10810556942483325,1.0,0.05468102734051367,0.10369206598586017,0.8651797916961215,0.3238193913547422,145,1141,0,66,0.8872472783825817,1207,XGBoost+LightGBM+RandomForest+AdaBoost_SMOTE+BalancedRandomForest+EasyEnsemble+IsolationForest,7
0.09576895473192604,1.0,0.05468102734051367,0.10369206598586017,0.8643786229322776,0.3209980355267376,145,1141,0,66,0.8872472783825817,1207,XGBoost+LightGBM+XGBoost_SMOTE+RandomForest+AdaBoost_SMOTE+BalancedRandomForest+EasyEnsemble+IsolationForest,8
0.040652913876071596,1.0,0.05468102734051367,0.10369206598586017,0.8629765775955511,0.31552515880191645,145,1141,0,66,0.8872472783825817,1207,XGBoost_SMOTE+RandomForest+LogisticRegression+GradientBoosting_SMOTE+BalancedRandomForest+IsolationForest,6
0.02448763247010539,1.0,0.05468102734051367,0.10369206598586017,0.8611975116640747,0.32140232584598144,145,1141,0,66,0.8872472783825817,1207,XGBoost+XGBoost_SMOTE+RandomForest+ExtraTrees+LogisticRegression+GradientBoosting_SMOTE+IsolationForest,7
0.028152913876071592,1.0,0.05468102734051367,0.10369206598586017,0.8606673264527075,0.3130842145581787,145,1141,0,66,0.8872472783825817,1207,XGBoost_SMOTE+RandomForest+ExtraTrees+LogisticRegression+GradientBoosting_SMOTE+IsolationForest,6
0.09561270473192603,1.0,0.054635761589403975,0.10361067503924647,0.8648263348885432,0.3321433707177937,144,1142,0,66,0.8880248833592534,1208,XGBoost+LightGBM+XGBoost_SMOTE+ExtraTrees+AdaBoost_SMOTE+BalancedRandomForest+EasyEnsemble+IsolationForest,8
0.031052567894432864,1.0,0.054635761589403975,0.10361067503924647,0.8637895282529807,0.32684694889324545,144,1142,0,66,0.8880248833592534,1208,XGBoost+LightGBM+XGBoost_SMOTE+RandomForest+LogisticRegression+GradientBoosting_SMOTE+BalancedRandomForest+IsolationForest,8
0.03718153144142411,1.0,0.054635761589403975,0.10361067503924647,0.8637070549978793,0.3320433972625667,144,1142,0,66,0.8880248833592534,1208,LightGBM+RandomForest+ExtraTrees+LogisticRegression+BalancedRandomForest+IsolationForest,6
0.024417799874450672,1.0,0.054635761589403975,0.10361067503924647,0.8623521372354965,0.3269416196515107,144,1142,0,66,0.8880248833592534,1208,LightGBM+XGBoost_SMOTE+RandomForest+ExtraTrees+LogisticRegression+GradientBoosting_SMOTE+IsolationForest,7
0.09565636700734655,1.0,0.05459057071960298,0.10352941176470588,0.8663579810547152,0.32992229245183824,143,1143,0,66,0.8888024883359253,1209,LightGBM+XGBoost_SMOTE+RandomForest+ExtraTrees+AdaBoost_SMOTE+BalancedRandomForest+EasyEnsemble+IsolationForest,8
0.09582713261750128,1.0,0.05459057071960298,0.10352941176470588,0.8649794995051605,0.3250973119200987,143,1143,0,66,0.8888024883359253,1209,XGBoost+XGBoost_SMOTE+RandomForest+ExtraTrees+AdaBoost_SMOTE+BalancedRandomForest+EasyEnsemble+IsolationForest,8
0.10896441943696747,1.0,0.05459057071960298,0.10352941176470588,0.8645789151232387,0.320123092550363,143,1143,0,66,0.8888024883359253,1209,LightGBM+XGBoost_SMOTE+RandomForest+AdaBoost_SMOTE+BalancedRandomForest+EasyEnsemble+IsolationForest,7
0.03317096930451803,1.0,0.05459057071960298,0.10352941176470588,0.8642843677835902,0.3373210060090144,143,1143,0,66,0.8888024883359253,1209,XGBoost+LightGBM+XGBoost_SMOTE+ExtraTrees+LogisticRegression+BalancedRandomForest+IsolationForest,7
0.03222644752612184,1.0,0.05459057071960298,0.10352941176470588,0.8635421084876761,0.3358539892295161,143,1143,0,66,0.8888024883359253,1209,XGBoost+LightGBM+RandomForest+ExtraTrees+LogisticRegression+BalancedRandomForest+IsolationForest,7
0.10915958013428717,1.0,0.05459057071960298,0.10352941176470588,0.8629647957019652,0.31438266180120067,143,1143,0,66,0.8888024883359253,1209,XGBoost+XGBoost_SMOTE+RandomForest+AdaBoost_SMOTE+BalancedRandomForest+EasyEnsemble+IsolationForest,7
0.04553874504651858,1.0,0.05459057071960298,0.10352941176470588,0.8629647957019652,0.3191507830867294,143,1143,0,66,0.8888024883359253,1209,XGBoost_SMOTE+ExtraTrees+LogisticRegression+BalancedRandomForest+IsolationForest,5
0.10891451969362975,1.0,0.05459057071960298,0.10352941176470588,0.8628469767661059,0.3276016530814063,143,1143,0,66,0.8888024883359253,1209,XGBoost+LightGBM+XGBoost_SMOTE+AdaBoost_SMOTE+BalancedRandomForest+EasyEnsemble+IsolationForest,7
0.037263002803021285,1.0,0.05459057071960298,0.10352941176470588,0.8624110467034262,0.33322457247433857,143,1143,0,66,0.8888024883359253,1209,XGBoost+RandomForest+ExtraTrees+LogisticRegression+BalancedRandomForest+IsolationForest,6
0.0442164145567639,1.0,0.05459057071960298,0.10352941176470588,0.8622696639803948,0.3222184352162986,143,1143,0,66,0.8888024883359253,1209,RandomForest+ExtraTrees+LogisticRegression+BalancedRandomForest+IsolationForest,5
0.10797689773959954,1.0,0.05454545454545454,0.10344827586206896,0.8672651868608324,0.337135058003412,142,1144,0,66,0.8895800933125972,1210,LightGBM+RandomForest+ExtraTrees+AdaBoost_SMOTE+BalancedRandomForest+EasyEnsemble+IsolationForest,7
0.0949048732467291,1.0,0.05454545454545454,0.10344827586206896,0.8663344172675433,0.3282405020145664,142,1144,0,66,0.8895800933125972,1210,XGBoost+LightGBM+RandomForest+ExtraTrees+AdaBoost_SMOTE+BalancedRandomForest+EasyEnsemble+IsolationForest,8
0.10817205843691924,1.0,0.05454545454545454,0.10344827586206896,0.8657806682690042,0.32870104726198374,142,1144,0,66,0.8895800933125972,1210,XGBoost+RandomForest+ExtraTrees+AdaBoost_SMOTE+BalancedRandomForest+EasyEnsemble+IsolationForest,7
0.10903090844905347,1.0,0.05454545454545454,0.10344827586206896,0.8652033554832933,0.3209971541138255,142,1144,0,66,0.8895800933125972,1210,XGBoost_SMOTE+RandomForest+ExtraTrees+AdaBoost_SMOTE+BalancedRandomForest+EasyEnsemble+IsolationForest,7
0.03836494487781685,1.0,0.05454545454545454,0.10344827586206896,0.8634360714454027,0.3345442871840794,142,1144,0,66,0.8895800933125972,1210,XGBoost+XGBoost_SMOTE+ExtraTrees+LogisticRegression+BalancedRandomForest+IsolationForest,6
0.035201918184391105,1.0,0.05454545454545454,0.10344827586206896,0.8628823224468636,0.32025907449778596,142,1144,0,66,0.8895800933125972,1210,XGBoost+XGBoost_SMOTE+RandomForest+LogisticRegression+GradientBoosting_SMOTE+BalancedRandomForest+IsolationForest,7
0.12678605985722904,1.0,0.05454545454545454,0.10344827586206896,0.8625288656392855,0.30664865719073015,142,1144,0,66,0.8895800933125972,1210,XGBoost_SMOTE+RandomForest+AdaBoost_SMOTE+BalancedRandomForest+EasyEnsemble+IsolationForest,6
0.1267278434900017,1.0,0.05454545454545454,0.10344827586206896,0.8614449314293793,0.3256432529772371,142,1144,0,66,0.8895800933125972,1210,XGBoost+XGBoost_SMOTE+AdaBoost_SMOTE+BalancedRandomForest+EasyEnsemble+IsolationForest,6
0.12578406817640578,1.0,0.054500412881915775,0.1033672670321065,0.8638955652952542,0.3205012700001604,141,1145,0,66,0.890357698289269,1211,XGBoost+RandomForest+AdaBoost_SMOTE+BalancedRandomForest+EasyEnsemble+IsolationForest,6
0.10898100870571574,1.0,0.054500412881915775,0.1033672670321065,0.863565672274848,0.3311623468719757,141,1145,0,66,0.890357698289269,1211,XGBoost+XGBoost_SMOTE+ExtraTrees+AdaBoost_SMOTE+BalancedRandomForest+EasyEnsemble+IsolationForest,7
0.1265001560097954,1.0,0.054500412881915775,0.1033672670321065,0.8631415241057543,0.32784490772863084,141,1145,0,66,0.890357698289269,1211,LightGBM+XGBoost_SMOTE+AdaBoost_SMOTE+BalancedRandomForest+EasyEnsemble+IsolationForest,6
0.12555638069619945,1.0,0.054455445544554455,0.10328638497652583,0.8652387011640511,0.32620821258695304,140,1146,0,66,0.8911353032659409,1212,LightGBM+RandomForest+AdaBoost_SMOTE+BalancedRandomForest+EasyEnsemble+IsolationForest,6
0.039052157778730216,1.0,0.054455445544554455,0.10328638497652583,0.8646024789104105,0.3362548110681049,140,1146,0,66,0.8911353032659409,1212,LightGBM+ExtraTrees+LogisticRegression+GradientBoosting_SMOTE+BalancedRandomForest+IsolationForest,6
0.033829841529527074,1.0,0.054455445544554455,0.10328638497652583,0.8643550591451058,0.3402445093943541,140,1146,0,66,0.8911353032659409,1212,XGBoost+LightGBM+ExtraTrees+LogisticRegression+GradientBoosting_SMOTE+BalancedRandomForest+IsolationForest,7
0.12563395121029977,1.0,0.05441055234954658,0.10320562939796717,0.866204816438098,0.3319585283792482,139,1147,0,66,0.8919129082426127,1213,RandomForest+ExtraTrees+AdaBoost_SMOTE+BalancedRandomForest+EasyEnsemble+IsolationForest,6
0.032456683590232314,1.0,0.05441055234954658,0.10320562939796717,0.8634714171261606,0.32849994619459977,139,1147,0,66,0.8919129082426127,1213,XGBoost+LightGBM+XGBoost_SMOTE+RandomForest+LogisticRegression+BalancedRandomForest+IsolationForest,7
0.04646116616153124,1.0,0.05441055234954658,0.10320562939796717,0.8632829068287856,0.32094535218696973,139,1147,0,66,0.8919129082426127,1213,ExtraTrees+LogisticRegression+GradientBoosting_SMOTE+BalancedRandomForest+IsolationForest,5
0.15026074145235974,1.0,0.05441055234954658,0.10320562939796717,0.8629058862340355,0.30779148504252457,139,1147,0,66,0.8919129082426127,1213,RandomForest+AdaBoost_SMOTE+BalancedRandomForest+EasyEnsemble+IsolationForest,5
0.15139327182867485,1.0,0.05441055234954658,0.10320562939796717,0.85944200951977,0.3027000146729011,139,1147,0,66,0.8919129082426127,1213,XGBoost_SMOTE+AdaBoost_SMOTE+BalancedRandomForest+EasyEnsemble+IsolationForest,5
0.1079269979962618,1.0,0.054365733113673806,0.103125,0.8653447382063245,0.3420328290753806,138,1148,0,66,0.8926905132192846,1214,XGBoost+LightGBM+ExtraTrees+AdaBoost_SMOTE+BalancedRandomForest+EasyEnsemble+IsolationForest,7
0.10878584800839604,1.0,0.054365733113673806,0.103125,0.8651680098025354,0.33849665703648757,138,1148,0,66,0.8926905132192846,1214,LightGBM+XGBoost_SMOTE+ExtraTrees+AdaBoost_SMOTE+BalancedRandomForest+EasyEnsemble+IsolationForest,7
0.12549816432897212,1.0,0.054365733113673806,0.103125,0.8633064706159573,0.33878079651799503,138,1148,0,66,0.8926905132192846,1214,XGBoost+LightGBM+AdaBoost_SMOTE+BalancedRandomForest+EasyEnsemble+IsolationForest,6
0.12557573484307244,1.0,0.05432098765432099,0.10304449648711944,0.8643786229322776,0.3442527165957631,137,1149,0,66,0.8934681181959565,1215,XGBoost+ExtraTrees+AdaBoost_SMOTE+BalancedRandomForest+EasyEnsemble+IsolationForest,6
0.0391336291403274,1.0,0.05432098765432099,0.10304449648711944,0.8635774541684338,0.3390579269758756,137,1149,0,66,0.8934681181959565,1215,XGBoost+ExtraTrees+LogisticRegression+GradientBoosting_SMOTE+BalancedRandomForest+IsolationForest,6
0.1265777265238957,1.0,0.05432098765432099,0.10304449648711944,0.8634125076582309,0.3266676289056406,137,1149,0,66,0.8934681181959565,1215,XGBoost_SMOTE+ExtraTrees+AdaBoost_SMOTE+BalancedRandomForest+EasyEnsemble+IsolationForest,6
0.02495014018288634,1.0,0.05432098765432099,0.10304449648711944,0.861892643385645,0.3342120873989655,137,1149,0,66,0.8934681181959565,1215,LightGBM+XGBoost_SMOTE+RandomForest+ExtraTrees+LogisticRegression+IsolationForest,6
0.12534804736286612,1.0,0.054276315789473686,0.1029641185647426,0.8657924501625901,0.35116083359480554,136,1150,0,66,0.8942457231726283,1216,LightGBM+ExtraTrees+AdaBoost_SMOTE+BalancedRandomForest+EasyEnsemble+IsolationForest,6
0.14991765683543934,1.0,0.054276315789473686,0.1029641185647426,0.8631768697865122,0.3414791097655367,136,1150,0,66,0.8942457231726283,1216,LightGBM+AdaBoost_SMOTE+BalancedRandomForest+EasyEnsemble+IsolationForest,5
0.15019088181168694,1.0,0.054276315789473686,0.1029641185647426,0.8613860219614496,0.3326773227593864,136,1150,0,66,0.8942457231726283,1216,XGBoost+AdaBoost_SMOTE+BalancedRandomForest+EasyEnsemble+IsolationForest,5
0.03745014018288634,1.0,0.054231717337715694,0.10288386593920498,0.863730618785051,0.3262019855576961,135,1151,0,66,0.8950233281493002,1217,LightGBM+XGBoost_SMOTE+RandomForest+LogisticRegression+BalancedRandomForest+IsolationForest,6
0.031783496651285915,1.0,0.054231717337715694,0.10288386593920498,0.8581695650124889,0.31054406816211183,135,1151,0,66,0.8950233281493002,1217,XGBoost_SMOTE+ExtraTrees+LogisticRegression+GradientBoosting_SMOTE+IsolationForest,5
0.15001074145235974,1.0,0.054187192118226604,0.102803738317757,0.863942692869598,0.34341424277978894,134,1152,0,66,0.895800933125972,1218,ExtraTrees+AdaBoost_SMOTE+BalancedRandomForest+EasyEnsemble+IsolationForest,5
0.02682076652019245,1.0,0.054187192118226604,0.102803738317757,0.8603963429002308,0.3280223583192953,134,1152,0,66,0.895800933125972,1218,LightGBM+XGBoost_SMOTE+ExtraTrees+LogisticRegression+GradientBoosting_SMOTE+IsolationForest,6
0.03311555581524136,1.0,0.054142739950779326,0.10272373540856031,0.8638366558273246,0.3307989666887443,133,1153,0,66,0.8965785381026439,1219,XGBoost+LightGBM+RandomForest+LogisticRegression+GradientBoosting_SMOTE+BalancedRandomForest+IsolationForest,7
0.03932076652019245,1.0,0.054142739950779326,0.10272373540856031,0.8635538903812621,0.32205393365757484,133,1153,0,66,0.8965785381026439,1219,LightGBM+XGBoost_SMOTE+LogisticRegression+GradientBoosting_SMOTE+BalancedRandomForest+IsolationForest,6
0.03753161154448351,1.0,0.054142739950779326,0.10272373540856031,0.8624581742777699,0.32298017321363026,133,1153,0,66,0.8965785381026439,1219,XGBoost+XGBoost_SMOTE+RandomForest+LogisticRegression+BalancedRandomForest+IsolationForest,6
0.021742397875946607,1.0,0.054142739950779326,0.10272373540856031,0.8612682030255903,0.3343757820958964,133,1153,0,66,0.8965785381026439,1219,XGBoost+LightGBM+XGBoost_SMOTE+RandomForest+ExtraTrees+LogisticRegression+IsolationForest,7
0.07462516801097628,1.0,0.054142739950779326,0.10272373540856031,0.8557778406145435,0.32036911598752793,133,1153,0,66,0.8965785381026439,1219,XGBoost+LightGBM+XGBoost_SMOTE+RandomForest+GradientBoosting_SMOTE+EasyEnsemble+IsolationForest,7
0.08643769601280567,1.0,0.054142739950779326,0.10272373540856031,0.8541637211932702,0.32053637185897305,133,1153,0,66,0.8965785381026439,1219,XGBoost+LightGBM+XGBoost_SMOTE+GradientBoosting_SMOTE+EasyEnsemble+IsolationForest,6
0.1267947368199651,1.0,0.054142739950779326,0.10272373540856031,0.8468236014892314,0.3195361540443993,133,1153,0,66,0.8965785381026439,1219,XGBoost+GradientBoosting_SMOTE+EasyEnsemble+IsolationForest,4
0.04453874504651858,1.0,0.054098360655737705,0.1026438569206843,0.8621754088317074,0.3159225983221449,132,1154,0,66,0.8973561430793157,1220,XGBoost_SMOTE+RandomForest+LogisticRegression+BalancedRandomForest+IsolationForest,5
0.04678349665128591,1.0,0.054098360655737705,0.1026438569206843,0.8614449314293794,0.3041601233372487,132,1154,0,66,0.8973561430793157,1220,XGBoost_SMOTE+LogisticRegression+GradientBoosting_SMOTE+BalancedRandomForest+IsolationForest,5
0.1018427048390517,1.0,0.054098360655737705,0.1026438569206843,0.8499693670766766,0.3211525595555124,132,1154,0,66,0.8973561430793157,1220,XGBoost+LightGBM+GradientBoosting_SMOTE+EasyEnsemble+IsolationForest,5
0.03821882444539689,1.0,0.05405405405405406,0.10256410256410256,0.8641783307413168,0.33426586888036786,131,1155,0,66,0.8981337480559876,1221,LightGBM+RandomForest+LogisticRegression+GradientBoosting_SMOTE+BalancedRandomForest+IsolationForest,6
0.025031611544483513,1.0,0.05405405405405406,0.10256410256410256,0.8602196144964419,0.32801496571264455,131,1155,0,66,0.8981337480559876,1221,XGBoost+XGBoost_SMOTE+RandomForest+ExtraTrees+LogisticRegression+IsolationForest,6
0.02953874504651858,1.0,0.05405405405405406,0.10256410256410256,0.8591592440737076,0.31952333927104654,131,1155,0,66,0.8981337480559876,1221,XGBoost_SMOTE+RandomForest+ExtraTrees+LogisticRegression+IsolationForest,5
0.18688842681544968,1.0,0.05405405405405406,0.10256410256410256,0.8578278900984967,0.28383447143490953,131,1155,0,66,0.8981337480559876,1221,AdaBoost_SMOTE+BalancedRandomForest+EasyEnsemble+IsolationForest,4
0.08672359986023932,1.0,0.05405405405405406,0.10256410256410256,0.8539163014279655,0.30951781426435265,131,1155,0,66,0.8981337480559876,1221,XGBoost+XGBoost_SMOTE+RandomForest+GradientBoosting_SMOTE+EasyEnsemble+IsolationForest,6
0.12645320559965562,1.0,0.05405405405405406,0.10256410256410256,0.847660115933833,0.32847620748137407,131,1155,0,66,0.8981337480559876,1221,LightGBM+GradientBoosting_SMOTE+EasyEnsemble+IsolationForest,4
0.03406007759363756,1.0,0.054009819967266774,0.10248447204968944,0.86321221546727,0.3286076326301986,130,1156,0,66,0.8989113530326595,1222,XGBoost+LightGBM+XGBoost_SMOTE+LogisticRegression+GradientBoosting_SMOTE+BalancedRandomForest+IsolationForest,7
0.03830029580699406,1.0,0.054009819967266774,0.10248447204968944,0.862823412978934,0.3252009666315,130,1156,0,66,0.8989113530326595,1222,XGBoost+RandomForest+LogisticRegression+GradientBoosting_SMOTE+BalancedRandomForest+IsolationForest,6
0.04261783772970893,1.0,0.054009819967266774,0.10248447204968944,0.8625642113200434,0.33853491808070957,130,1156,0,66,0.8989113530326595,1222,LightGBM+ExtraTrees+LogisticRegression+BalancedRandomForest+IsolationForest,5
0.03940223788178963,1.0,0.054009819967266774,0.10248447204968944,0.8621636269381214,0.32155358702587983,130,1156,0,66,0.8989113530326595,1222,XGBoost+XGBoost_SMOTE+LogisticRegression+GradientBoosting_SMOTE+BalancedRandomForest+IsolationForest,6
0.07444659658240485,1.0,0.054009819967266774,0.10248447204968944,0.8569442480795514,0.3328040054831928,130,1156,0,66,0.8989113530326595,1222,XGBoost+LightGBM+XGBoost_SMOTE+ExtraTrees+GradientBoosting_SMOTE+EasyEnsemble+IsolationForest,7
0.042715603363625544,1.0,0.05396565821749796,0.10240496508921644,0.86132711249352,0.3330723402647087,129,1157,0,66,0.8996889580093312,1223,XGBoost+ExtraTrees+LogisticRegression+BalancedRandomForest+IsolationForest,5
0.05277051819595488,1.0,0.05396565821749796,0.10240496508921644,0.8606319807719496,0.3168408646286936,129,1157,0,66,0.8996889580093312,1223,ExtraTrees+LogisticRegression+BalancedRandomForest+IsolationForest,4
0.08549392069920973,1.0,0.05396565821749796,0.10240496508921644,0.8544347047457468,0.3234801228312462,129,1157,0,66,0.8996889580093312,1223,XGBoost+LightGBM+RandomForest+GradientBoosting_SMOTE+EasyEnsemble+IsolationForest,6
0.1030450948560396,1.0,0.05396565821749796,0.10240496508921644,0.8527263301757858,0.3240118739012934,129,1157,0,66,0.8996889580093312,1223,LightGBM+XGBoost_SMOTE+GradientBoosting_SMOTE+EasyEnsemble+IsolationForest,5
0.10218578945597208,1.0,0.05396565821749796,0.10240496508921644,0.852526037984825,0.3145338806172901,129,1157,0,66,0.8996889580093312,1223,XGBoost+RandomForest+GradientBoosting_SMOTE+EasyEnsemble+IsolationForest,5
0.10331831983228719,1.0,0.05396565821749796,0.10240496508921644,0.8515717046043639,0.31032704237393127,129,1157,0,66,0.8996889580093312,1223,XGBoost+XGBoost_SMOTE+GradientBoosting_SMOTE+EasyEnsemble+IsolationForest,5
0.1282977243412,1.0,0.05396565821749796,0.10240496508921644,0.8464112352137236,0.2898082507076374,129,1157,0,66,0.8996889580093312,1223,XGBoost_SMOTE+GradientBoosting_SMOTE+EasyEnsemble+IsolationForest,4
0.04546116616153124,1.0,0.05392156862745098,0.10232558139534884,0.8624228285970121,0.3160308726534913,128,1158,0,66,0.9004665629860031,1224,RandomForest+LogisticRegression+GradientBoosting_SMOTE+BalancedRandomForest+IsolationForest,5
0.03593085544714214,1.0,0.05392156862745098,0.10232558139534884,0.8623639191290825,0.33898783121523934,128,1158,0,66,0.9004665629860031,1224,XGBoost+LightGBM+ExtraTrees+LogisticRegression+BalancedRandomForest+IsolationForest,6
0.023345791879351842,1.0,0.05392156862745098,0.10232558139534884,0.8609147462180122,0.3356280652159921,128,1158,0,66,0.9004665629860031,1224,XGBoost+LightGBM+XGBoost_SMOTE+ExtraTrees+LogisticRegression+GradientBoosting_SMOTE+IsolationForest,7
0.026902237881789626,1.0,0.05392156862745098,0.10232558139534884,0.8596069560299732,0.3282221878460346,128,1158,0,66,0.9004665629860031,1224,XGBoost+XGBoost_SMOTE+ExtraTrees+LogisticRegression+GradientBoosting_SMOTE+IsolationForest,6
0.025718824445396887,1.0,0.05392156862745098,0.10232558139534884,0.8593595362646684,0.33296115093716894,128,1158,0,66,0.9004665629860031,1224,LightGBM+RandomForest+ExtraTrees+LogisticRegression+GradientBoosting_SMOTE+IsolationForest,6
0.06560952200960425,1.0,0.05392156862745098,0.10232558139534884,0.85831094773552,0.3259318980434009,128,1158,0,66,0.9004665629860031,1224,XGBoost+LightGBM+XGBoost_SMOTE+RandomForest+ExtraTrees+GradientBoosting_SMOTE+EasyEnsemble+IsolationForest,8
0.030461166161531238,1.0,0.05392156862745098,0.10232558139534884,0.8570149394410671,0.31322559039789155,128,1158,0,66,0.9004665629860031,1224,RandomForest+ExtraTrees+LogisticRegression+GradientBoosting_SMOTE+IsolationForest,5
0.086515266526906,1.0,0.05392156862745098,0.10232558139534884,0.85529478297752,0.32696182074490565,128,1158,0,66,0.9004665629860031,1224,XGBoost+XGBoost_SMOTE+ExtraTrees+GradientBoosting_SMOTE+EasyEnsemble+IsolationForest,6
0.16792608182774146,1.0,0.05392156862745098,0.10232558139534884,0.8383288562137707,0.27426059111769635,128,1158,0,66,0.9004665629860031,1224,GradientBoosting_SMOTE+EasyEnsemble+IsolationForest,3
0.022401270100955644,1.0,0.053877551020408164,0.10224632068164213,0.8595362646684576,0.33281062470010997,127,1159,0,66,0.9012441679626749,1225,XGBoost+LightGBM+RandomForest+ExtraTrees+LogisticRegression+GradientBoosting_SMOTE+IsolationForest,7
0.07469165702306227,1.0,0.053877551020408164,0.10224632068164213,0.8570738489089966,0.3206147825248893,127,1159,0,66,0.9012441679626749,1225,XGBoost+XGBoost_SMOTE+RandomForest+ExtraTrees+GradientBoosting_SMOTE+EasyEnsemble+IsolationForest,7
0.022597522113808808,1.0,0.053877551020408164,0.10224632068164213,0.8565790093783873,0.3306243145078753,127,1159,0,66,0.9012441679626749,1225,XGBoost+LightGBM+RandomForest+ExtraTrees+LogisticRegression+IsolationForest,6
0.086495912380033,1.0,0.053877551020408164,0.10224632068164213,0.8558720957632312,0.3160195959862831,127,1159,0,66,0.9012441679626749,1225,LightGBM+XGBoost_SMOTE+RandomForest+GradientBoosting_SMOTE+EasyEnsemble+IsolationForest,6
0.0852855873658764,1.0,0.053877551020408164,0.10224632068164213,0.8551534002544889,0.33091986222003755,127,1159,0,66,0.9012441679626749,1225,XGBoost+LightGBM+ExtraTrees+GradientBoosting_SMOTE+EasyEnsemble+IsolationForest,6
0.10191256447972448,1.0,0.053877551020408164,0.10224632068164213,0.8545053961072624,0.32414117006503773,127,1159,0,66,0.9012441679626749,1225,LightGBM+RandomForest+GradientBoosting_SMOTE+EasyEnsemble+IsolationForest,5
0.025800295806994066,1.0,0.053833605220228384,0.1021671826625387,0.8583934209906215,0.3280421318647844,126,1160,0,66,0.9020217729393468,1226,XGBoost+RandomForest+ExtraTrees+LogisticRegression+GradientBoosting_SMOTE+IsolationForest,6
0.02661783772970893,1.0,0.053833605220228384,0.1021671826625387,0.8558367500824732,0.32931093280330564,126,1160,0,66,0.9020217729393468,1226,LightGBM+RandomForest+ExtraTrees+LogisticRegression+IsolationForest,5
0.10193578945597208,1.0,0.053833605220228384,0.1021671826625387,0.8539045195343795,0.3333328210683185,126,1160,0,66,0.9020217729393468,1226,XGBoost+ExtraTrees+GradientBoosting_SMOTE+EasyEnsemble+IsolationForest,5
0.1268820613708061,1.0,0.053833605220228384,0.1021671826625387,0.8494156180781375,0.3012694551800189,126,1160,0,66,0.9020217729393468,1226,RandomForest+GradientBoosting_SMOTE+EasyEnsemble+IsolationForest,4
0.02671560336362554,1.0,0.05378973105134474,0.10208816705336426,0.8547410339789812,0.3280683485479422,125,1161,0,66,0.9027993779160186,1227,XGBoost+RandomForest+ExtraTrees+LogisticRegression+IsolationForest,5
0.10338817947296,1.0,0.05378973105134474,0.10208816705336426,0.851936943305528,0.29849696436501877,125,1161,0,66,0.9027993779160186,1227,XGBoost_SMOTE+RandomForest+GradientBoosting_SMOTE+EasyEnsemble+IsolationForest,5
0.09969076658391798,1.0,0.05378973105134474,0.10208816705336426,0.8502874782034968,0.3171348101875677,125,1161,0,66,0.9027993779160186,1227,XGBoost+LightGBM+XGBoost_SMOTE+EasyEnsemble+IsolationForest,5
0.08628757904669966,1.0,0.05374592833876222,0.10200927357032458,0.8564022809745983,0.32389171509962567,124,1162,0,66,0.9035769828926905,1228,LightGBM+XGBoost_SMOTE+ExtraTrees+GradientBoosting_SMOTE+EasyEnsemble+IsolationForest,6
0.10166256447972448,1.0,0.05374592833876222,0.10200927357032458,0.854399359064989,0.33528460293208767,124,1162,0,66,0.9035769828926905,1228,LightGBM+ExtraTrees+GradientBoosting_SMOTE+EasyEnsemble+IsolationForest,5
0.032770518195954876,1.0,0.05374592833876222,0.10200927357032458,0.8521961449644186,0.3137487323090662,124,1162,0,66,0.9035769828926905,1228,RandomForest+ExtraTrees+LogisticRegression+IsolationForest,4
0.07449649632574258,1.0,0.05370219690805533,0.10193050193050193,0.8586644045430982,0.3248898094692855,123,1163,0,66,0.9043545878693624,1229,LightGBM+XGBoost_SMOTE+RandomForest+ExtraTrees+GradientBoosting_SMOTE+EasyEnsemble+IsolationForest,7
0.07363764631360835,1.0,0.05370219690805533,0.10193050193050193,0.8576393798011217,0.3339393435297363,123,1163,0,66,0.9043545878693624,1229,XGBoost+LightGBM+RandomForest+ExtraTrees+GradientBoosting_SMOTE+EasyEnsemble+IsolationForest,7
0.08557149121331005,1.0,0.05370219690805533,0.10193050193050193,0.8566143550591451,0.3255288453547668,123,1163,0,66,0.9043545878693624,1229,XGBoost+RandomForest+ExtraTrees+GradientBoosting_SMOTE+EasyEnsemble+IsolationForest,6
0.10313817947296,1.0,0.05370219690805533,0.10193050193050193,0.8531033507705358,0.3079895595174202,123,1163,0,66,0.9043545878693624,1229,XGBoost_SMOTE+ExtraTrees+GradientBoosting_SMOTE+EasyEnsemble+IsolationForest,5
0.1265695613708061,1.0,0.05370219690805533,0.10193050193050193,0.8502403506291532,0.3250582344616502,123,1163,0,66,0.9043545878693624,1229,ExtraTrees+GradientBoosting_SMOTE+EasyEnsemble+IsolationForest,4
0.12410481400104798,1.0,0.05370219690805533,0.10193050193050193,0.8461284697676609,0.31436938568567463,123,1163,0,66,0.9043545878693624,1229,XGBoost+XGBoost_SMOTE+EasyEnsemble+IsolationForest,4
0.08534380373310374,1.0,0.05365853658536585,0.10185185185185185,0.8583580753098639,0.3357240969941379,122,1164,0,66,0.9051321928460342,1230,LightGBM+RandomForest+ExtraTrees+GradientBoosting_SMOTE+EasyEnsemble+IsolationForest,6
0.08657348289413332,1.0,0.05365853658536585,0.10185185185185185,0.856249116357981,0.3156820587545465,122,1164,0,66,0.9051321928460342,1230,XGBoost_SMOTE+RandomForest+ExtraTrees+GradientBoosting_SMOTE+EasyEnsemble+IsolationForest,6
0.03619946418860437,1.0,0.05361494719740049,0.1017733230531997,0.8622107545124652,0.32785362918518896,121,1165,0,66,0.9059097978227061,1231,XGBoost+LightGBM+XGBoost_SMOTE+LogisticRegression+BalancedRandomForest+IsolationForest,6
0.02794016821946361,1.0,0.05361494719740049,0.1017733230531997,0.8582166925868326,0.33302664511755486,121,1165,0,66,0.9059097978227061,1231,LightGBM+XGBoost_SMOTE+ExtraTrees+LogisticRegression+IsolationForest,5
0.12376328278073849,1.0,0.05361494719740049,0.1017733230531997,0.8474598237428719,0.3210014021416884,121,1165,0,66,0.9059097978227061,1231,LightGBM+XGBoost_SMOTE+EasyEnsemble+IsolationForest,4
0.12203265381876867,1.0,0.05361494719740049,0.1017733230531997,0.8358428766671379,0.3139914224472822,121,1165,0,66,0.9059097978227061,1231,XGBoost+LightGBM+EasyEnsemble+IsolationForest,4
0.022631506165066127,1.0,0.05357142857142857,0.1016949152542373,0.8599721947311372,0.3262425584732667,120,1166,0,66,0.9066874027993779,1232,XGBoost+LightGBM+XGBoost_SMOTE+RandomForest+LogisticRegression+GradientBoosting_SMOTE+IsolationForest,7
0.030783496651285915,1.0,0.05357142857142857,0.1016949152542373,0.8566850464206607,0.3070431196115202,120,1166,0,66,0.9066874027993779,1232,XGBoost_SMOTE+RandomForest+LogisticRegression+GradientBoosting_SMOTE+IsolationForest,5
0.10200564909664486,1.0,0.05357142857142857,0.1016949152542373,0.8555657665299967,0.32187065666954356,120,1166,0,66,0.9066874027993779,1232,RandomForest+ExtraTrees+GradientBoosting_SMOTE+EasyEnsemble+IsolationForest,5
0.09855823620760287,1.0,0.05357142857142857,0.1016949152542373,0.8471063669352938,0.3187645649409592,120,1166,0,66,0.9066874027993779,1232,XGBoost+LightGBM+RandomForest+EasyEnsemble+IsolationForest,5
0.12268915103065407,1.0,0.05357142857142857,0.1016949152542373,0.8435600169659269,0.3113376356407117,120,1166,0,66,0.9066874027993779,1232,XGBoost+RandomForest+EasyEnsemble+IsolationForest,4
0.16433951806918531,1.0,0.05357142857142857,0.1016949152542373,0.8367500824732551,0.25859177416844076,120,1166,0,66,0.9066874027993779,1232,XGBoost_SMOTE+EasyEnsemble+IsolationForest,3
0.0429401682194636,1.0,0.0535279805352798,0.10161662817551963,0.8622814458739809,0.32604671259294016,119,1167,0,66,0.9074650077760498,1233,LightGBM+XGBoost_SMOTE+LogisticRegression+BalancedRandomForest+IsolationForest,5
0.03509752211380881,1.0,0.0535279805352798,0.10161662817551963,0.8613624581742777,0.3281319636510188,119,1167,0,66,0.9074650077760498,1233,XGBoost+LightGBM+RandomForest+LogisticRegression+BalancedRandomForest+IsolationForest,6
0.07217202200960425,1.0,0.0535279805352798,0.10161662817551963,0.860184268815684,0.3227184432463117,119,1167,0,66,0.9074650077760498,1233,XGBoost+LightGBM+XGBoost_SMOTE+RandomForest+GradientBoosting_SMOTE+BalancedRandomForest+EasyEnsemble+IsolationForest,8
0.025987433186859116,1.0,0.0535279805352798,0.10161662817551963,0.8598425939016918,0.3238417696231437,119,1167,0,66,0.9074650077760498,1233,LightGBM+XGBoost_SMOTE+RandomForest+LogisticRegression+GradientBoosting_SMOTE+IsolationForest,6
0.026068904548456295,1.0,0.0535279805352798,0.10161662817551963,0.8584641123521373,0.3175532427047591,119,1167,0,66,0.9074650077760498,1233,XGBoost+XGBoost_SMOTE+RandomForest+LogisticRegression+GradientBoosting_SMOTE+IsolationForest,6
0.06731381924688233,1.0,0.0535279805352798,0.10161662817551963,0.8554126019133795,0.3112622430115571,119,1167,0,66,0.9074650077760498,1233,XGBoost+XGBoost_SMOTE+GradientBoosting_SMOTE+AdaBoost_SMOTE+IsolationForest,5
0.03442343130814822,1.0,0.0535279805352798,0.10161662817551963,0.8550944907865593,0.3092827509918608,119,1167,0,66,0.9074650077760498,1233,XGBoost_SMOTE+ExtraTrees+LogisticRegression+IsolationForest,4
0.0997606262245908,1.0,0.0535279805352798,0.10161662817551963,0.8541401574060983,0.31780320739381984,119,1167,0,66,0.9074650077760498,1233,LightGBM+XGBoost_SMOTE+RandomForest+EasyEnsemble+IsolationForest,5
0.043037933853380214,1.0,0.05348460291734198,0.10153846153846154,0.8610914746218012,0.3269281779895712,118,1168,0,66,0.9082426127527217,1234,XGBoost+XGBoost_SMOTE+LogisticRegression+BalancedRandomForest+IsolationForest,5
0.0564339455249683,1.0,0.05348460291734198,0.10153846153846154,0.8581813469060747,0.32415619669030676,118,1168,0,66,0.9082426127527217,1234,XGBoost+LightGBM+XGBoost_SMOTE+GradientBoosting_SMOTE+AdaBoost_SMOTE+IsolationForest,6
0.02446814845111492,1.0,0.05348460291734198,0.10153846153846154,0.8569560299731374,0.33291373388096623,118,1168,0,66,0.9082426127527217,1234,XGBoost+LightGBM+ExtraTrees+LogisticRegression+GradientBoosting_SMOTE+IsolationForest,6
0.06704059427063476,1.0,0.05348460291734198,0.10153846153846154,0.8560841698477779,0.31861262769001814,118,1168,0,66,0.9082426127527217,1234,LightGBM+XGBoost_SMOTE+GradientBoosting_SMOTE+AdaBoost_SMOTE+IsolationForest,5
0.028862589334476264,1.0,0.05348460291734198,0.10153846153846154,0.8558485319760591,0.3323126756310528,118,1168,0,66,0.9082426127527217,1234,LightGBM+ExtraTrees+LogisticRegression+GradientBoosting_SMOTE+IsolationForest,5
0.028960354968392877,1.0,0.05348460291734198,0.10153846153846154,0.8557542768273718,0.33344778365926664,118,1168,0,66,0.9082426127527217,1234,XGBoost+ExtraTrees+LogisticRegression+GradientBoosting_SMOTE+IsolationForest,5
0.08370063881993166,1.0,0.05348460291734198,0.10153846153846154,0.8546467788302936,0.32055236781643,118,1168,0,66,0.9082426127527217,1234,XGBoost+LightGBM+XGBoost_SMOTE+RandomForest+EasyEnsemble+IsolationForest,6
0.03557645770191405,1.0,0.05348460291734198,0.10153846153846154,0.8529148404731608,0.3102085335475641,118,1168,0,66,0.9082426127527217,1234,ExtraTrees+LogisticRegression+GradientBoosting_SMOTE+IsolationForest,4
0.10003385120083838,1.0,0.05348460291734198,0.10153846153846154,0.8525731655591686,0.3133348139710387,118,1168,0,66,0.9082426127527217,1234,XGBoost+XGBoost_SMOTE+RandomForest+EasyEnsemble+IsolationForest,5
0.1223476198103446,1.0,0.05348460291734198,0.10153846153846154,0.8439134737735049,0.3156573359963381,118,1168,0,66,0.9082426127527217,1234,LightGBM+RandomForest+EasyEnsemble+IsolationForest,4
0.08199649632574257,1.0,0.05344129554655871,0.10146041506533436,0.8602431782836137,0.3192032219297029,117,1169,0,66,0.9090202177293935,1235,LightGBM+XGBoost_SMOTE+RandomForest+GradientBoosting_SMOTE+BalancedRandomForest+EasyEnsemble+IsolationForest,7
0.05317343130814822,1.0,0.05344129554655871,0.10146041506533436,0.8600546679862388,0.3008001036541541,117,1169,0,66,0.9090202177293935,1235,XGBoost_SMOTE+LogisticRegression+BalancedRandomForest+IsolationForest,4
0.08194659658240486,1.0,0.05344129554655871,0.10146041506533436,0.8591474621801216,0.3239800968070344,117,1169,0,66,0.9090202177293935,1235,XGBoost+LightGBM+XGBoost_SMOTE+GradientBoosting_SMOTE+BalancedRandomForest+EasyEnsemble+IsolationForest,7
0.08219165702306228,1.0,0.05344129554655871,0.10146041506533436,0.8589236062019887,0.31223815457560206,117,1169,0,66,0.9090202177293935,1235,XGBoost+XGBoost_SMOTE+RandomForest+GradientBoosting_SMOTE+BalancedRandomForest+EasyEnsemble+IsolationForest,7
0.08329209860944392,1.0,0.05344129554655871,0.10146041506533436,0.8498162024600594,0.28086240790124484,117,1169,0,66,0.9090202177293935,1235,XGBoost_SMOTE+GradientBoosting_SMOTE+AdaBoost_SMOTE+IsolationForest,4
0.16204116647011652,1.0,0.05344129554655871,0.10146041506533436,0.8276191149441539,0.29991462360048776,117,1169,0,66,0.9090202177293935,1235,XGBoost+EasyEnsemble+IsolationForest,3
0.16187822374692215,1.0,0.05344129554655871,0.10146041506533436,0.8241434563363024,0.299326275517267,117,1169,0,66,0.9090202177293935,1235,LightGBM+EasyEnsemble+IsolationForest,3
0.04161783772970893,1.0,0.05339805825242718,0.10138248847926268,0.8613624581742778,0.327122854949315,116,1170,0,66,0.9097978227060654,1236,LightGBM+RandomForest+LogisticRegression+BalancedRandomForest+IsolationForest,5
0.04171560336362554,1.0,0.05339805825242718,0.10138248847926268,0.8602313963900278,0.3246139891148192,116,1170,0,66,0.9097978227060654,1236,XGBoost+RandomForest+LogisticRegression+BalancedRandomForest+IsolationForest,5
0.06583820425364684,1.0,0.05339805825242718,0.10138248847926268,0.856449408548942,0.3287093485810465,116,1170,0,66,0.9097978227060654,1236,XGBoost+LightGBM+GradientBoosting_SMOTE+AdaBoost_SMOTE+IsolationForest,5
0.08178911108820902,1.0,0.05339805825242718,0.10138248847926268,0.8530797869833641,0.31922713706165573,116,1170,0,66,0.9097978227060654,1236,XGBoost+GradientBoosting_SMOTE+AdaBoost_SMOTE+IsolationForest,4
0.12419213855188897,1.0,0.05339805825242718,0.10138248847926268,0.8492271077807626,0.29936079247015873,116,1170,0,66,0.9097978227060654,1236,XGBoost_SMOTE+RandomForest+EasyEnsemble+IsolationForest,4
0.16245196744199344,1.0,0.05339805825242718,0.10138248847926268,0.8326028559310052,0.26387532326301116,116,1170,0,66,0.9097978227060654,1236,RandomForest+EasyEnsemble+IsolationForest,3
0.24180295116299017,1.0,0.05339805825242718,0.10138248847926268,0.7634431405815544,0.11366807937780621,116,1170,0,66,0.9097978227060654,1236,EasyEnsemble+IsolationForest,2
0.08113764631360834,1.0,0.05335489086499596,0.10130468150422103,0.860384561006645,0.3262820639653424,115,1171,0,66,0.9105754276827371,1237,XGBoost+LightGBM+RandomForest+GradientBoosting_SMOTE+BalancedRandomForest+EasyEnsemble+IsolationForest,7
0.05152051819595488,1.0,0.05335489086499596,0.10130468150422103,0.8593831000518403,0.3078834531899372,115,1171,0,66,0.9105754276827371,1237,RandomForest+LogisticRegression+BalancedRandomForest+IsolationForest,4
0.02369946418860437,1.0,0.05335489086499596,0.10130468150422103,0.8591356802865356,0.33537463402528433,115,1171,0,66,0.9105754276827371,1237,XGBoost+LightGBM+XGBoost_SMOTE+ExtraTrees+LogisticRegression+IsolationForest,6
0.056511516039068614,1.0,0.05335489086499596,0.10130468150422103,0.8591238983929499,0.3258397471939461,115,1171,0,66,0.9105754276827371,1237,XGBoost+XGBoost_SMOTE+ExtraTrees+GradientBoosting_SMOTE+AdaBoost_SMOTE+IsolationForest,6
0.028037933853380215,1.0,0.05335489086499596,0.10130468150422103,0.8571916678448559,0.3287692123399087,115,1171,0,66,0.9105754276827371,1237,XGBoost+XGBoost_SMOTE+ExtraTrees+LogisticRegression+IsolationForest,5
0.08144757986789955,1.0,0.05335489086499596,0.10130468150422103,0.8532800791743249,0.3224148298897713,115,1171,0,66,0.9105754276827371,1237,LightGBM+GradientBoosting_SMOTE+AdaBoost_SMOTE+IsolationForest,4
0.0825485301730024,1.0,0.05335489086499596,0.10130468150422103,0.8524082190489657,0.3276296535232732,115,1171,0,66,0.9105754276827371,1237,XGBoost+LightGBM+RandomForest+ExtraTrees+EasyEnsemble+IsolationForest,6
0.09830823620760287,1.0,0.05335489086499596,0.10130468150422103,0.8455629388755361,0.33164206304006355,115,1171,0,66,0.9105754276827371,1237,XGBoost+LightGBM+ExtraTrees+EasyEnsemble+IsolationForest,5
0.040360690927939834,1.0,0.05335489086499596,0.10130468150422103,0.8435835807530987,0.3013560656570314,115,1171,0,66,0.9105754276827371,1237,ExtraTrees+LogisticRegression+IsolationForest,3
0.06443068623075934,1.0,0.05331179321486268,0.10122699386503067,0.861904425279231,0.32766620423304743,114,1172,0,66,0.911353032659409,1238,XGBoost+LightGBM+XGBoost_SMOTE+RandomForest+ExtraTrees+GradientBoosting_SMOTE+BalancedRandomForest+EasyEnsemble+IsolationForest,9
0.07201577200960425,1.0,0.05331179321486268,0.10122699386503067,0.8609854375795278,0.33284521415524215,114,1172,0,66,0.911353032659409,1238,XGBoost+LightGBM+XGBoost_SMOTE+ExtraTrees+GradientBoosting_SMOTE+BalancedRandomForest+EasyEnsemble+IsolationForest,8
0.09432149121331006,1.0,0.05331179321486268,0.10122699386503067,0.8592063716480512,0.3199900223099833,114,1172,0,66,0.911353032659409,1238,XGBoost+RandomForest+GradientBoosting_SMOTE+BalancedRandomForest+EasyEnsemble+IsolationForest,6
0.08377820933403198,1.0,0.05331179321486268,0.10122699386503067,0.8564376266553559,0.32818664045127527,114,1172,0,66,0.911353032659409,1238,XGBoost+XGBoost_SMOTE+RandomForest+ExtraTrees+EasyEnsemble+IsolationForest,6
0.06713367888755514,1.0,0.05331179321486268,0.10122699386503067,0.8562491163579811,0.31747531995968314,114,1172,0,66,0.911353032659409,1238,XGBoost_SMOTE+ExtraTrees+GradientBoosting_SMOTE+AdaBoost_SMOTE+IsolationForest,5
0.08349230548659832,1.0,0.05331179321486268,0.10122699386503067,0.854764597766153,0.32975865752877626,114,1172,0,66,0.911353032659409,1238,XGBoost+LightGBM+XGBoost_SMOTE+ExtraTrees+EasyEnsemble+IsolationForest,6
0.09978385120083838,1.0,0.05331179321486268,0.10122699386503067,0.8526674207078562,0.32301803841223303,114,1172,0,66,0.911353032659409,1238,XGBoost+XGBoost_SMOTE+ExtraTrees+EasyEnsemble+IsolationForest,5
0.09837809584827568,1.0,0.05331179321486268,0.10122699386503067,0.8519015976247704,0.3334717271242962,114,1172,0,66,0.911353032659409,1238,LightGBM+RandomForest+ExtraTrees+EasyEnsemble+IsolationForest,5
0.09865132082452326,1.0,0.05331179321486268,0.10122699386503067,0.8509237004571375,0.3272867786212481,114,1172,0,66,0.911353032659409,1238,XGBoost+RandomForest+ExtraTrees+EasyEnsemble+IsolationForest,5
0.12387963855188898,1.0,0.05331179321486268,0.10122699386503067,0.8492977991422781,0.3095895919923021,114,1172,0,66,0.911353032659409,1238,XGBoost_SMOTE+ExtraTrees+EasyEnsemble+IsolationForest,4
0.12237665103065408,1.0,0.05331179321486268,0.10122699386503067,0.8424525189688487,0.32860590239778975,114,1172,0,66,0.911353032659409,1238,XGBoost+ExtraTrees+EasyEnsemble+IsolationForest,4
0.04386258933447627,1.0,0.053268765133171914,0.10114942528735632,0.8624699561713559,0.3297419127992049,113,1173,0,66,0.9121306376360808,1239,LightGBM+LogisticRegression+GradientBoosting_SMOTE+BalancedRandomForest+IsolationForest,5
0.04872909616425853,1.0,0.053268765133171914,0.10114942528735632,0.861515622790895,0.3273567768251566,113,1173,0,66,0.9121306376360808,1239,XGBoost+LightGBM+XGBoost_SMOTE+ExtraTrees+GradientBoosting_SMOTE+AdaBoost_SMOTE+IsolationForest,7
0.0722301998951795,1.0,0.053268765133171914,0.10114942528735632,0.860761581601395,0.32442007152560626,113,1173,0,66,0.9121306376360808,1239,XGBoost+XGBoost_SMOTE+RandomForest+ExtraTrees+GradientBoosting_SMOTE+BalancedRandomForest+EasyEnsemble+IsolationForest,8
0.08201308559449084,1.0,0.053268765133171914,0.10114942528735632,0.8599604128375513,0.32580774490297143,113,1173,0,66,0.9121306376360808,1239,XGBoost+XGBoost_SMOTE+ExtraTrees+GradientBoosting_SMOTE+BalancedRandomForest+EasyEnsemble+IsolationForest,7
0.05628382855886229,1.0,0.053268765133171914,0.10114942528735632,0.859807248220934,0.32794388075257597,113,1173,0,66,0.9121306376360808,1239,LightGBM+XGBoost_SMOTE+ExtraTrees+GradientBoosting_SMOTE+AdaBoost_SMOTE+IsolationForest,6
0.05649216189219563,1.0,0.053268765133171914,0.10114942528735632,0.8594773552005279,0.3106320782634244,113,1173,0,66,0.9121306376360808,1239,LightGBM+XGBoost_SMOTE+RandomForest+GradientBoosting_SMOTE+AdaBoost_SMOTE+IsolationForest,6
0.07210054755994143,1.0,0.053268765133171914,0.10114942528735632,0.8577336349498091,0.3309246538115979,113,1173,0,66,0.9121306376360808,1239,XGBoost+LightGBM+XGBoost_SMOTE+RandomForest+ExtraTrees+EasyEnsemble+IsolationForest,7
0.06738367888755514,1.0,0.053268765133171914,0.10114942528735632,0.8551534002544888,0.2885507198139267,113,1173,0,66,0.9121306376360808,1239,XGBoost_SMOTE+RandomForest+GradientBoosting_SMOTE+AdaBoost_SMOTE+IsolationForest,5
0.0995106262245908,1.0,0.053268765133171914,0.10114942528735632,0.8542815401291295,0.33097390365040036,113,1173,0,66,0.9121306376360808,1239,LightGBM+XGBoost_SMOTE+ExtraTrees+EasyEnsemble+IsolationForest,5
0.034326457701914045,1.0,0.053268765133171914,0.10114942528735632,0.8512418115839577,0.3058400514989221,113,1173,0,66,0.9121306376360808,1239,RandomForest+LogisticRegression+GradientBoosting_SMOTE+IsolationForest,4
0.12246397558149508,1.0,0.053268765133171914,0.10114942528735632,0.8484377209105048,0.330269057956947,113,1173,0,66,0.9121306376360808,1239,RandomForest+ExtraTrees+EasyEnsemble+IsolationForest,4
0.07130794052440731,1.0,0.0532258064516129,0.10107197549770292,0.8619044252792308,0.3334187152197364,112,1174,0,66,0.9129082426127527,1240,XGBoost+LightGBM+RandomForest+ExtraTrees+GradientBoosting_SMOTE+BalancedRandomForest+EasyEnsemble+IsolationForest,8
0.05432645770191404,1.0,0.0532258064516129,0.10107197549770292,0.8607851453885669,0.3090583423510525,112,1174,0,66,0.9129082426127527,1240,LogisticRegression+GradientBoosting_SMOTE+BalancedRandomForest+IsolationForest,4
0.09532348289413332,1.0,0.0532258064516129,0.10107197549770292,0.8584052028842075,0.3088539597795137,112,1174,0,66,0.9129082426127527,1240,XGBoost_SMOTE+RandomForest+GradientBoosting_SMOTE+BalancedRandomForest+EasyEnsemble+IsolationForest,6
0.09526526652690599,1.0,0.0532258064516129,0.10107197549770292,0.8574273057165749,0.314356744270525,112,1174,0,66,0.9129082426127527,1240,XGBoost+XGBoost_SMOTE+GradientBoosting_SMOTE+BalancedRandomForest+EasyEnsemble+IsolationForest,6
0.029184919824230944,1.0,0.0532258064516129,0.10107197549770292,0.8561548612092936,0.31805456272147264,112,1174,0,66,0.9129082426127527,1240,LightGBM+XGBoost_SMOTE+LogisticRegression+GradientBoosting_SMOTE+IsolationForest,5
0.09985371084151118,1.0,0.0532258064516129,0.10107197549770292,0.8553536924454498,0.3191428435326531,112,1174,0,66,0.9129082426127527,1240,XGBoost_SMOTE+RandomForest+ExtraTrees+EasyEnsemble+IsolationForest,5
0.03597937081410739,1.0,0.0532258064516129,0.10107197549770292,0.8525849474527545,0.29463932683956523,112,1174,0,66,0.9129082426127527,1240,XGBoost_SMOTE+LogisticRegression+GradientBoosting_SMOTE+IsolationForest,4
0.030772297162136163,1.0,0.0532258064516129,0.10107197549770292,0.8497219473113719,0.33517887288102605,112,1174,0,66,0.9129082426127527,1240,LightGBM+ExtraTrees+LogisticRegression+IsolationForest,4
0.1079185808520667,1.0,0.0532258064516129,0.10107197549770292,0.8438899099863331,0.26741871170216175,112,1174,0,66,0.9129082426127527,1240,GradientBoosting_SMOTE+AdaBoost_SMOTE+IsolationForest,3
0.08100897462837464,1.0,0.0531829170024174,0.1009946442234124,0.8630354870634808,0.33428744349685896,111,1175,0,66,0.9136858475894246,1241,LightGBM+RandomForest+ExtraTrees+GradientBoosting_SMOTE+BalancedRandomForest+EasyEnsemble+IsolationForest,7
0.03696814845111492,1.0,0.0531829170024174,0.1009946442234124,0.8625406475328715,0.3340640657307396,111,1175,0,66,0.9136858475894246,1241,XGBoost+LightGBM+LogisticRegression+GradientBoosting_SMOTE+BalancedRandomForest+IsolationForest,6
0.08120413532569434,1.0,0.0531829170024174,0.1009946442234124,0.8614331495357934,0.3269940655279799,111,1175,0,66,0.9136858475894246,1241,XGBoost+RandomForest+ExtraTrees+GradientBoosting_SMOTE+BalancedRandomForest+EasyEnsemble+IsolationForest,7
0.05549017021137236,1.0,0.0531829170024174,0.1009946442234124,0.8599486309439653,0.3218057068782045,111,1175,0,66,0.9136858475894246,1241,XGBoost+LightGBM+RandomForest+GradientBoosting_SMOTE+AdaBoost_SMOTE+IsolationForest,6
0.06565806389431963,1.0,0.0531829170024174,0.1009946442234124,0.8590296432442622,0.33833338041042404,111,1175,0,66,0.9136858475894246,1241,LightGBM+ExtraTrees+GradientBoosting_SMOTE+AdaBoost_SMOTE+IsolationForest,5
0.0940355873658764,1.0,0.0531829170024174,0.1009946442234124,0.8589707337763325,0.3274314636402256,111,1175,0,66,0.9136858475894246,1241,XGBoost+LightGBM+GradientBoosting_SMOTE+BalancedRandomForest+EasyEnsemble+IsolationForest,6
0.06590806389431964,1.0,0.0531829170024174,0.1009946442234124,0.8588293510533014,0.3195875103498124,111,1175,0,66,0.9136858475894246,1241,LightGBM+RandomForest+GradientBoosting_SMOTE+AdaBoost_SMOTE+IsolationForest,5
0.08355052185382567,1.0,0.0531829170024174,0.1009946442234124,0.8580753098638013,0.32948823910653374,111,1175,0,66,0.9136858475894246,1241,LightGBM+XGBoost_SMOTE+RandomForest+ExtraTrees+EasyEnsemble+IsolationForest,6
0.026940168219463607,1.0,0.0531829170024174,0.1009946442234124,0.8579810547151139,0.3216147154949173,111,1175,0,66,0.9136858475894246,1241,LightGBM+XGBoost_SMOTE+RandomForest+LogisticRegression+IsolationForest,5
0.027862589334476263,1.0,0.0531829170024174,0.1009946442234124,0.8553654743390359,0.3271358408861959,111,1175,0,66,0.9136858475894246,1241,LightGBM+RandomForest+LogisticRegression+GradientBoosting_SMOTE+IsolationForest,5
0.033173431308148225,1.0,0.0531829170024174,0.1009946442234124,0.8545407417880201,0.3052163193372835,111,1175,0,66,0.9136858475894246,1241,XGBoost_SMOTE+RandomForest+LogisticRegression+IsolationForest,4
0.08187643563905003,1.0,0.0531829170024174,0.1009946442234124,0.8542579763419577,0.2969780996356374,111,1175,0,66,0.9136858475894246,1241,RandomForest+GradientBoosting_SMOTE+AdaBoost_SMOTE+IsolationForest,4
0.07205943428502476,1.0,0.05314009661835749,0.10091743119266056,0.86208115368302,0.3267811150649384,110,1176,0,66,0.9144634525660964,1242,LightGBM+XGBoost_SMOTE+RandomForest+ExtraTrees+GradientBoosting_SMOTE+BalancedRandomForest+EasyEnsemble+IsolationForest,8
0.09409380373310373,1.0,0.05314009661835749,0.10091743119266056,0.8612682030255903,0.32841536885123845,110,1176,0,66,0.9144634525660964,1242,LightGBM+RandomForest+GradientBoosting_SMOTE+BalancedRandomForest+EasyEnsemble+IsolationForest,6
0.055281836878039024,1.0,0.05314009661835749,0.10091743119266056,0.8604788161553325,0.33018080290180757,110,1176,0,66,0.9144634525660964,1242,XGBoost+LightGBM+ExtraTrees+GradientBoosting_SMOTE+AdaBoost_SMOTE+IsolationForest,6
0.09503757904669967,1.0,0.05314009661835749,0.10091743119266056,0.859430227626184,0.3200370426714691,110,1176,0,66,0.9144634525660964,1242,LightGBM+XGBoost_SMOTE+GradientBoosting_SMOTE+BalancedRandomForest+EasyEnsemble+IsolationForest,6
0.02473675719257715,1.0,0.05314009661835749,0.10091743119266056,0.8578514538856685,0.32559907037457847,110,1176,0,66,0.9144634525660964,1242,XGBoost+LightGBM+XGBoost_SMOTE+LogisticRegression+GradientBoosting_SMOTE+IsolationForest,6
0.06618128887056722,1.0,0.05314009661835749,0.10091743119266056,0.8570856308025826,0.30905043700008017,110,1176,0,66,0.9144634525660964,1242,XGBoost+RandomForest+GradientBoosting_SMOTE+AdaBoost_SMOTE+IsolationForest,5
0.02928268545814755,1.0,0.05314009661835749,0.10091743119266056,0.8554479475941373,0.31252059172266505,110,1176,0,66,0.9144634525660964,1242,XGBoost+XGBoost_SMOTE+LogisticRegression+GradientBoosting_SMOTE+IsolationForest,5
0.08156393563905003,1.0,0.05314009661835749,0.10091743119266056,0.8543757952778172,0.32537118389685027,110,1176,0,66,0.9144634525660964,1242,ExtraTrees+GradientBoosting_SMOTE+AdaBoost_SMOTE+IsolationForest,4
0.027960354968392876,1.0,0.05314009661835749,0.10091743119266056,0.8542933220227155,0.3193498090583681,110,1176,0,66,0.9144634525660964,1242,XGBoost+RandomForest+LogisticRegression+GradientBoosting_SMOTE+IsolationForest,5
0.02511702653657057,1.0,0.05314009661835749,0.10091743119266056,0.8520076346670437,0.3384633612308545,110,1176,0,66,0.9144634525660964,1242,XGBoost+LightGBM+ExtraTrees+LogisticRegression+IsolationForest,5
0.030894504204531926,1.0,0.05314009661835749,0.10091743119266056,0.8494509637588954,0.33097382934634856,110,1176,0,66,0.9144634525660964,1242,XGBoost+ExtraTrees+LogisticRegression+IsolationForest,4
0.16203530077532677,1.0,0.05314009661835749,0.10091743119266056,0.8312479381686225,0.29860966060516153,110,1176,0,66,0.9144634525660964,1242,ExtraTrees+EasyEnsemble+IsolationForest,3
0.09417137424720406,1.0,0.05309734513274336,0.10084033613445378,0.8616687874075123,0.3250003194337693,109,1177,0,66,0.9152410575427683,1243,RandomForest+ExtraTrees+GradientBoosting_SMOTE+BalancedRandomForest+EasyEnsemble+IsolationForest,6
0.04396035496839287,1.0,0.05309734513274336,0.10084033613445378,0.8615980960459966,0.327733789997844,109,1177,0,66,0.9152410575427683,1243,XGBoost+LogisticRegression+GradientBoosting_SMOTE+BalancedRandomForest+IsolationForest,5
0.04890766759282996,1.0,0.05309734513274336,0.10084033613445378,0.8604670342617466,0.31810285408585165,109,1177,0,66,0.9152410575427683,1243,XGBoost+LightGBM+XGBoost_SMOTE+RandomForest+GradientBoosting_SMOTE+AdaBoost_SMOTE+IsolationForest,7
0.06593128887056722,1.0,0.05309734513274336,0.10084033613445378,0.8586290588623403,0.3370959245604391,109,1177,0,66,0.9152410575427683,1243,XGBoost+ExtraTrees+GradientBoosting_SMOTE+AdaBoost_SMOTE+IsolationForest,5
0.05671984937240195,1.0,0.05309734513274336,0.10084033613445378,0.8581931287996607,0.3105599334586829,109,1177,0,66,0.9152410575427683,1243,XGBoost+XGBoost_SMOTE+RandomForest+GradientBoosting_SMOTE+AdaBoost_SMOTE+IsolationForest,6
0.11363817947296,1.0,0.05309734513274336,0.10084033613445378,0.8563669352938404,0.3033668388880673,109,1177,0,66,0.9152410575427683,1243,XGBoost_SMOTE+GradientBoosting_SMOTE+BalancedRandomForest+EasyEnsemble+IsolationForest,5
0.023634815117781583,1.0,0.05309734513274336,0.10084033613445378,0.8561666431028795,0.32746505259175795,109,1177,0,66,0.9152410575427683,1243,XGBoost+LightGBM+RandomForest+LogisticRegression+GradientBoosting_SMOTE+IsolationForest,6
0.1220351198103446,1.0,0.05309734513274336,0.10084033613445378,0.8411329468872236,0.33254422606022926,109,1177,0,66,0.9152410575427683,1243,LightGBM+ExtraTrees+EasyEnsemble+IsolationForest,4
0.08095907488503692,1.0,0.05305466237942122,0.10076335877862595,0.8609265281115981,0.3371095269405556,108,1178,0,66,0.9160186625194401,1244,XGBoost+LightGBM+ExtraTrees+GradientBoosting_SMOTE+BalancedRandomForest+EasyEnsemble+IsolationForest,7
0.08206298533782856,1.0,0.05305466237942122,0.10076335877862595,0.8606437626655357,0.3180156692767944,108,1178,0,66,0.9160186625194401,1244,XGBoost_SMOTE+RandomForest+ExtraTrees+GradientBoosting_SMOTE+BalancedRandomForest+EasyEnsemble+IsolationForest,7
0.11250564909664487,1.0,0.05305466237942122,0.10076335877862595,0.8592299354352232,0.31203226368504117,108,1178,0,66,0.9160186625194401,1244,RandomForest+GradientBoosting_SMOTE+BalancedRandomForest+EasyEnsemble+IsolationForest,5
0.04310670914372622,1.0,0.05301204819277108,0.10068649885583524,0.8629530138083793,0.3247427352422272,107,1179,0,66,0.916796267496112,1245,XGBoost+LightGBM+XGBoost_SMOTE+RandomForest+ExtraTrees+GradientBoosting_SMOTE+AdaBoost_SMOTE+IsolationForest,8
0.04792014589546202,1.0,0.05301204819277108,0.10068649885583524,0.8627762854045903,0.3313797521757781,107,1179,0,66,0.916796267496112,1245,XGBoost+LightGBM+RandomForest+ExtraTrees+GradientBoosting_SMOTE+AdaBoost_SMOTE+IsolationForest,7
0.09411315787997672,1.0,0.05301204819277108,0.10068649885583524,0.860231396390028,0.3382959697883008,107,1179,0,66,0.916796267496112,1245,XGBoost+ExtraTrees+GradientBoosting_SMOTE+BalancedRandomForest+EasyEnsemble+IsolationForest,6
0.11243578945597207,1.0,0.05301204819277108,0.10068649885583524,0.8578867995664263,0.32082138913647323,107,1179,0,66,0.916796267496112,1245,XGBoost+GradientBoosting_SMOTE+BalancedRandomForest+EasyEnsemble+IsolationForest,5
0.08181792489717114,1.0,0.052969502407704656,0.10060975609756098,0.8609972194731138,0.3266373418138443,106,1180,0,66,0.9175738724727839,1246,LightGBM+XGBoost_SMOTE+ExtraTrees+GradientBoosting_SMOTE+BalancedRandomForest+EasyEnsemble+IsolationForest,7
0.05656973240629595,1.0,0.052969502407704656,0.10060975609756098,0.859241717328809,0.30940011579918836,106,1180,0,66,0.9175738724727839,1246,XGBoost_SMOTE+RandomForest+ExtraTrees+GradientBoosting_SMOTE+AdaBoost_SMOTE+IsolationForest,6
0.048778995907596254,1.0,0.05292702485966319,0.10053313023610053,0.8623874829162542,0.3189686745516695,105,1181,0,66,0.9183514774494557,1247,LightGBM+XGBoost_SMOTE+RandomForest+ExtraTrees+GradientBoosting_SMOTE+AdaBoost_SMOTE+IsolationForest,7
0.05534005324526636,1.0,0.05292702485966319,0.10053313023610053,0.8622343182996371,0.331203125075231,105,1181,0,66,0.9183514774494557,1247,LightGBM+RandomForest+ExtraTrees+GradientBoosting_SMOTE+AdaBoost_SMOTE+IsolationForest,6
0.048974156604915955,1.0,0.05292702485966319,0.10053313023610053,0.8610443470474575,0.3173838542423413,105,1181,0,66,0.9183514774494557,1247,XGBoost+XGBoost_SMOTE+RandomForest+ExtraTrees+GradientBoosting_SMOTE+AdaBoost_SMOTE+IsolationForest,7
0.04952229716213616,1.0,0.05292702485966319,0.10053313023610053,0.8597247749658324,0.33849957403036407,105,1181,0,66,0.9183514774494557,1247,LightGBM+LogisticRegression+BalancedRandomForest+IsolationForest,4
0.02703793385338022,1.0,0.05292702485966319,0.10053313023610053,0.856626136952731,0.31800771767259045,105,1181,0,66,0.9183514774494557,1247,XGBoost+XGBoost_SMOTE+RandomForest+LogisticRegression+IsolationForest,5
0.09388547039977041,1.0,0.052884615384615384,0.1004566210045662,0.861692351194684,0.3386131598178387,104,1182,0,66,0.9191290824261276,1248,LightGBM+ExtraTrees+GradientBoosting_SMOTE+BalancedRandomForest+EasyEnsemble+IsolationForest,6
0.11216256447972447,1.0,0.052884615384615384,0.1004566210045662,0.85944200951977,0.33619596920732964,104,1182,0,66,0.9191290824261276,1248,LightGBM+GradientBoosting_SMOTE+BalancedRandomForest+EasyEnsemble+IsolationForest,5
0.022866130855271036,1.0,0.052884615384615384,0.1004566210045662,0.8582402563740044,0.32249087209820304,104,1182,0,66,0.9191290824261276,1248,XGBoost+LightGBM+XGBoost_SMOTE+RandomForest+LogisticRegression+IsolationForest,6
0.10187265877145137,1.0,0.052884615384615384,0.1004566210045662,0.841639568311419,0.31734136870146895,104,1182,0,66,0.9191290824261276,1248,LightGBM+AdaBoost_SMOTE+IsolationForest,3
0.15179169969947803,1.0,0.052884615384615384,0.1004566210045662,0.798918422168811,0.14163108622563708,104,1182,0,66,0.9191290824261276,1248,AdaBoost_SMOTE+IsolationForest,2
0.055567740725472686,1.0,0.05284227381905524,0.10038022813688213,0.8610090013666997,0.32058369637414835,103,1183,0,66,0.9199066874027994,1249,XGBoost+RandomForest+ExtraTrees+GradientBoosting_SMOTE+AdaBoost_SMOTE+IsolationForest,6
0.040117026536570566,1.0,0.05284227381905524,0.10038022813688213,0.8597719025401763,0.34024165946268925,103,1183,0,66,0.9199066874027994,1249,XGBoost+LightGBM+LogisticRegression+BalancedRandomForest+IsolationForest,5
0.0006556393944727508,1.0,0.05284227381905524,0.10038022813688213,0.8595127008812856,0.32200925513283163,103,1183,0,66,0.9199066874027994,1249,LightGBM,1
0.06600114851124003,1.0,0.05284227381905524,0.10038022813688213,0.8594184457325982,0.3197149502196914,103,1183,0,66,0.9199066874027994,1249,RandomForest+ExtraTrees+GradientBoosting_SMOTE+AdaBoost_SMOTE+IsolationForest,5
0.1396945613708061,1.0,0.05284227381905524,0.10038022813688213,0.8569560299731372,0.30511982361408074,103,1183,0,66,0.9199066874027994,1249,GradientBoosting_SMOTE+BalancedRandomForest+EasyEnsemble+IsolationForest,4
0.07875765704898242,1.0,0.05284227381905524,0.10038022813688213,0.8530208775154343,0.3213625122308108,103,1183,0,66,0.9199066874027994,1249,LightGBM+XGBoost_SMOTE+AdaBoost_SMOTE+IsolationForest,4
0.03232823666809533,1.0,0.05284227381905524,0.10038022813688213,0.8502167868419813,0.3289923302060553,103,1183,0,66,0.9199066874027994,1249,LightGBM+LogisticRegression+GradientBoosting_SMOTE+IsolationForest,4
0.10232803373186401,1.0,0.05284227381905524,0.10038022813688213,0.8429002309251142,0.30785164105042717,103,1183,0,66,0.9199066874027994,1249,XGBoost+AdaBoost_SMOTE+IsolationForest,3
0.09511514956079999,1.0,0.0528,0.10030395136778116,0.8593595362646685,0.3139301586641397,102,1184,0,66,0.9206842923794712,1250,XGBoost_SMOTE+ExtraTrees+GradientBoosting_SMOTE+BalancedRandomForest+EasyEnsemble+IsolationForest,6
0.07960054755994142,1.0,0.0528,0.10030395136778116,0.8593241905839106,0.32280201876351355,102,1184,0,66,0.9206842923794712,1250,XGBoost+LightGBM+XGBoost_SMOTE+RandomForest+BalancedRandomForest+EasyEnsemble+IsolationForest,7
0.049644504204531925,1.0,0.0528,0.10030395136778116,0.8588411329468872,0.33502623447031243,102,1184,0,66,0.9206842923794712,1250,XGBoost+LogisticRegression+BalancedRandomForest+IsolationForest,4
0.06536069092793984,1.0,0.0528,0.10030395136778116,0.8555657665299967,0.2688335455779799,102,1184,0,66,0.9206842923794712,1250,LogisticRegression+BalancedRandomForest+IsolationForest,3
0.0408979084108643,1.0,0.0528,0.10030395136778116,0.8472124039775674,0.27536286979948665,102,1184,0,66,0.9206842923794712,1250,XGBoost_SMOTE+LogisticRegression+IsolationForest,3
0.04243527693588539,1.0,0.0528,0.10030395136778116,0.8440548564965361,0.2719794894878158,102,1184,0,66,0.9206842923794712,1250,LogisticRegression+GradientBoosting_SMOTE+IsolationForest,3
0.10433201709351055,1.0,0.0528,0.10030395136778116,0.8423111362458175,0.25857769804741504,102,1184,0,66,0.9206842923794712,1250,XGBoost_SMOTE+AdaBoost_SMOTE+IsolationForest,3
0.11225564909664487,1.0,0.05275779376498801,0.10022779043280182,0.8605023799425044,0.32631711326335444,101,1185,0,66,0.921461897356143,1251,ExtraTrees+GradientBoosting_SMOTE+BalancedRandomForest+EasyEnsemble+IsolationForest,5
0.07966703657202742,1.0,0.05275779376498801,0.10022779043280182,0.8600664498798246,0.32833872050980834,101,1185,0,66,0.921461897356143,1251,XGBoost+XGBoost_SMOTE+RandomForest+ExtraTrees+BalancedRandomForest+EasyEnsemble+IsolationForest,7
0.02952229716213616,1.0,0.05275779376498801,0.10022779043280182,0.8499222395023328,0.3204434475571726,101,1185,0,66,0.921461897356143,1251,LightGBM+RandomForest+LogisticRegression+IsolationForest,4
0.07725466952774752,1.0,0.05275779376498801,0.10022779043280182,0.8490621612705593,0.3257026792387883,101,1185,0,66,0.921461897356143,1251,XGBoost+LightGBM+AdaBoost_SMOTE+IsolationForest,4
0.03869402426127317,1.0,0.05275779376498801,0.10022779043280182,0.8421226259484424,0.28385649998792295,101,1185,0,66,0.921461897356143,1251,RandomForest+LogisticRegression+IsolationForest,3
0.06996297911494875,1.0,0.052715654952076675,0.10015174506828528,0.8611503840897308,0.3324990531455344,100,1186,0,66,0.9222395023328149,1252,XGBoost+LightGBM+XGBoost_SMOTE+RandomForest+ExtraTrees+BalancedRandomForest+EasyEnsemble+IsolationForest,8
0.09252820933403198,1.0,0.052715654952076675,0.10015174506828528,0.8579103633535983,0.3153686434362295,100,1186,0,66,0.9222395023328149,1252,XGBoost+XGBoost_SMOTE+RandomForest+BalancedRandomForest+EasyEnsemble+IsolationForest,6
0.06368626599851314,1.0,0.052715654952076675,0.10015174506828528,0.8555539846364107,0.3235914673443519,100,1186,0,66,0.9222395023328149,1252,XGBoost+LightGBM+XGBoost_SMOTE+AdaBoost_SMOTE+IsolationForest,5
0.03117521027432951,1.0,0.052715654952076675,0.10015174506828528,0.8527616758565437,0.3191949302573697,100,1186,0,66,0.9222395023328149,1252,LightGBM+XGBoost_SMOTE+LogisticRegression+IsolationForest,4
0.07909918826929191,1.0,0.052715654952076675,0.10015174506828528,0.8518780338375984,0.31929500472728317,100,1186,0,66,0.9222395023328149,1252,XGBoost+XGBoost_SMOTE+AdaBoost_SMOTE+IsolationForest,4
0.09129853017300239,1.0,0.052673583399840386,0.10007581501137225,0.8579221452471842,0.32555785742953297,99,1187,0,66,0.9230171073094868,1253,XGBoost+LightGBM+RandomForest+BalancedRandomForest+EasyEnsemble+IsolationForest,6
0.03245044371049109,1.0,0.052673583399840386,0.10007581501137225,0.8499575851830905,0.31827081751032305,99,1187,0,66,0.9230171073094868,1253,XGBoost+LogisticRegression+GradientBoosting_SMOTE+IsolationForest,4
0.09230052185382566,1.0,0.05263157894736842,0.1,0.8600900136669966,0.3241638684497967,98,1188,0,66,0.9237947122861586,1254,LightGBM+XGBoost_SMOTE+RandomForest+BalancedRandomForest+EasyEnsemble+IsolationForest,6
0.06350612563918594,1.0,0.05263157894736842,0.1,0.8585583675008248,0.3344161294792245,98,1188,0,66,0.9237947122861586,1254,LightGBM+XGBoost_SMOTE+ExtraTrees+AdaBoost_SMOTE+IsolationForest,5
0.06255373562219801,1.0,0.05263157894736842,0.1,0.8567439558885904,0.31980860331503763,98,1188,0,66,0.9237947122861586,1254,XGBoost+LightGBM+RandomForest+AdaBoost_SMOTE+IsolationForest,5
0.07887401282013291,1.0,0.05263157894736842,0.1,0.8529148404731609,0.31874025807610096,98,1188,0,66,0.9237947122861586,1254,XGBoost_SMOTE+ExtraTrees+AdaBoost_SMOTE+IsolationForest,4
0.026361778141337906,1.0,0.05263157894736842,0.1,0.8524082190489655,0.329149111076924,98,1188,0,66,0.9237947122861586,1254,XGBoost+LightGBM+LogisticRegression+GradientBoosting_SMOTE+IsolationForest,5
0.029644504204531928,1.0,0.05263157894736842,0.1,0.8495334370139969,0.31368464570149607,98,1188,0,66,0.9237947122861586,1254,XGBoost+RandomForest+LogisticRegression+IsolationForest,4
0.10202779979965203,1.0,0.05263157894736842,0.1,0.8428531033507706,0.32205187327354184,98,1188,0,66,0.9237947122861586,1254,ExtraTrees+AdaBoost_SMOTE+IsolationForest,3
0.02543935702632525,1.0,0.05258964143426295,0.09992429977289932,0.8544229228521608,0.32356301494386364,97,1189,0,66,0.9245723172628305,1255,XGBoost+LightGBM+XGBoost_SMOTE+LogisticRegression+IsolationForest,5
0.07768352529889802,1.0,0.05258964143426295,0.09992429977289932,0.8535039351524577,0.31364030313435753,97,1189,0,66,0.9245723172628305,1255,XGBoost+RandomForest+AdaBoost_SMOTE+IsolationForest,4
0.07947187587470772,1.0,0.052547770700636945,0.09984871406959153,0.8617748244497856,0.33249737418752895,96,1190,0,66,0.9253499222395023,1256,LightGBM+XGBoost_SMOTE+RandomForest+ExtraTrees+BalancedRandomForest+EasyEnsemble+IsolationForest,7
0.09237809236792599,1.0,0.052547770700636945,0.09984871406959153,0.8608911824308404,0.3243826444274135,96,1190,0,66,0.9253499222395023,1256,XGBoost_SMOTE+RandomForest+ExtraTrees+BalancedRandomForest+EasyEnsemble+IsolationForest,6
0.07861302586257349,1.0,0.052547770700636945,0.09984871406959153,0.8600664498798246,0.33582683627741866,96,1190,0,66,0.9253499222395023,1256,XGBoost+LightGBM+RandomForest+ExtraTrees+BalancedRandomForest+EasyEnsemble+IsolationForest,7
0.11035371084151117,1.0,0.052547770700636945,0.09984871406959153,0.8580988736509731,0.3111546168064861,96,1190,0,66,0.9253499222395023,1256,XGBoost_SMOTE+RandomForest+BalancedRandomForest+EasyEnsemble+IsolationForest,5
0.10915132082452325,1.0,0.052547770700636945,0.09984871406959153,0.856472972336114,0.3212267550970443,96,1190,0,66,0.9253499222395023,1256,XGBoost+RandomForest+BalancedRandomForest+EasyEnsemble+IsolationForest,5
0.07702949407858853,1.0,0.052547770700636945,0.09984871406959153,0.8525731655591686,0.3462985776027964,96,1190,0,66,0.9253499222395023,1256,LightGBM+ExtraTrees+AdaBoost_SMOTE+IsolationForest,4
0.02411702653657057,1.0,0.052547770700636945,0.09984871406959153,0.8519605070926999,0.3218136522783227,96,1190,0,66,0.9253499222395023,1256,XGBoost+LightGBM+RandomForest+LogisticRegression+IsolationForest,5
0.1024444664663187,1.0,0.052547770700636945,0.09984871406959153,0.8458457043215984,0.2780111023174867,96,1190,0,66,0.9253499222395023,1256,RandomForest+AdaBoost_SMOTE+IsolationForest,3
0.053696888332094274,1.0,0.05250596658711217,0.09977324263038549,0.8593831000518404,0.31687377872651057,95,1191,0,66,0.9261275272161742,1257,XGBoost+LightGBM+XGBoost_SMOTE+RandomForest+AdaBoost_SMOTE+IsolationForest,6
0.09137610068710272,1.0,0.05250596658711217,0.09977324263038549,0.8592652811159809,0.33198451549111624,95,1191,0,66,0.9261275272161742,1257,XGBoost+RandomForest+ExtraTrees+BalancedRandomForest+EasyEnsemble+IsolationForest,6
0.06375612563918594,1.0,0.05250596658711217,0.09977324263038549,0.8587350959046138,0.31337593005486597,95,1191,0,66,0.9261275272161742,1257,LightGBM+XGBoost_SMOTE+RandomForest+AdaBoost_SMOTE+IsolationForest,5
0.10887809584827568,1.0,0.05250596658711217,0.09977324263038549,0.8583345115226919,0.32741348136650666,95,1191,0,66,0.9261275272161742,1257,LightGBM+RandomForest+BalancedRandomForest+EasyEnsemble+IsolationForest,5
0.11028385120083839,1.0,0.05250596658711217,0.09977324263038549,0.8565554455912154,0.3167312984785518,95,1191,0,66,0.9261275272161742,1257,XGBoost+XGBoost_SMOTE+BalancedRandomForest+EasyEnsemble+IsolationForest,5
0.10880823620760287,1.0,0.05250596658711217,0.09977324263038549,0.8559899146990905,0.33519043877749366,95,1191,0,66,0.9261275272161742,1257,XGBoost+LightGBM+BalancedRandomForest+EasyEnsemble+IsolationForest,5
0.13558897558149507,1.0,0.05250596658711217,0.09977324263038549,0.8554597294877234,0.3116048377845888,95,1191,0,66,0.9261275272161742,1257,RandomForest+BalancedRandomForest+EasyEnsemble+IsolationForest,4
0.07734199407858852,1.0,0.05250596658711217,0.09977324263038549,0.8547174701918092,0.31371896931176385,95,1191,0,66,0.9261275272161742,1257,LightGBM+RandomForest+AdaBoost_SMOTE+IsolationForest,4
0.07918651282013292,1.0,0.05250596658711217,0.09977324263038549,0.8531386964512938,0.29281695967279275,95,1191,0,66,0.9261275272161742,1257,XGBoost_SMOTE+RandomForest+AdaBoost_SMOTE+IsolationForest,4
0.07737102529889801,1.0,0.05250596658711217,0.09977324263038549,0.8526674207078562,0.3402030274833716,95,1191,0,66,0.9261275272161742,1257,XGBoost+ExtraTrees+AdaBoost_SMOTE+IsolationForest,4
0.05348855499876095,1.0,0.05246422893481717,0.09969788519637462,0.8597601206465904,0.3302904962043911,94,1192,0,66,0.926905132192846,1258,XGBoost+LightGBM+XGBoost_SMOTE+ExtraTrees+AdaBoost_SMOTE+IsolationForest,6
0.09224230548659833,1.0,0.05246422893481717,0.09969788519637462,0.8578750176728404,0.32092793965972394,94,1192,0,66,0.926905132192846,1258,XGBoost+LightGBM+XGBoost_SMOTE+BalancedRandomForest+EasyEnsemble+IsolationForest,6
0.1355016510306541,1.0,0.05246422893481717,0.09969788519637462,0.8535039351524577,0.324984093754782,94,1192,0,66,0.926905132192846,1258,XGBoost+BalancedRandomForest+EasyEnsemble+IsolationForest,4
0.03129741731672527,1.0,0.05246422893481717,0.09969788519637462,0.8521843630708327,0.3168888722360582,94,1192,0,66,0.926905132192846,1258,XGBoost+XGBoost_SMOTE+LogisticRegression+IsolationForest,4
0.09114841320689641,1.0,0.05242255758538523,0.09962264150943397,0.8609029643244263,0.3366978257481268,93,1193,0,66,0.9276827371695179,1259,LightGBM+RandomForest+ExtraTrees+BalancedRandomForest+EasyEnsemble+IsolationForest,6
0.07942197613136999,1.0,0.05242255758538523,0.09962264150943397,0.8601135774541685,0.3320060937325263,93,1193,0,66,0.9276827371695179,1259,XGBoost+LightGBM+XGBoost_SMOTE+ExtraTrees+BalancedRandomForest+EasyEnsemble+IsolationForest,7
0.09109019683966905,1.0,0.05242255758538523,0.09962264150943397,0.8585230218200669,0.331412400538925,93,1193,0,66,0.9276827371695179,1259,XGBoost+LightGBM+ExtraTrees+BalancedRandomForest+EasyEnsemble+IsolationForest,6
0.06377935061543352,1.0,0.05242255758538523,0.09962264150943397,0.8571563221640982,0.32711223605235695,93,1193,0,66,0.9276827371695179,1259,XGBoost+XGBoost_SMOTE+ExtraTrees+AdaBoost_SMOTE+IsolationForest,5
0.06402935061543354,1.0,0.05242255758538523,0.09962264150943397,0.8570149394410669,0.307919769305415,93,1193,0,66,0.9276827371695179,1259,XGBoost+XGBoost_SMOTE+RandomForest+AdaBoost_SMOTE+IsolationForest,5
0.10897118046519608,1.0,0.05238095238095238,0.09954751131221719,0.8594184457325982,0.33219486684100286,92,1194,0,66,0.9284603421461898,1260,RandomForest+ExtraTrees+BalancedRandomForest+EasyEnsemble+IsolationForest,5
0.09231987600069864,1.0,0.05238095238095238,0.09954751131221719,0.8589707337763325,0.3274222418200459,92,1194,0,66,0.9284603421461898,1260,XGBoost+XGBoost_SMOTE+ExtraTrees+BalancedRandomForest+EasyEnsemble+IsolationForest,6
0.11001062622459079,1.0,0.05238095238095238,0.09954751131221719,0.8582520382675903,0.3215016077993653,92,1194,0,66,0.9284603421461898,1260,LightGBM+XGBoost_SMOTE+BalancedRandomForest+EasyEnsemble+IsolationForest,5
0.06230373562219802,1.0,0.05238095238095238,0.09954751131221719,0.8554950751684811,0.33601735663029053,92,1194,0,66,0.9284603421461898,1260,XGBoost+LightGBM+ExtraTrees+AdaBoost_SMOTE+IsolationForest,5
0.17953530077532678,1.0,0.05238095238095238,0.09954751131221719,0.8492271077807626,0.27796911473890523,92,1194,0,66,0.9284603421461898,1260,BalancedRandomForest+EasyEnsemble+IsolationForest,3
0.053041036391909754,1.0,0.05238095238095238,0.09954751131221719,0.8218224232998728,0.20057157724034658,92,1194,0,66,0.9284603421461898,1260,LogisticRegression+IsolationForest,2
0.10890132082452327,1.0,0.052339413164155434,0.09947249434815374,0.8579339271407701,0.3323980499318862,91,1195,0,66,0.9292379471228616,1261,XGBoost+ExtraTrees+BalancedRandomForest+EasyEnsemble+IsolationForest,5
0.1351601198103446,1.0,0.052339413164155434,0.09947249434815374,0.8553419105518638,0.3361661257102419,91,1195,0,66,0.9292379471228616,1261,LightGBM+BalancedRandomForest+EasyEnsemble+IsolationForest,4
0.137004638551889,1.0,0.052339413164155434,0.09947249434815374,0.8548352891276687,0.3049543073679541,91,1195,0,66,0.9292379471228616,1261,XGBoost_SMOTE+BalancedRandomForest+EasyEnsemble+IsolationForest,4
0.04442818590553441,1.0,0.05229793977812995,0.09939759036144578,0.8642018945284886,0.32660709551703887,90,1196,0,66,0.9300155520995335,1262,XGBoost+LightGBM+XGBoost_SMOTE+RandomForest+ExtraTrees+GradientBoosting_SMOTE+AdaBoost_SMOTE+BalancedRandomForest+IsolationForest,9
0.04966920914372622,1.0,0.05229793977812995,0.09939759036144578,0.8625288656392855,0.31963487817118547,90,1196,0,66,0.9300155520995335,1262,XGBoost+LightGBM+XGBoost_SMOTE+RandomForest+GradientBoosting_SMOTE+AdaBoost_SMOTE+BalancedRandomForest+IsolationForest,8
0.0463830471417951,1.0,0.052256532066508314,0.09932279909706546,0.8618926433856449,0.32653816961373683,89,1197,0,66,0.9307931570762052,1263,XGBoost+LightGBM+XGBoost_SMOTE+RandomForest+ExtraTrees+AdaBoost_SMOTE+IsolationForest,7
0.056474156604915955,1.0,0.052256532066508314,0.09932279909706546,0.8606555445591215,0.30988090179784306,89,1197,0,66,0.9307931570762052,1263,XGBoost+XGBoost_SMOTE+RandomForest+GradientBoosting_SMOTE+AdaBoost_SMOTE+BalancedRandomForest+IsolationForest,7
0.09209218852049232,1.0,0.052256532066508314,0.09932279909706546,0.8603963429002309,0.33303941294742523,89,1197,0,66,0.9307931570762052,1263,LightGBM+XGBoost_SMOTE+ExtraTrees+BalancedRandomForest+EasyEnsemble+IsolationForest,6
0.05254477968516502,1.0,0.052256532066508314,0.09932279909706546,0.8600428860926529,0.3270394991390329,89,1197,0,66,0.9307931570762052,1263,XGBoost+LightGBM+RandomForest+ExtraTrees+AdaBoost_SMOTE+IsolationForest,6
0.11010371084151119,1.0,0.052256532066508314,0.09932279909706546,0.8590767708186059,0.31834153404470494,89,1197,0,66,0.9307931570762052,1263,XGBoost_SMOTE+ExtraTrees+BalancedRandomForest+EasyEnsemble+IsolationForest,5
0.13527647558149508,1.0,0.052256532066508314,0.09932279909706546,0.8576040341203638,0.32743402392840004,89,1197,0,66,0.9307931570762052,1263,ExtraTrees+BalancedRandomForest+EasyEnsemble+IsolationForest,4
0.03602972954951488,1.0,0.052256532066508314,0.09932279909706546,0.839389226636505,0.31664976147799756,89,1197,0,66,0.9307931570762052,1263,LightGBM+LogisticRegression+IsolationForest,3
0.04972738702930146,1.0,0.05221518987341772,0.09924812030075188,0.8625877751072152,0.31970851025811275,88,1198,0,66,0.9315707620528771,1264,XGBoost+XGBoost_SMOTE+RandomForest+ExtraTrees+GradientBoosting_SMOTE+AdaBoost_SMOTE+BalancedRandomForest+IsolationForest,8
0.05354677136598829,1.0,0.05221518987341772,0.09924812030075188,0.8618337339177152,0.3241902067390724,88,1198,0,66,0.9315707620528771,1264,LightGBM+XGBoost_SMOTE+RandomForest+ExtraTrees+AdaBoost_SMOTE+IsolationForest,6
0.062373595262870826,1.0,0.05221518987341772,0.09924812030075188,0.8597129930722465,0.3331095421863511,88,1198,0,66,0.9315707620528771,1264,LightGBM+RandomForest+ExtraTrees+AdaBoost_SMOTE+IsolationForest,5
0.10862809584827567,1.0,0.05221518987341772,0.09924812030075188,0.859430227626184,0.33910572654713383,88,1198,0,66,0.9315707620528771,1264,LightGBM+ExtraTrees+BalancedRandomForest+EasyEnsemble+IsolationForest,5
0.05627899590759625,1.0,0.05217391304347826,0.09917355371900827,0.8621636269381214,0.3134519806687481,87,1199,0,66,0.932348367029549,1265,LightGBM+XGBoost_SMOTE+RandomForest+GradientBoosting_SMOTE+AdaBoost_SMOTE+BalancedRandomForest+IsolationForest,7
0.05622909616425854,1.0,0.05217391304347826,0.09917355371900827,0.8613742400678637,0.3293968153703795,87,1199,0,66,0.932348367029549,1265,XGBoost+LightGBM+XGBoost_SMOTE+GradientBoosting_SMOTE+AdaBoost_SMOTE+BalancedRandomForest+IsolationForest,7
0.053774458846194605,1.0,0.05217391304347826,0.09917355371900827,0.8601135774541685,0.3221685334846578,87,1199,0,66,0.932348367029549,1265,XGBoost+XGBoost_SMOTE+RandomForest+ExtraTrees+AdaBoost_SMOTE+IsolationForest,6
0.06526151603906861,1.0,0.05217391304347826,0.09917355371900827,0.8595833922428013,0.3175815988406961,87,1199,0,66,0.932348367029549,1265,XGBoost+XGBoost_SMOTE+GradientBoosting_SMOTE+AdaBoost_SMOTE+BalancedRandomForest+IsolationForest,6
0.06384921025610632,1.0,0.05217391304347826,0.09917355371900827,0.8588646967340591,0.31455568766897457,87,1199,0,66,0.932348367029549,1265,XGBoost_SMOTE+RandomForest+ExtraTrees+AdaBoost_SMOTE+IsolationForest,5
0.06264682023911841,1.0,0.05217391304347826,0.09917355371900827,0.8583109477355202,0.3264961903571273,87,1199,0,66,0.932348367029549,1265,XGBoost+RandomForest+ExtraTrees+AdaBoost_SMOTE+IsolationForest,5
0.07745834984973901,1.0,0.05217391304347826,0.09917355371900827,0.856084169847778,0.32439699895009905,87,1199,0,66,0.932348367029549,1265,RandomForest+ExtraTrees+AdaBoost_SMOTE+IsolationForest,4
0.02764628317071321,1.0,0.05217391304347826,0.09917355371900827,0.845386210471747,0.32533108865610005,87,1199,0,66,0.932348367029549,1265,XGBoost+LightGBM+LogisticRegression+IsolationForest,4
0.03619267227270923,1.0,0.05217391304347826,0.09917355371900827,0.8395541731467081,0.310021955779779,87,1199,0,66,0.932348367029549,1265,XGBoost+LogisticRegression+IsolationForest,3
0.04951295914372622,1.0,0.052132701421800945,0.0990990990990991,0.8632946887223716,0.3268945928429387,86,1200,0,66,0.9331259720062208,1266,XGBoost+LightGBM+XGBoost_SMOTE+ExtraTrees+GradientBoosting_SMOTE+AdaBoost_SMOTE+BalancedRandomForest+IsolationForest,8
0.056295585176344524,1.0,0.052132701421800945,0.0990990990990991,0.8616687874075122,0.3203097799931265,86,1200,0,66,0.9331259720062208,1266,XGBoost+XGBoost_SMOTE+ExtraTrees+GradientBoosting_SMOTE+AdaBoost_SMOTE+BalancedRandomForest+IsolationForest,7
0.05610042447902482,1.0,0.05209155485398579,0.09902475618904726,0.8628234129789341,0.32194508039306297,85,1201,0,66,0.9339035769828927,1267,LightGBM+XGBoost_SMOTE+ExtraTrees+GradientBoosting_SMOTE+AdaBoost_SMOTE+BalancedRandomForest+IsolationForest,7
0.06511139907296261,1.0,0.05209155485398579,0.09902475618904726,0.8609972194731138,0.3189510814424484,85,1201,0,66,0.9339035769828927,1267,XGBoost_SMOTE+ExtraTrees+GradientBoosting_SMOTE+AdaBoost_SMOTE+BalancedRandomForest+IsolationForest,6
0.026024258259718668,1.0,0.05209155485398579,0.09902475618904726,0.8460342146189735,0.3199627282979604,85,1201,0,66,0.9339035769828927,1267,XGBoost+XGBoost_SMOTE+ExtraTrees+GradientBoosting_SMOTE+IsolationForest,5
0.04880512765852927,1.0,0.052050473186119876,0.09895052473763119,0.8642018945284886,0.33092835610333976,84,1202,0,66,0.9346811819595645,1268,XGBoost+LightGBM+RandomForest+ExtraTrees+GradientBoosting_SMOTE+AdaBoost_SMOTE+BalancedRandomForest+IsolationForest,8
0.04955662141914672,1.0,0.052050473186119876,0.09895052473763119,0.8637188368914652,0.320993297004077,84,1202,0,66,0.9346811819595645,1268,LightGBM+XGBoost_SMOTE+RandomForest+ExtraTrees+GradientBoosting_SMOTE+AdaBoost_SMOTE+BalancedRandomForest+IsolationForest,8
0.06503382855886229,1.0,0.052050473186119876,0.09895052473763119,0.8607144540270513,0.3213676396359424,84,1202,0,66,0.9346811819595645,1268,LightGBM+XGBoost_SMOTE+GradientBoosting_SMOTE+AdaBoost_SMOTE+BalancedRandomForest+IsolationForest,6
0.06531973240629595,1.0,0.052050473186119876,0.09895052473763119,0.8599721947311372,0.2984005283254132,84,1202,0,66,0.9346811819595645,1268,XGBoost_SMOTE+RandomForest+GradientBoosting_SMOTE+AdaBoost_SMOTE+BalancedRandomForest+IsolationForest,6
0.05634548491968224,1.0,0.05200945626477541,0.09887640449438202,0.8623639191290824,0.3155811117141409,83,1203,0,66,0.9354587869362364,1269,XGBoost_SMOTE+RandomForest+ExtraTrees+GradientBoosting_SMOTE+AdaBoost_SMOTE+BalancedRandomForest+IsolationForest,7
0.02461850290715597,1.0,0.05200945626477541,0.09887640449438202,0.8462816343842783,0.3317026175417968,83,1203,0,66,0.9354587869362364,1269,LightGBM+RandomForest+ExtraTrees+GradientBoosting_SMOTE+IsolationForest,5
0.03168014737548934,1.0,0.05200945626477541,0.09887640449438202,0.8408030538668175,0.303718046348464,83,1203,0,66,0.9354587869362364,1269,XGBoost_SMOTE+ExtraTrees+GradientBoosting_SMOTE+IsolationForest,4
0.055486634907548016,1.0,0.05196850393700787,0.09880239520958084,0.8634831990197465,0.3206525590316433,82,1204,0,66,0.9362363919129082,1270,XGBoost+RandomForest+ExtraTrees+GradientBoosting_SMOTE+AdaBoost_SMOTE+BalancedRandomForest+IsolationForest,7
0.05542014589546202,1.0,0.05196850393700787,0.09880239520958084,0.8625288656392855,0.32379307870971846,82,1204,0,66,0.9362363919129082,1270,XGBoost+LightGBM+RandomForest+GradientBoosting_SMOTE+AdaBoost_SMOTE+BalancedRandomForest+IsolationForest,7
0.07763367888755515,1.0,0.05196850393700787,0.09880239520958084,0.8577100711626372,0.30433065110749985,82,1204,0,66,0.9362363919129082,1270,XGBoost_SMOTE+GradientBoosting_SMOTE+AdaBoost_SMOTE+BalancedRandomForest+IsolationForest,5
0.022025978035665236,1.0,0.05196850393700787,0.09880239520958084,0.8485084122720205,0.3286022234285059,82,1204,0,66,0.9362363919129082,1270,XGBoost+LightGBM+XGBoost_SMOTE+ExtraTrees+GradientBoosting_SMOTE+IsolationForest,6
0.025751033283471086,1.0,0.05196850393700787,0.09880239520958084,0.8464465808944814,0.32082118126533726,82,1204,0,66,0.9362363919129082,1270,LightGBM+XGBoost_SMOTE+ExtraTrees+GradientBoosting_SMOTE+IsolationForest,5
0.028787511529955966,1.0,0.05196850393700787,0.09880239520958084,0.8382581648522551,0.32770294641164505,82,1204,0,66,0.9362363919129082,1270,LightGBM+ExtraTrees+GradientBoosting_SMOTE+IsolationForest,4
0.024891727883403554,1.0,0.05192761605035405,0.0987284966342558,0.8452801734294736,0.32421036498090305,81,1205,0,66,0.9370139968895801,1271,XGBoost+RandomForest+ExtraTrees+GradientBoosting_SMOTE+IsolationForest,5
0.030264484405095448,1.0,0.05192761605035405,0.0987284966342558,0.8408148357604035,0.3148665600298433,81,1205,0,66,0.9370139968895801,1271,RandomForest+ExtraTrees+GradientBoosting_SMOTE+IsolationForest,4
0.031188645675968026,1.0,0.05192761605035405,0.0987284966342558,0.838811913850794,0.2879917982819972,81,1205,0,66,0.9370139968895801,1271,XGBoost_SMOTE+RandomForest+GradientBoosting_SMOTE+IsolationForest,4
0.027145705815027846,1.0,0.05192761605035405,0.0987284966342558,0.8384584570432161,0.3242410150647805,81,1205,0,66,0.9370139968895801,1271,LightGBM+XGBoost_SMOTE+ExtraTrees+IsolationForest,4
0.037714310085032905,1.0,0.05192761605035405,0.0987284966342558,0.8292332343654272,0.2999613552720949,81,1205,0,66,0.9370139968895801,1271,ExtraTrees+GradientBoosting_SMOTE+IsolationForest,3
0.04595958611563102,1.0,0.05192761605035405,0.0987284966342558,0.7729393468118196,0.1858874437565206,81,1205,0,66,0.9370139968895801,1271,ExtraTrees+IsolationForest,2
0.0552415744668906,1.0,0.05188679245283019,0.09865470852017937,0.8632004335736838,0.33256106774369915,80,1206,0,66,0.937791601866252,1272,XGBoost+LightGBM+ExtraTrees+GradientBoosting_SMOTE+AdaBoost_SMOTE+BalancedRandomForest+IsolationForest,7
0.06431774072547268,1.0,0.05188679245283019,0.09865470852017937,0.8613860219614496,0.3139117293857322,80,1206,0,66,0.937791601866252,1272,XGBoost+RandomForest+GradientBoosting_SMOTE+AdaBoost_SMOTE+BalancedRandomForest+IsolationForest,6
0.06403183687803903,1.0,0.05188679245283019,0.09865470852017937,0.86132711249352,0.33220780494003177,80,1206,0,66,0.937791601866252,1272,XGBoost+LightGBM+GradientBoosting_SMOTE+AdaBoost_SMOTE+BalancedRandomForest+IsolationForest,6
0.027487237035337328,1.0,0.05188679245283019,0.09865470852017937,0.8371977944295207,0.3182148683441569,80,1206,0,66,0.937791601866252,1272,XGBoost+XGBoost_SMOTE+ExtraTrees+IsolationForest,4
0.06409005324526636,1.0,0.051846032992930086,0.09858103061986558,0.8627409397238325,0.32352142846246623,79,1207,0,66,0.9385692068429238,1273,LightGBM+RandomForest+GradientBoosting_SMOTE+AdaBoost_SMOTE+BalancedRandomForest+IsolationForest,6
0.06410940739213934,1.0,0.051846032992930086,0.09858103061986558,0.8627055940430746,0.33574964482420355,79,1207,0,66,0.9385692068429238,1273,XGBoost+ExtraTrees+GradientBoosting_SMOTE+AdaBoost_SMOTE+BalancedRandomForest+IsolationForest,6
0.07615806389431964,1.0,0.051846032992930086,0.09858103061986558,0.8612446392384184,0.3304754066600594,79,1207,0,66,0.9385692068429238,1273,LightGBM+GradientBoosting_SMOTE+AdaBoost_SMOTE+BalancedRandomForest+IsolationForest,5
0.07643128887056723,1.0,0.051846032992930086,0.09858103061986558,0.8599015033696216,0.3198950639470945,79,1207,0,66,0.9385692068429238,1273,XGBoost+GradientBoosting_SMOTE+AdaBoost_SMOTE+BalancedRandomForest+IsolationForest,5
0.09468893563905004,1.0,0.051846032992930086,0.09858103061986558,0.857768980630567,0.2882416516473055,79,1207,0,66,0.9385692068429238,1273,GradientBoosting_SMOTE+AdaBoost_SMOTE+BalancedRandomForest+IsolationForest,4
0.022396705011349473,1.0,0.051846032992930086,0.09858103061986558,0.8413214571845987,0.3225866566725904,79,1207,0,66,0.9385692068429238,1273,XGBoost+LightGBM+XGBoost_SMOTE+ExtraTrees+IsolationForest,5
0.035516082114904444,1.0,0.051846032992930086,0.09858103061986558,0.8290093783872945,0.29596931136813776,79,1207,0,66,0.9385692068429238,1273,XGBoost_SMOTE+ExtraTrees+IsolationForest,3
0.031308762698662396,1.0,0.051846032992930086,0.09858103061986558,0.8082261181017013,0.3131085267079175,79,1207,0,66,0.9385692068429238,1273,LightGBM+ExtraTrees+IsolationForest,3
0.06388171991193303,1.0,0.05180533751962323,0.09850746268656717,0.8635303265940902,0.33859768322327466,78,1208,0,66,0.9393468118195957,1274,LightGBM+ExtraTrees+GradientBoosting_SMOTE+AdaBoost_SMOTE+BalancedRandomForest+IsolationForest,6
0.07625114851124001,1.0,0.05180533751962323,0.09850746268656717,0.8621282812573636,0.3283918353381605,78,1208,0,66,0.9393468118195957,1274,ExtraTrees+GradientBoosting_SMOTE+AdaBoost_SMOTE+BalancedRandomForest+IsolationForest,5
0.021082202722069305,1.0,0.05180533751962323,0.09850746268656717,0.8472124039775674,0.3284666558150708,78,1208,0,66,0.9393468118195957,1274,XGBoost+LightGBM+RandomForest+ExtraTrees+GradientBoosting_SMOTE+IsolationForest,6
0.025352339713719453,1.0,0.05180533751962323,0.09850746268656717,0.8455511569819502,0.311398628971982,78,1208,0,66,0.9393468118195957,1274,LightGBM+XGBoost_SMOTE+RandomForest+GradientBoosting_SMOTE+IsolationForest,5
0.026071574064943433,1.0,0.05180533751962323,0.09850746268656717,0.8317545595928176,0.3217342709307015,78,1208,0,66,0.9393468118195957,1274,XGBoost+RandomForest+ExtraTrees+IsolationForest,4
0.025730042844633948,1.0,0.05180533751962323,0.09850746268656717,0.8311183373391772,0.3244621110786744,78,1208,0,66,0.9393468118195957,1274,LightGBM+RandomForest+ExtraTrees+IsolationForest,4
0.03362853148771258,1.0,0.05180533751962323,0.09850746268656717,0.8198666289646072,0.2986993789654591,78,1208,0,66,0.9393468118195957,1274,RandomForest+ExtraTrees+IsolationForest,3
0.05529147421022831,1.0,0.05176470588235294,0.09843400447427293,0.8648381167821293,0.331573969549517,77,1209,0,66,0.9401244167962675,1275,LightGBM+RandomForest+ExtraTrees+GradientBoosting_SMOTE+AdaBoost_SMOTE+BalancedRandomForest+IsolationForest,7
0.07650114851124003,1.0,0.05176470588235294,0.09843400447427293,0.8608322729629106,0.3031089193485142,77,1209,0,66,0.9401244167962675,1275,RandomForest+GradientBoosting_SMOTE+AdaBoost_SMOTE+BalancedRandomForest+IsolationForest,5
0.02208419440289257,1.0,0.05176470588235294,0.09843400447427293,0.8503581695650124,0.3200981687862518,77,1209,0,66,0.9401244167962675,1275,LightGBM+XGBoost_SMOTE+RandomForest+ExtraTrees+GradientBoosting_SMOTE+IsolationForest,6
0.026094117900391477,1.0,0.05176470588235294,0.09843400447427293,0.8463641076393797,0.3096369782574099,77,1209,0,66,0.9401244167962675,1275,XGBoost_SMOTE+RandomForest+ExtraTrees+GradientBoosting_SMOTE+IsolationForest,5
0.047460166249070714,1.0,0.05172413793103448,0.09836065573770492,0.8634478533389887,0.32942035892617294,76,1210,0,66,0.9409020217729394,1276,XGBoost+LightGBM+XGBoost_SMOTE+RandomForest+ExtraTrees+AdaBoost_SMOTE+BalancedRandomForest+IsolationForest,8
0.0194151240305702,1.0,0.05172413793103448,0.09836065573770492,0.8508530090956219,0.3263519026660943,76,1210,0,66,0.9409020217729394,1276,XGBoost+LightGBM+XGBoost_SMOTE+RandomForest+ExtraTrees+GradientBoosting_SMOTE+IsolationForest,7
0.023529198030826412,1.0,0.05172413793103448,0.09836065573770492,0.8430533955417315,0.3257665744619749,76,1210,0,66,0.9409020217729394,1276,XGBoost+LightGBM+ExtraTrees+GradientBoosting_SMOTE+IsolationForest,5
0.02890971857235173,1.0,0.05172413793103448,0.09836065573770492,0.8396837739761536,0.3271290800077814,76,1210,0,66,0.9409020217729394,1276,XGBoost+ExtraTrees+GradientBoosting_SMOTE+IsolationForest,4
0.021264174635034355,1.0,0.05172413793103448,0.09836065573770492,0.8359489137094113,0.3211308392297403,76,1210,0,66,0.9409020217729394,1276,XGBoost+LightGBM+RandomForest+ExtraTrees+IsolationForest,5
0.053754375456561386,1.0,0.05168363351605325,0.09828741623231571,0.8637895282529809,0.32801427795456184,75,1211,0,66,0.9416796267496111,1277,LightGBM+XGBoost_SMOTE+RandomForest+ExtraTrees+AdaBoost_SMOTE+BalancedRandomForest+IsolationForest,7
0.06416762375936669,1.0,0.05168363351605325,0.09828741623231571,0.8633653800838871,0.32278887544610996,75,1211,0,66,0.9416796267496111,1277,RandomForest+ExtraTrees+GradientBoosting_SMOTE+AdaBoost_SMOTE+BalancedRandomForest+IsolationForest,6
0.06237434188008861,1.0,0.05168363351605325,0.09828741623231571,0.8624581742777699,0.3197061651806948,75,1211,0,66,0.9416796267496111,1277,XGBoost_SMOTE+RandomForest+ExtraTrees+AdaBoost_SMOTE+BalancedRandomForest+IsolationForest,6
0.0538830471417951,1.0,0.05168363351605325,0.09828741623231571,0.8617276968754418,0.32126955338796426,75,1211,0,66,0.9416796267496111,1277,XGBoost+LightGBM+XGBoost_SMOTE+RandomForest+AdaBoost_SMOTE+BalancedRandomForest+IsolationForest,7
0.0625244588461946,1.0,0.05168363351605325,0.09828741623231571,0.8602549601771997,0.31087629784719684,75,1211,0,66,0.9416796267496111,1277,XGBoost+XGBoost_SMOTE+RandomForest+AdaBoost_SMOTE+BalancedRandomForest+IsolationForest,6
0.021542940433817576,1.0,0.05168363351605325,0.09828741623231571,0.8472713134454969,0.31822666220157864,75,1211,0,66,0.9416796267496111,1277,XGBoost+LightGBM+XGBoost_SMOTE+RandomForest+GradientBoosting_SMOTE+IsolationForest,6
0.02545010534763606,1.0,0.05168363351605325,0.09828741623231571,0.844278712474669,0.30428662784550303,75,1211,0,66,0.9416796267496111,1277,XGBoost+XGBoost_SMOTE+RandomForest+GradientBoosting_SMOTE+IsolationForest,5
0.053949536153881095,1.0,0.051643192488262914,0.09821428571428571,0.8621164993637778,0.32494654843967197,74,1212,0,66,0.942457231726283,1278,XGBoost+XGBoost_SMOTE+RandomForest+ExtraTrees+AdaBoost_SMOTE+BalancedRandomForest+IsolationForest,7
0.06229677136598829,1.0,0.051643192488262914,0.09821428571428571,0.8620811536830201,0.31795719397310396,74,1212,0,66,0.942457231726283,1278,LightGBM+XGBoost_SMOTE+RandomForest+AdaBoost_SMOTE+BalancedRandomForest+IsolationForest,6
0.05370447571322367,1.0,0.051643192488262914,0.09821428571428571,0.862069371789434,0.33050694161168276,74,1212,0,66,0.942457231726283,1278,XGBoost+LightGBM+XGBoost_SMOTE+ExtraTrees+AdaBoost_SMOTE+BalancedRandomForest+IsolationForest,7
0.062316125512861274,1.0,0.051643192488262914,0.09821428571428571,0.8606319807719498,0.32053424020249616,74,1212,0,66,0.942457231726283,1278,XGBoost+XGBoost_SMOTE+ExtraTrees+AdaBoost_SMOTE+BalancedRandomForest+IsolationForest,6
0.022311881883098895,1.0,0.051643192488262914,0.09821428571428571,0.8488500871860126,0.3163055737756992,74,1212,0,66,0.942457231726283,1278,XGBoost+XGBoost_SMOTE+RandomForest+ExtraTrees+GradientBoosting_SMOTE+IsolationForest,6
0.07434921025610633,1.0,0.05160281469898358,0.09814126394052045,0.8597012111786606,0.30310732821455644,73,1213,0,66,0.9432348367029549,1279,XGBoost_SMOTE+RandomForest+AdaBoost_SMOTE+BalancedRandomForest+IsolationForest,5
0.07427935061543353,1.0,0.05160281469898358,0.09814126394052045,0.8584523304585513,0.3188673620741766,73,1213,0,66,0.9432348367029549,1279,XGBoost+XGBoost_SMOTE+AdaBoost_SMOTE+BalancedRandomForest+IsolationForest,5
0.06208843803265495,1.0,0.0515625,0.09806835066864784,0.8625406475328716,0.32941760278143406,72,1214,0,66,0.9440124416796267,1280,LightGBM+XGBoost_SMOTE+ExtraTrees+AdaBoost_SMOTE+BalancedRandomForest+IsolationForest,6
0.07409921025610633,1.0,0.0515625,0.09806835066864784,0.8604434704745746,0.3181731383759115,72,1214,0,66,0.9440124416796267,1280,XGBoost_SMOTE+ExtraTrees+AdaBoost_SMOTE+BalancedRandomForest+IsolationForest,5
0.062238554998760943,1.0,0.0515625,0.09806835066864784,0.8602549601771996,0.32833194235314656,72,1214,0,66,0.9440124416796267,1280,XGBoost+LightGBM+XGBoost_SMOTE+AdaBoost_SMOTE+BalancedRandomForest+IsolationForest,6
0.027574561586178332,1.0,0.0515625,0.09806835066864784,0.8411682925679816,0.3106035552232302,72,1214,0,66,0.9440124416796267,1280,XGBoost_SMOTE+RandomForest+ExtraTrees+IsolationForest,4
0.03147170542185675,1.0,0.0515625,0.09806835066864784,0.8149064517649276,0.3156560741574259,72,1214,0,66,0.9440124416796267,1280,XGBoost+ExtraTrees+IsolationForest,3
0.05289552544442716,1.0,0.05152224824355972,0.09799554565701558,0.8635185447005043,0.32735922385779587,71,1215,0,66,0.9447900466562986,1281,XGBoost+LightGBM+RandomForest+ExtraTrees+AdaBoost_SMOTE+BalancedRandomForest+IsolationForest,7
0.019288920842791227,1.0,0.05152224824355972,0.09799554565701558,0.847271313445497,0.3253673744295668,71,1215,0,66,0.9447900466562986,1281,XGBoost+LightGBM+XGBoost_SMOTE+RandomForest+ExtraTrees+IsolationForest,6
0.022466564652022274,1.0,0.05152224824355972,0.09799554565701558,0.846140251661247,0.3237637016477935,71,1215,0,66,0.9447900466562986,1281,LightGBM+XGBoost_SMOTE+RandomForest+ExtraTrees+IsolationForest,5
0.03825152756795736,1.0,0.05152224824355972,0.09799554565701558,0.8285616664310288,0.26378262597591784,71,1215,0,66,0.9447900466562986,1281,XGBoost_SMOTE+GradientBoosting_SMOTE+IsolationForest,3
0.03604764341836624,1.0,0.05152224824355972,0.09799554565701558,0.8285381026438569,0.2873833822979853,71,1215,0,66,0.9447900466562986,1281,RandomForest+GradientBoosting_SMOTE+IsolationForest,3
0.061372350199265346,1.0,0.0514820592823713,0.09792284866468842,0.8631297422121683,0.3297701390190634,70,1216,0,66,0.9455676516329704,1282,XGBoost+RandomForest+ExtraTrees+AdaBoost_SMOTE+BalancedRandomForest+IsolationForest,6
0.06129477968516502,1.0,0.0514820592823713,0.09792284866468842,0.8619751166407464,0.32299786293030736,70,1216,0,66,0.9455676516329704,1282,XGBoost+LightGBM+RandomForest+AdaBoost_SMOTE+BalancedRandomForest+IsolationForest,6
0.07400612563918593,1.0,0.0514820592823713,0.09792284866468842,0.8602785239643715,0.3283076062417553,70,1216,0,66,0.9455676516329704,1282,LightGBM+XGBoost_SMOTE+AdaBoost_SMOTE+BalancedRandomForest+IsolationForest,5
0.03451027489334515,1.0,0.0514820592823713,0.09792284866468842,0.8295866911730053,0.2843512417309025,70,1216,0,66,0.9455676516329704,1282,XGBoost_SMOTE+RandomForest+IsolationForest,3
0.024105558032573846,1.0,0.0514820592823713,0.09792284866468842,0.8228945756161931,0.3227382152471008,70,1216,0,66,0.9455676516329704,1282,XGBoost+LightGBM+ExtraTrees+IsolationForest,4
0.061086446351831684,1.0,0.05144193296960249,0.09785025945144551,0.8626349026815591,0.33350995145049517,69,1217,0,66,0.9463452566096423,1283,XGBoost+LightGBM+ExtraTrees+AdaBoost_SMOTE+BalancedRandomForest+IsolationForest,6
0.07287359526287082,1.0,0.05144193296960249,0.09785025945144551,0.8626231207879731,0.32387990267335215,69,1217,0,66,0.9463452566096423,1283,LightGBM+RandomForest+AdaBoost_SMOTE+BalancedRandomForest+IsolationForest,5
0.07314682023911842,1.0,0.05144193296960249,0.09785025945144551,0.8607380178142231,0.32152595930995076,69,1217,0,66,0.9463452566096423,1283,XGBoost+RandomForest+AdaBoost_SMOTE+BalancedRandomForest+IsolationForest,5
0.07280373562219802,1.0,0.05144193296960249,0.09785025945144551,0.8599132852632074,0.3371224698202485,69,1217,0,66,0.9463452566096423,1283,XGBoost+LightGBM+AdaBoost_SMOTE+BalancedRandomForest+IsolationForest,5
0.09058334984973902,1.0,0.05144193296960249,0.09785025945144551,0.859465573306942,0.30217296893098855,69,1217,0,66,0.9463452566096423,1283,RandomForest+AdaBoost_SMOTE+BalancedRandomForest+IsolationForest,4
0.09199901282013291,1.0,0.05144193296960249,0.09785025945144551,0.8559663509119185,0.29160933830179164,69,1217,0,66,0.9463452566096423,1283,XGBoost_SMOTE+AdaBoost_SMOTE+BalancedRandomForest+IsolationForest,4
0.029190424642149312,1.0,0.05144193296960249,0.09785025945144551,0.8390711155096848,0.3069135605253585,69,1217,0,66,0.9463452566096423,1283,LightGBM+XGBoost_SMOTE+GradientBoosting_SMOTE+IsolationForest,4
0.06114466271905902,1.0,0.0514018691588785,0.09777777777777778,0.8644610961873793,0.3352484759412681,68,1218,0,66,0.9471228615863142,1284,LightGBM+RandomForest+ExtraTrees+AdaBoost_SMOTE+BalancedRandomForest+IsolationForest,6
0.07296667987979122,1.0,0.0514018691588785,0.09777777777777778,0.86321221546727,0.32738303204181735,68,1218,0,66,0.9471228615863142,1284,RandomForest+ExtraTrees+AdaBoost_SMOTE+BalancedRandomForest+IsolationForest,5
0.0728968202391184,1.0,0.0514018691588785,0.09777777777777778,0.861492059003723,0.3412905336482663,68,1218,0,66,0.9471228615863142,1284,XGBoost+ExtraTrees+AdaBoost_SMOTE+BalancedRandomForest+IsolationForest,5
0.022739789628269863,1.0,0.0514018691588785,0.09777777777777778,0.8447971157924502,0.32101729584568617,68,1218,0,66,0.9471228615863142,1284,XGBoost+XGBoost_SMOTE+RandomForest+ExtraTrees+IsolationForest,5
0.02385152852058109,1.0,0.0514018691588785,0.09777777777777778,0.8433950704557237,0.3203045167930085,68,1218,0,66,0.9471228615863142,1284,XGBoost+LightGBM+XGBoost_SMOTE+GradientBoosting_SMOTE+IsolationForest,5
0.02638448513619014,1.0,0.0514018691588785,0.09777777777777778,0.839212498232716,0.3114692658675013,68,1218,0,66,0.9471228615863142,1284,LightGBM+XGBoost_SMOTE+RandomForest+IsolationForest,4
0.029312631684545072,1.0,0.0514018691588785,0.09777777777777778,0.8383524200009426,0.3037820573257869,68,1218,0,66,0.9471228615863142,1284,XGBoost+XGBoost_SMOTE+GradientBoosting_SMOTE+IsolationForest,4
0.04345958611563102,1.0,0.0514018691588785,0.09777777777777778,0.7772750836514445,0.16903044845632198,68,1218,0,66,0.9471228615863142,1284,RandomForest+IsolationForest,2
0.027537511529955965,1.0,0.051361867704280154,0.09770540340488527,0.8386823130213489,0.315173680468816,67,1219,0,66,0.947900466562986,1285,LightGBM+RandomForest+GradientBoosting_SMOTE+IsolationForest,4
0.046765412340017715,1.0,0.05132192846034215,0.09763313609467456,0.8038314717941468,0.2188746869953501,66,1220,0,66,0.9486780715396579,1286,XGBoost_SMOTE+IsolationForest,2
0.09049602529889801,1.0,0.05128205128205128,0.0975609756097561,0.8581577831189029,0.325740818690373,65,1221,0,66,0.9494556765163297,1287,XGBoost+AdaBoost_SMOTE+BalancedRandomForest+IsolationForest,4
0.03184598018158686,1.0,0.05128205128205128,0.0975609756097561,0.8264055799048023,0.30556840804328,65,1221,0,66,0.9494556765163297,1287,LightGBM+XGBoost_SMOTE+IsolationForest,3
0.029642096031995732,1.0,0.05128205128205128,0.0975609756097561,0.8132923323436543,0.29116020747768684,65,1221,0,66,0.9494556765163297,1287,LightGBM+RandomForest+IsolationForest,3
0.049071465127549355,1.0,0.05128205128205128,0.0975609756097561,0.8015340025448889,0.22028411098334855,65,1221,0,66,0.9494556765163297,1287,GradientBoosting_SMOTE+IsolationForest,2
0.07691917223126205,1.0,0.05128205128205128,0.0975609756097561,0.5766412177765211,0.0544760853573753,65,1221,0,66,0.9494556765163297,1287,IsolationForest,1
0.07262359526287082,1.0,0.05124223602484472,0.09748892171344166,0.8629647957019652,0.34516866863416223,64,1222,0,66,0.9502332814930016,1288,LightGBM+ExtraTrees+AdaBoost_SMOTE+BalancedRandomForest+IsolationForest,5
0.09027084984973902,1.0,0.05124223602484472,0.09748892171344166,0.8605141618360903,0.3360243113155849,64,1222,0,66,0.9502332814930016,1288,ExtraTrees+AdaBoost_SMOTE+BalancedRandomForest+IsolationForest,4
0.039463144047993594,1.0,0.05124223602484472,0.09748892171344166,0.7658819925538433,0.25353641987378855,64,1222,0,66,0.9502332814930016,1288,LightGBM+IsolationForest,2
0.09015449407858853,1.0,0.05120248254460822,0.0974169741697417,0.8596894292850747,0.33101600826361555,63,1223,0,66,0.9510108864696734,1289,LightGBM+AdaBoost_SMOTE+BalancedRandomForest+IsolationForest,4
0.02252919803082641,1.0,0.05120248254460822,0.0974169741697417,0.8417456053536924,0.31952510167500564,63,1223,0,66,0.9510108864696734,1289,XGBoost+LightGBM+RandomForest+GradientBoosting_SMOTE+IsolationForest,5
0.021606776915813752,1.0,0.05116279069767442,0.09734513274336283,0.8418752061831378,0.31498701441130683,62,1224,0,66,0.9517884914463453,1290,XGBoost+LightGBM+XGBoost_SMOTE+RandomForest+IsolationForest,5
0.02765971857235173,1.0,0.05116279069767442,0.09734513274336283,0.8376101607050286,0.30578020101493447,62,1224,0,66,0.9517884914463453,1290,XGBoost+RandomForest+GradientBoosting_SMOTE+IsolationForest,4
0.03338334870660795,1.0,0.05116279069767442,0.09734513274336283,0.8250388802488337,0.31653543691732156,62,1224,0,66,0.9517884914463453,1290,LightGBM+GradientBoosting_SMOTE+IsolationForest,3
0.02650669217858591,1.0,0.05112316034082107,0.09727339719970524,0.8379871812997784,0.3056621500380194,61,1225,0,66,0.9525660964230172,1291,XGBoost+XGBoost_SMOTE+RandomForest+IsolationForest,4
0.11952779979965202,1.0,0.05108359133126935,0.09720176730486009,0.8522550544323484,0.269216643389581,60,1226,0,66,0.9533437013996889,1292,AdaBoost_SMOTE+BalancedRandomForest+IsolationForest,3
0.03200892290478121,1.0,0.05104408352668213,0.09713024282560706,0.8256279749281304,0.29623090907827604,59,1227,0,66,0.9541213063763608,1293,XGBoost+XGBoost_SMOTE+IsolationForest,3
0.02450847114476719,1.0,0.05100463678516229,0.09705882352941177,0.8332508600782318,0.31151430410965614,58,1228,0,66,0.9548989113530326,1294,XGBoost+LightGBM+XGBoost_SMOTE+IsolationForest,4
0.02980503875519008,1.0,0.05100463678516229,0.09705882352941177,0.8159314765069042,0.2915826293910969,58,1228,0,66,0.9548989113530326,1294,XGBoost+RandomForest+IsolationForest,3
0.025661497538533015,1.0,0.050965250965250966,0.09698750918442321,0.8342758848202084,0.3141811968470373,57,1229,0,66,0.9556765163297045,1295,XGBoost+LightGBM+GradientBoosting_SMOTE+IsolationForest,4
0.033546291429802304,1.0,0.050965250965250966,0.09698750918442321,0.8267001272444506,0.2990077518851589,57,1229,0,66,0.9556765163297045,1295,XGBoost+GradientBoosting_SMOTE+IsolationForest,3
0.022855558032573848,1.0,0.05092592592592592,0.09691629955947137,0.8246265139733258,0.30532840131136846,56,1230,0,66,0.9564541213063764,1296,XGBoost+LightGBM+RandomForest+IsolationForest,4
0.03970755813278512,1.0,0.05092592592592592,0.09691629955947137,0.7808685611951554,0.2651436496151767,56,1230,0,66,0.9564541213063764,1296,XGBoost+IsolationForest,2
0.027140744043431794,1.0,0.05088666152659985,0.09684519442406456,0.800779961355389,0.2986619003754914,55,1231,0,66,0.9572317262830482,1297,XGBoost+LightGBM+IsolationForest,3
0.023863233526748927,1.0,0.050808314087759814,0.0967032967032967,0.8567793015693483,0.32610855868116007,53,1233,0,66,0.9587869362363919,1299,XGBoost+LightGBM+XGBoost_SMOTE+RandomForest+ExtraTrees+GradientBoosting_SMOTE+BalancedRandomForest+IsolationForest,8
0.026981613042656196,1.0,0.050808314087759814,0.0967032967032967,0.8556011122107545,0.3208125591391505,53,1233,0,66,0.9587869362363919,1299,XGBoost+XGBoost_SMOTE+RandomForest+ExtraTrees+GradientBoosting_SMOTE+BalancedRandomForest+IsolationForest,7
0.029832202722069306,1.0,0.05076923076923077,0.09663250366032211,0.8545996512559499,0.32664395824458964,52,1234,0,66,0.9595645412130638,1300,XGBoost+LightGBM+RandomForest+GradientBoosting_SMOTE+BalancedRandomForest+IsolationForest,6
0.035391727883403556,1.0,0.05076923076923077,0.09663250366032211,0.8529619680475047,0.3184228145842263,52,1234,0,66,0.9595645412130638,1300,XGBoost+RandomForest+GradientBoosting_SMOTE+BalancedRandomForest+IsolationForest,5
0.025927602333202262,1.0,0.05073020753266718,0.09656181419166057,0.8563433715066686,0.33163974867474516,51,1235,0,66,0.9603421461897356,1301,XGBoost+LightGBM+RandomForest+ExtraTrees+GradientBoosting_SMOTE+BalancedRandomForest+IsolationForest,7
0.0269151240305702,1.0,0.05073020753266718,0.09656181419166057,0.8550237994250436,0.32071726433782777,51,1235,0,66,0.9603421461897356,1301,XGBoost+LightGBM+XGBoost_SMOTE+RandomForest+GradientBoosting_SMOTE+BalancedRandomForest+IsolationForest,7
0.03511850290715597,1.0,0.05073020753266718,0.09656181419166057,0.8550002356378718,0.3252877608933436,51,1235,0,66,0.9603421461897356,1301,LightGBM+RandomForest+GradientBoosting_SMOTE+BalancedRandomForest+IsolationForest,5
0.02990977323616963,1.0,0.05069124423963134,0.09649122807017543,0.8555539846364109,0.3282565682857086,50,1236,0,66,0.9611197511664075,1302,XGBoost+RandomForest+ExtraTrees+GradientBoosting_SMOTE+BalancedRandomForest+IsolationForest,6
0.030911764916992896,1.0,0.05069124423963134,0.09649122807017543,0.8552123097224186,0.31664932371053683,50,1236,0,66,0.9611197511664075,1302,XGBoost_SMOTE+RandomForest+ExtraTrees+GradientBoosting_SMOTE+BalancedRandomForest+IsolationForest,6
0.031061881883098896,1.0,0.05069124423963134,0.09649122807017543,0.8533389886422547,0.3082341063785837,50,1236,0,66,0.9611197511664075,1302,XGBoost+XGBoost_SMOTE+RandomForest+GradientBoosting_SMOTE+BalancedRandomForest+IsolationForest,6
0.029682085755963306,1.0,0.05065234075211052,0.09642074506939372,0.8569560299731372,0.33437068054943614,49,1237,0,66,0.9618973561430794,1303,LightGBM+RandomForest+ExtraTrees+GradientBoosting_SMOTE+BalancedRandomForest+IsolationForest,6
0.02678645234533649,1.0,0.05065234075211052,0.09642074506939372,0.8566261369527309,0.32231668394462604,49,1237,0,66,0.9618973561430794,1303,LightGBM+XGBoost_SMOTE+RandomForest+ExtraTrees+GradientBoosting_SMOTE+BalancedRandomForest+IsolationForest,7
0.026736552601998774,1.0,0.05065234075211052,0.09642074506939372,0.8557896225081295,0.329385928852816,49,1237,0,66,0.9618973561430794,1303,XGBoost+LightGBM+XGBoost_SMOTE+ExtraTrees+GradientBoosting_SMOTE+BalancedRandomForest+IsolationForest,7
0.030775978035665234,1.0,0.05065234075211052,0.09642074506939372,0.8535510627268014,0.32098713190010275,49,1237,0,66,0.9618973561430794,1303,XGBoost+LightGBM+XGBoost_SMOTE+GradientBoosting_SMOTE+BalancedRandomForest+IsolationForest,6
0.036524258259718674,1.0,0.05065234075211052,0.09642074506939372,0.8518780338375984,0.3093951534739441,49,1237,0,66,0.9618973561430794,1303,XGBoost+XGBoost_SMOTE+GradientBoosting_SMOTE+BalancedRandomForest+IsolationForest,5
0.030834194402892572,1.0,0.05061349693251534,0.09635036496350365,0.8549648899571138,0.31587464705293655,48,1238,0,66,0.9626749611197511,1304,LightGBM+XGBoost_SMOTE+RandomForest+GradientBoosting_SMOTE+BalancedRandomForest+IsolationForest,6
0.03625103328347108,1.0,0.05061349693251534,0.09635036496350365,0.8533507705358406,0.3158333060709161,48,1238,0,66,0.9626749611197511,1304,LightGBM+XGBoost_SMOTE+GradientBoosting_SMOTE+BalancedRandomForest+IsolationForest,5
0.03659411790039148,1.0,0.05061349693251534,0.09635036496350365,0.8524317828361374,0.3046739920396911,48,1238,0,66,0.9626749611197511,1304,XGBoost_SMOTE+RandomForest+GradientBoosting_SMOTE+BalancedRandomForest+IsolationForest,5
0.04338948440509545,1.0,0.05061349693251534,0.09635036496350365,0.8523728733682078,0.3094615959417326,48,1238,0,66,0.9626749611197511,1304,RandomForest+GradientBoosting_SMOTE+BalancedRandomForest+IsolationForest,4
0.030625861069559238,1.0,0.05057471264367816,0.0962800875273523,0.8556128941043405,0.323020241492096,47,1239,0,66,0.963452566096423,1305,LightGBM+XGBoost_SMOTE+ExtraTrees+GradientBoosting_SMOTE+BalancedRandomForest+IsolationForest,6
0.03521158752407636,1.0,0.05057471264367816,0.0962800875273523,0.8552594372967623,0.3244913261660933,47,1239,0,66,0.963452566096423,1305,RandomForest+ExtraTrees+GradientBoosting_SMOTE+BalancedRandomForest+IsolationForest,5
0.02962386938873597,1.0,0.05057471264367816,0.0962800875273523,0.855129836467317,0.3341969915518818,47,1239,0,66,0.963452566096423,1305,XGBoost+LightGBM+ExtraTrees+GradientBoosting_SMOTE+BalancedRandomForest+IsolationForest,6
0.03085354854976556,1.0,0.05057471264367816,0.0962800875273523,0.8545289598944342,0.3232113680183245,47,1239,0,66,0.963452566096423,1305,XGBoost+XGBoost_SMOTE+ExtraTrees+GradientBoosting_SMOTE+BalancedRandomForest+IsolationForest,6
0.03634411790039148,1.0,0.05057471264367816,0.0962800875273523,0.8536806635562468,0.3132085350191826,47,1239,0,66,0.963452566096423,1305,XGBoost_SMOTE+ExtraTrees+GradientBoosting_SMOTE+BalancedRandomForest+IsolationForest,5
0.035048643266483166,1.0,0.05057471264367816,0.0962800875273523,0.852891276685989,0.32577177202815144,47,1239,0,66,0.963452566096423,1305,XGBoost+LightGBM+GradientBoosting_SMOTE+BalancedRandomForest+IsolationForest,5
0.043302159854254445,1.0,0.05057471264367816,0.0962800875273523,0.8510415193929969,0.31561016586489216,47,1239,0,66,0.963452566096423,1305,XGBoost+GradientBoosting_SMOTE+BalancedRandomForest+IsolationForest,4
0.044805147375489345,1.0,0.05057471264367816,0.0962800875273523,0.849721947311372,0.28904507214740344,47,1239,0,66,0.963452566096423,1305,XGBoost_SMOTE+GradientBoosting_SMOTE+BalancedRandomForest+IsolationForest,4
0.03486850290715597,1.0,0.05053598774885146,0.09620991253644315,0.85567180357227,0.3382052593559412,46,1240,0,66,0.9642301710730948,1306,LightGBM+ExtraTrees+GradientBoosting_SMOTE+BalancedRandomForest+IsolationForest,5
0.04296062863394496,1.0,0.05053598774885146,0.09620991253644315,0.8529619680475046,0.3281689037977751,46,1240,0,66,0.9642301710730948,1306,LightGBM+GradientBoosting_SMOTE+BalancedRandomForest+IsolationForest,4
0.056602645873460596,1.0,0.05053598774885146,0.09620991253644315,0.8493802723973798,0.2970913834313148,46,1240,0,66,0.9642301710730948,1306,GradientBoosting_SMOTE+BalancedRandomForest+IsolationForest,3
0.035141727883403556,1.0,0.0504973221117062,0.09613983976693372,0.8543757952778172,0.3350249958807347,45,1241,0,66,0.9650077760497667,1307,XGBoost+ExtraTrees+GradientBoosting_SMOTE+BalancedRandomForest+IsolationForest,5
0.03885504284463395,1.0,0.0504973221117062,0.09613983976693372,0.8503228238842546,0.32222292517352014,45,1241,0,66,0.9650077760497667,1307,LightGBM+RandomForest+BalancedRandomForest+IsolationForest,4
0.07481779723156887,1.0,0.0504973221117062,0.09613983976693372,0.8366676092181535,0.23706695147330828,45,1241,0,66,0.9650077760497667,1307,BalancedRandomForest+IsolationForest,2
0.04307698440509545,1.0,0.05045871559633028,0.09606986899563319,0.8539752108958952,0.3235014608104698,44,1242,0,66,0.9657853810264385,1308,ExtraTrees+GradientBoosting_SMOTE+BalancedRandomForest+IsolationForest,4
0.03158403427570716,1.0,0.05045871559633028,0.09606986899563319,0.853822046279278,0.3371470823381383,44,1242,0,66,0.9657853810264385,1308,LightGBM+RandomForest+ExtraTrees+BalancedRandomForest+IsolationForest,5
0.038971398615784435,1.0,0.05045871559633028,0.09606986899563319,0.8515010132428483,0.328829022839525,44,1242,0,66,0.9657853810264385,1308,RandomForest+ExtraTrees+BalancedRandomForest+IsolationForest,4
0.03176417463503436,1.0,0.05045871559633028,0.09606986899563319,0.8506644987982468,0.32326542207733916,44,1242,0,66,0.9657853810264385,1308,XGBoost+LightGBM+RandomForest+BalancedRandomForest+IsolationForest,5
0.05112853148771258,1.0,0.05045871559633028,0.09606986899563319,0.846505490362411,0.299417704901992,44,1242,0,66,0.9657853810264385,1308,RandomForest+BalancedRandomForest+IsolationForest,3
0.03919657406494343,1.0,0.05042016806722689,0.096,0.848579103633536,0.3169182174624245,43,1243,0,66,0.9665629860031104,1309,XGBoost+RandomForest+BalancedRandomForest+IsolationForest,4
0.05055672379284526,1.0,0.05042016806722689,0.096,0.8467646920213017,0.3292259131529807,43,1243,0,66,0.9665629860031104,1309,LightGBM+BalancedRandomForest+IsolationForest,3
0.051012098753257906,1.0,0.05042016806722689,0.096,0.8450798812385126,0.3215619117756335,43,1243,0,66,0.9665629860031104,1309,XGBoost+BalancedRandomForest+IsolationForest,3
0.026886812195861965,1.0,0.050381679389312976,0.09593023255813954,0.8532211697063952,0.3336657558638829,42,1244,0,66,0.9673405909797823,1310,XGBoost+LightGBM+RandomForest+ExtraTrees+BalancedRandomForest+IsolationForest,6
0.050711864821045914,1.0,0.050381679389312976,0.09593023255813954,0.8482138649323719,0.3282268815187624,42,1244,0,66,0.9673405909797823,1310,ExtraTrees+BalancedRandomForest+IsolationForest,3
0.03876771829379294,1.0,0.050381679389312976,0.09593023255813954,0.8477543710825204,0.3307079333261318,42,1244,0,66,0.9673405909797823,1310,XGBoost+LightGBM+BalancedRandomForest+IsolationForest,4
0.02439050357953534,1.0,0.05034324942791762,0.09586056644880174,0.855330128658278,0.32978281764758083,41,1245,0,66,0.9681181959564541,1311,XGBoost+LightGBM+XGBoost_SMOTE+RandomForest+ExtraTrees+BalancedRandomForest+IsolationForest,7
0.03185725925195475,1.0,0.05034324942791762,0.09586056644880174,0.8523493095810358,0.3338390835093965,41,1245,0,66,0.9681181959564541,1311,XGBoost+RandomForest+ExtraTrees+BalancedRandomForest+IsolationForest,5
0.038542542844633945,1.0,0.05034324942791762,0.09586056644880174,0.8517484330081531,0.3417540048687995,41,1245,0,66,0.9681181959564541,1311,LightGBM+ExtraTrees+BalancedRandomForest+IsolationForest,4
0.04069956158617833,1.0,0.05034324942791762,0.09586056644880174,0.8511946840096141,0.3035283254435722,41,1245,0,66,0.9681181959564541,1311,XGBoost_SMOTE+RandomForest+BalancedRandomForest+IsolationForest,4
0.02788880387668523,1.0,0.05030487804878049,0.09579100145137881,0.8560723879541918,0.3288617170730031,40,1246,0,66,0.968895800933126,1312,LightGBM+XGBoost_SMOTE+RandomForest+ExtraTrees+BalancedRandomForest+IsolationForest,6
0.03305964926894266,1.0,0.05030487804878049,0.09579100145137881,0.8544582685329187,0.32222909476084083,40,1246,0,66,0.968895800933126,1312,XGBoost_SMOTE+RandomForest+ExtraTrees+BalancedRandomForest+IsolationForest,5
0.03151417463503435,1.0,0.05030487804878049,0.09579100145137881,0.851359630519817,0.33226444296813057,40,1246,0,66,0.968895800933126,1312,XGBoost+LightGBM+ExtraTrees+BalancedRandomForest+IsolationForest,5
0.03888407406494343,1.0,0.05030487804878049,0.09579100145137881,0.8499575851830906,0.3333960989841978,40,1246,0,66,0.968895800933126,1312,XGBoost+ExtraTrees+BalancedRandomForest+IsolationForest,4
0.027830587509457893,1.0,0.05026656511805026,0.09572153734590283,0.8542579763419577,0.3293215547213926,39,1247,0,66,0.9696734059097978,1313,XGBoost+LightGBM+XGBoost_SMOTE+ExtraTrees+BalancedRandomForest+IsolationForest,6
0.02811649135689155,1.0,0.05026656511805026,0.09572153734590283,0.8541637211932702,0.32386350630836325,39,1247,0,66,0.9696734059097978,1313,XGBoost+XGBoost_SMOTE+RandomForest+ExtraTrees+BalancedRandomForest+IsolationForest,6
0.03296656465202228,1.0,0.05026656511805026,0.09572153734590283,0.854022338470239,0.3218522804187278,39,1247,0,66,0.9696734059097978,1313,LightGBM+XGBoost_SMOTE+RandomForest+BalancedRandomForest+IsolationForest,5
0.02803892084279123,1.0,0.05026656511805026,0.09572153734590283,0.8531740421320515,0.32121858529192243,39,1247,0,66,0.9696734059097978,1313,XGBoost+LightGBM+XGBoost_SMOTE+RandomForest+BalancedRandomForest+IsolationForest,6
0.04038706158617833,1.0,0.05026656511805026,0.09572153734590283,0.8522668363259343,0.31517990447206023,39,1247,0,66,0.9696734059097978,1313,XGBoost_SMOTE+ExtraTrees+BalancedRandomForest+IsolationForest,4
0.03271656465202227,1.0,0.0502283105022831,0.09565217391304348,0.8542697582355436,0.3306274840178774,38,1248,0,66,0.9704510108864697,1314,LightGBM+XGBoost_SMOTE+ExtraTrees+BalancedRandomForest+IsolationForest,5
0.03298978962826986,1.0,0.0502283105022831,0.09565217391304348,0.8528559310052312,0.3272190504376153,38,1248,0,66,0.9704510108864697,1314,XGBoost+XGBoost_SMOTE+ExtraTrees+BalancedRandomForest+IsolationForest,5
0.03323978962826986,1.0,0.0502283105022831,0.09565217391304348,0.851771996795325,0.31347365663270754,38,1248,0,66,0.9704510108864697,1314,XGBoost+XGBoost_SMOTE+RandomForest+BalancedRandomForest+IsolationForest,5
0.04027070581502784,1.0,0.0502283105022831,0.09565217391304348,0.8517013054338093,0.3224259028621526,38,1248,0,66,0.9704510108864697,1314,LightGBM+XGBoost_SMOTE+BalancedRandomForest+IsolationForest,4
0.03289670501134947,1.0,0.0502283105022831,0.09565217391304348,0.851571704604364,0.3215923385611264,38,1248,0,66,0.9704510108864697,1314,XGBoost+LightGBM+XGBoost_SMOTE+BalancedRandomForest+IsolationForest,5
0.040612237035337326,1.0,0.0502283105022831,0.09565217391304348,0.8498279843536454,0.31428836659092485,38,1248,0,66,0.9704510108864697,1314,XGBoost+XGBoost_SMOTE+BalancedRandomForest+IsolationForest,4
0.05301608211490444,1.0,0.050190114068441066,0.09558291093410572,0.8467293463405439,0.28057950115345626,37,1249,0,66,0.9712286158631416,1315,XGBoost_SMOTE+BalancedRandomForest+IsolationForest,3
7.593839104466468e-21,1.0,0.04907063197026022,0.09355067328136074,0.8296573825345209,0.22963644330003413,7,1279,0,66,0.994556765163297,1345,LogisticRegression,1
